void_fraction,correlation_length_nm,haze_100um,haze_200um
0.002,2,3.55354e-05,7.10708e-05
0.00449057,2,7.95882e-05,0.000159176
0.00698113,2,0.00012342,0.000246841
0.0094717,2,0.000167032,0.000334064
0.0119623,2,0.000210423,0.000420846
0.0144528,2,0.000253593,0.000507186
0.0169434,2,0.000296543,0.000593086
0.019434,2,0.000339272,0.000678544
0.0219245,2,0.000381781,0.000763561
0.0244151,2,0.000424069,0.000848137
0.0269057,2,0.000466136,0.000932272
0.0293962,2,0.000507983,0.00101597
0.0318868,2,0.000549609,0.00109922
0.0343774,2,0.000591015,0.00118203
0.0368679,2,0.0006322,0.0012644
0.0393585,2,0.000673164,0.00134633
0.0418491,2,0.000713908,0.00142781
0.0443396,2,0.000754431,0.00150886
0.0468302,2,0.000794733,0.00158946
0.0493208,2,0.000834815,0.00166963
0.0518113,2,0.000874676,0.00174935
0.0543019,2,0.000914317,0.00182863
0.0567925,2,0.000953737,0.00190747
0.059283,2,0.000992936,0.00198587
0.0617736,2,0.00103191,0.00206382
0.0642642,2,0.00107067,0.00214134
0.0667547,2,0.00110921,0.00221841
0.0692453,2,0.00114753,0.00229505
0.0717358,2,0.00118562,0.00237124
0.0742264,2,0.0012235,0.00244699
0.076717,2,0.00126115,0.0025223
0.0792075,2,0.00129859,0.00259717
0.0816981,2,0.0013358,0.00267159
0.0841887,2,0.00137279,0.00274558
0.0866792,2,0.00140957,0.00281912
0.0891698,2,0.00144612,0.00289222
0.0916604,2,0.00148245,0.00296488
0.0941509,2,0.00151856,0.0030371
0.0966415,2,0.00155445,0.00310888
0.0991321,2,0.00159012,0.00318022
0.101623,2,0.00162556,0.00325111
0.104113,2,0.00166079,0.00332157
0.106604,2,0.0016958,0.00339158
0.109094,2,0.00173058,0.00346115
0.111585,2,0.00176515,0.00353028
0.114075,2,0.0017995,0.00359897
0.116566,2,0.00183362,0.00366722
0.119057,2,0.00186752,0.00373502
0.121547,2,0.00190121,0.00380239
0.124038,2,0.00193467,0.00386931
0.126528,2,0.00196791,0.00393579
0.129019,2,0.00200093,0.00400183
0.131509,2,0.00203373,0.00406743
0.134,2,0.00206631,0.00413259
0.136491,2,0.00209867,0.00419731
0.138981,2,0.00213081,0.00426158
0.141472,2,0.00216272,0.00432541
0.143962,2,0.00219442,0.00438881
0.146453,2,0.00222589,0.00445176
0.148943,2,0.00225715,0.00451426
0.151434,2,0.00228818,0.00457633
0.153925,2,0.002319,0.00463796
0.156415,2,0.00234959,0.00469914
0.158906,2,0.00237996,0.00475989
0.161396,2,0.00241011,0.00482019
0.163887,2,0.00244004,0.00488005
0.166377,2,0.00246975,0.00493947
0.168868,2,0.00249924,0.00499844
0.171358,2,0.00252851,0.00505698
0.173849,2,0.00255756,0.00511507
0.17634,2,0.00258639,0.00517273
0.17883,2,0.00261499,0.00522994
0.181321,2,0.00264338,0.00528671
0.183811,2,0.00267154,0.00534304
0.186302,2,0.00269949,0.00539892
0.188792,2,0.00272721,0.00545437
0.191283,2,0.00275471,0.00550937
0.193774,2,0.002782,0.00556393
0.196264,2,0.00280906,0.00561805
0.198755,2,0.0028359,0.00567173
0.002,2.10088,4.11789e-05,8.23578e-05
0.00449057,2.10088,9.22279e-05,0.000184456
0.00698113,2.10088,0.000143021,0.000286043
0.0094717,2.10088,0.000193559,0.000387118
0.0119623,2.10088,0.000243841,0.000487682
0.0144528,2.10088,0.000293868,0.000587736
0.0169434,2.10088,0.000343639,0.000687277
0.019434,2.10088,0.000393154,0.000786308
0.0219245,2.10088,0.000442414,0.000884827
0.0244151,2.10088,0.000491418,0.000982836
0.0269057,2.10088,0.000540167,0.00108033
0.0293962,2.10088,0.00058866,0.00117732
0.0318868,2.10088,0.000636897,0.00127379
0.0343774,2.10088,0.000684879,0.00136976
0.0368679,2.10088,0.000732605,0.00146521
0.0393585,2.10088,0.000780075,0.00156015
0.0418491,2.10088,0.00082729,0.00165458
0.0443396,2.10088,0.000874249,0.00174849
0.0468302,2.10088,0.000920953,0.0018419
0.0493208,2.10088,0.000967401,0.0019348
0.0518113,2.10088,0.00101359,0.00202718
0.0543019,2.10088,0.00105953,0.00211905
0.0567925,2.10088,0.00110521,0.00221041
0.059283,2.10088,0.00115064,0.00230126
0.0617736,2.10088,0.00119581,0.0023916
0.0642642,2.10088,0.00124072,0.00248143
0.0667547,2.10088,0.00128538,0.00257075
0.0692453,2.10088,0.00132978,0.00265955
0.0717358,2.10088,0.00137393,0.00274784
0.0742264,2.10088,0.00141782,0.00283563
0.076717,2.10088,0.00146145,0.0029229
0.0792075,2.10088,0.00150483,0.00300966
0.0816981,2.10088,0.00154796,0.0030959
0.0841887,2.10088,0.00159083,0.00318164
0.0866792,2.10088,0.00163344,0.00326687
0.0891698,2.10088,0.0016758,0.00335158
0.0916604,2.10088,0.0017179,0.00343578
0.0941509,2.10088,0.00175975,0.00351947
0.0966415,2.10088,0.00180134,0.00360265
0.0991321,2.10088,0.00184267,0.00368532
0.101623,2.10088,0.00188375,0.00376748
0.104113,2.10088,0.00192457,0.00384912
0.106604,2.10088,0.00196514,0.00393025
0.109094,2.10088,0.00200545,0.00401088
0.111585,2.10088,0.00204551,0.00409099
0.114075,2.10088,0.00208531,0.00417059
0.116566,2.10088,0.00212485,0.00424967
0.119057,2.10088,0.00216414,0.00432825
0.121547,2.10088,0.00220318,0.00440631
0.124038,2.10088,0.00224195,0.00448387
0.126528,2.10088,0.00228047,0.00456091
0.129019,2.10088,0.00231874,0.00463744
0.131509,2.10088,0.00235675,0.00471346
0.134,2.10088,0.00239451,0.00478897
0.136491,2.10088,0.002432,0.00486396
0.138981,2.10088,0.00246925,0.00493845
0.141472,2.10088,0.00250623,0.00501242
0.143962,2.10088,0.00254297,0.00508588
0.146453,2.10088,0.00257944,0.00515883
0.148943,2.10088,0.00261566,0.00523127
0.151434,2.10088,0.00265163,0.0053032
0.153925,2.10088,0.00268734,0.00537461
0.156415,2.10088,0.00272279,0.00544552
0.158906,2.10088,0.00275799,0.00551591
0.161396,2.10088,0.00279293,0.00558579
0.163887,2.10088,0.00282761,0.00565516
0.166377,2.10088,0.00286204,0.00572402
0.168868,2.10088,0.00289622,0.00579236
0.171358,2.10088,0.00293014,0.0058602
0.173849,2.10088,0.0029638,0.00592752
0.17634,2.10088,0.0029972,0.00599433
0.17883,2.10088,0.00303036,0.00606063
0.181321,2.10088,0.00306325,0.00612642
0.183811,2.10088,0.00309589,0.0061917
0.186302,2.10088,0.00312827,0.00625646
0.188792,2.10088,0.0031604,0.00632072
0.191283,2.10088,0.00319227,0.00638446
0.193774,2.10088,0.00322389,0.00644769
0.196264,2.10088,0.00325525,0.00651041
0.198755,2.10088,0.00328636,0.00657261
0.002,2.20684,4.77176e-05,9.54352e-05
0.00449057,2.20684,0.000106873,0.000213745
0.00698113,2.20684,0.000165731,0.000331463
0.0094717,2.20684,0.000224294,0.000448588
0.0119623,2.20684,0.000282561,0.000565121
0.0144528,2.20684,0.000340531,0.000681061
0.0169434,2.20684,0.000398205,0.000796409
0.019434,2.20684,0.000455583,0.000911165
0.0219245,2.20684,0.000512665,0.00102533
0.0244151,2.20684,0.000569451,0.0011389
0.0269057,2.20684,0.00062594,0.00125188
0.0293962,2.20684,0.000682134,0.00136427
0.0318868,2.20684,0.000738031,0.00147606
0.0343774,2.20684,0.000793632,0.00158726
0.0368679,2.20684,0.000848937,0.00169787
0.0393585,2.20684,0.000903946,0.00180789
0.0418491,2.20684,0.000958658,0.00191731
0.0443396,2.20684,0.00101307,0.00202614
0.0468302,2.20684,0.00106719,0.00213438
0.0493208,2.20684,0.00112102,0.00224203
0.0518113,2.20684,0.00117455,0.00234908
0.0543019,2.20684,0.00122778,0.00245555
0.0567925,2.20684,0.00128071,0.00256142
0.059283,2.20684,0.00133335,0.00266669
0.0617736,2.20684,0.00138569,0.00277138
0.0642642,2.20684,0.00143774,0.00287547
0.0667547,2.20684,0.00148949,0.00297897
0.0692453,2.20684,0.00154095,0.00308188
0.0717358,2.20684,0.0015921,0.00318419
0.0742264,2.20684,0.00164297,0.00328591
0.076717,2.20684,0.00169353,0.00338704
0.0792075,2.20684,0.0017438,0.00348758
0.0816981,2.20684,0.00179377,0.00358752
0.0841887,2.20684,0.00184345,0.00368688
0.0866792,2.20684,0.00189283,0.00378564
0.0891698,2.20684,0.00194192,0.0038838
0.0916604,2.20684,0.0019907,0.00398138
0.0941509,2.20684,0.00203919,0.00407836
0.0966415,2.20684,0.00208739,0.00417475
0.0991321,2.20684,0.00213529,0.00427054
0.101623,2.20684,0.00218289,0.00436575
0.104113,2.20684,0.0022302,0.00446036
0.106604,2.20684,0.00227721,0.00455438
0.109094,2.20684,0.00232392,0.0046478
0.111585,2.20684,0.00237034,0.00474064
0.114075,2.20684,0.00241646,0.00483288
0.116566,2.20684,0.00246229,0.00492453
0.119057,2.20684,0.00250782,0.00501558
0.121547,2.20684,0.00255305,0.00510604
0.124038,2.20684,0.00259799,0.00519592
0.126528,2.20684,0.00264263,0.00528519
0.129019,2.20684,0.00268697,0.00537388
0.131509,2.20684,0.00273102,0.00546197
0.134,2.20684,0.00277477,0.00554947
0.136491,2.20684,0.00281822,0.00563638
0.138981,2.20684,0.00286138,0.00572269
0.141472,2.20684,0.00290425,0.00580841
0.143962,2.20684,0.00294681,0.00589354
0.146453,2.20684,0.00298908,0.00597808
0.148943,2.20684,0.00303105,0.00606202
0.151434,2.20684,0.00307273,0.00614537
0.153925,2.20684,0.00311411,0.00622813
0.156415,2.20684,0.0031552,0.0063103
0.158906,2.20684,0.00319598,0.00639187
0.161396,2.20684,0.00323648,0.00647285
0.163887,2.20684,0.00327667,0.00655323
0.166377,2.20684,0.00331657,0.00663303
0.168868,2.20684,0.00335617,0.00671223
0.171358,2.20684,0.00339548,0.00679084
0.173849,2.20684,0.00343449,0.00686886
0.17634,2.20684,0.0034732,0.00694628
0.17883,2.20684,0.00351162,0.00702311
0.181321,2.20684,0.00354974,0.00709935
0.183811,2.20684,0.00358756,0.00717499
0.186302,2.20684,0.00362509,0.00725004
0.188792,2.20684,0.00366232,0.0073245
0.191283,2.20684,0.00369926,0.00739837
0.193774,2.20684,0.0037359,0.00747164
0.196264,2.20684,0.00377224,0.00754432
0.198755,2.20684,0.00380828,0.00761641
0.002,2.31815,5.52931e-05,0.000110586
0.00449057,2.31815,0.000123839,0.000247679
0.00698113,2.31815,0.000192043,0.000384085
0.0094717,2.31815,0.000259903,0.000519805
0.0119623,2.31815,0.000327419,0.000654838
0.0144528,2.31815,0.000394593,0.000789186
0.0169434,2.31815,0.000461424,0.000922847
0.019434,2.31815,0.000527912,0.00105582
0.0219245,2.31815,0.000594056,0.00118811
0.0244151,2.31815,0.000659857,0.00131971
0.0269057,2.31815,0.000725315,0.00145063
0.0293962,2.31815,0.00079043,0.00158086
0.0318868,2.31815,0.000855202,0.0017104
0.0343774,2.31815,0.000919631,0.00183926
0.0368679,2.31815,0.000983716,0.00196743
0.0393585,2.31815,0.00104746,0.00209491
0.0418491,2.31815,0.00111086,0.00222171
0.0443396,2.31815,0.00117391,0.00234782
0.0468302,2.31815,0.00123663,0.00247324
0.0493208,2.31815,0.001299,0.00259798
0.0518113,2.31815,0.00136102,0.00272203
0.0543019,2.31815,0.00142271,0.0028454
0.0567925,2.31815,0.00148405,0.00296808
0.059283,2.31815,0.00154504,0.00309007
0.0617736,2.31815,0.0016057,0.00321137
0.0642642,2.31815,0.00166601,0.00333199
0.0667547,2.31815,0.00172598,0.00345193
0.0692453,2.31815,0.0017856,0.00357117
0.0717358,2.31815,0.00184488,0.00368973
0.0742264,2.31815,0.00190382,0.00380761
0.076717,2.31815,0.00196241,0.00392479
0.0792075,2.31815,0.00202066,0.00404129
0.0816981,2.31815,0.00207857,0.00415711
0.0841887,2.31815,0.00213614,0.00427223
0.0866792,2.31815,0.00219336,0.00438667
0.0891698,2.31815,0.00225024,0.00450043
0.0916604,2.31815,0.00230677,0.00461349
0.0941509,2.31815,0.00236296,0.00472587
0.0966415,2.31815,0.00241881,0.00483757
0.0991321,2.31815,0.00247432,0.00494858
0.101623,2.31815,0.00252948,0.0050589
0.104113,2.31815,0.0025843,0.00516853
0.106604,2.31815,0.00263877,0.00527748
0.109094,2.31815,0.0026929,0.00538574
0.111585,2.31815,0.00274669,0.00549331
0.114075,2.31815,0.00280014,0.0056002
0.116566,2.31815,0.00285324,0.0057064
0.119057,2.31815,0.002906,0.00581191
0.121547,2.31815,0.00295841,0.00591674
0.124038,2.31815,0.00301049,0.00602088
0.126528,2.31815,0.00306222,0.00612434
0.129019,2.31815,0.0031136,0.0062271
0.131509,2.31815,0.00316464,0.00632918
0.134,2.31815,0.00321534,0.00643058
0.136491,2.31815,0.0032657,0.00653129
0.138981,2.31815,0.00331571,0.00663131
0.141472,2.31815,0.00336538,0.00673064
0.143962,2.31815,0.00341471,0.00682929
0.146453,2.31815,0.00346369,0.00692725
0.148943,2.31815,0.00351233,0.00702452
0.151434,2.31815,0.00356062,0.00712111
0.153925,2.31815,0.00360858,0.00721701
0.156415,2.31815,0.00365618,0.00731222
0.158906,2.31815,0.00370345,0.00740674
0.161396,2.31815,0.00375037,0.00750058
0.163887,2.31815,0.00379695,0.00759374
0.166377,2.31815,0.00384319,0.0076862
0.168868,2.31815,0.00388908,0.00777798
0.171358,2.31815,0.00393463,0.00786907
0.173849,2.31815,0.00397983,0.00795948
0.17634,2.31815,0.00402469,0.0080492
0.17883,2.31815,0.00406921,0.00813823
0.181321,2.31815,0.00411339,0.00822657
0.183811,2.31815,0.00415722,0.00831423
0.186302,2.31815,0.00420071,0.0084012
0.188792,2.31815,0.00424385,0.00848748
0.191283,2.31815,0.00428665,0.00857308
0.193774,2.31815,0.00432911,0.00865799
0.196264,2.31815,0.00437123,0.00874222
0.198755,2.31815,0.004413,0.00882575
0.002,2.43508,6.40695e-05,0.000128139
0.00449057,2.43508,0.000143496,0.000286991
0.00698113,2.43508,0.000222524,0.000445049
0.0094717,2.43508,0.000301156,0.000602311
0.0119623,2.43508,0.000379389,0.000758778
0.0144528,2.43508,0.000457226,0.00091445
0.0169434,2.43508,0.000534664,0.00106933
0.019434,2.43508,0.000611705,0.00122341
0.0219245,2.43508,0.000688349,0.00137669
0.0244151,2.43508,0.000764595,0.00152919
0.0269057,2.43508,0.000840444,0.00168088
0.0293962,2.43508,0.000915895,0.00183178
0.0318868,2.43508,0.000990948,0.00198189
0.0343774,2.43508,0.0010656,0.0021312
0.0368679,2.43508,0.00113986,0.00227971
0.0393585,2.43508,0.00121372,0.00242743
0.0418491,2.43508,0.00128719,0.00257436
0.0443396,2.43508,0.00136025,0.00272049
0.0468302,2.43508,0.00143292,0.00286582
0.0493208,2.43508,0.00150519,0.00301036
0.0518113,2.43508,0.00157706,0.0031541
0.0543019,2.43508,0.00164854,0.00329705
0.0567925,2.43508,0.00171961,0.0034392
0.059283,2.43508,0.00179029,0.00358056
0.0617736,2.43508,0.00186058,0.00372112
0.0642642,2.43508,0.00193046,0.00386089
0.0667547,2.43508,0.00199995,0.00399986
0.0692453,2.43508,0.00206904,0.00413804
0.0717358,2.43508,0.00213773,0.00427542
0.0742264,2.43508,0.00220602,0.004412
0.076717,2.43508,0.00227392,0.00454779
0.0792075,2.43508,0.00234142,0.00468278
0.0816981,2.43508,0.00240852,0.00481698
0.0841887,2.43508,0.00247522,0.00495038
0.0866792,2.43508,0.00254153,0.00508299
0.0891698,2.43508,0.00260744,0.0052148
0.0916604,2.43508,0.00267295,0.00534582
0.0941509,2.43508,0.00273806,0.00547604
0.0966415,2.43508,0.00280277,0.00560547
0.0991321,2.43508,0.00286709,0.0057341
0.101623,2.43508,0.00293101,0.00586193
0.104113,2.43508,0.00299453,0.00598897
0.106604,2.43508,0.00305766,0.00611521
0.109094,2.43508,0.00312038,0.00624066
0.111585,2.43508,0.00318271,0.00636531
0.114075,2.43508,0.00324464,0.00648917
0.116566,2.43508,0.00330618,0.00661223
0.119057,2.43508,0.00336731,0.00673449
0.121547,2.43508,0.00342805,0.00685596
0.124038,2.43508,0.00348839,0.00697663
0.126528,2.43508,0.00354833,0.00709651
0.129019,2.43508,0.00360787,0.00721559
0.131509,2.43508,0.00366702,0.00733388
0.134,2.43508,0.00372577,0.00745137
0.136491,2.43508,0.00378412,0.00756807
0.138981,2.43508,0.00384207,0.00768396
0.141472,2.43508,0.00389963,0.00779907
0.143962,2.43508,0.00395679,0.00791338
0.146453,2.43508,0.00401355,0.00802689
0.148943,2.43508,0.00406991,0.0081396
0.151434,2.43508,0.00412587,0.00825153
0.153925,2.43508,0.00418144,0.00836265
0.156415,2.43508,0.00423661,0.00847298
0.158906,2.43508,0.00429138,0.00858251
0.161396,2.43508,0.00434575,0.00869125
0.163887,2.43508,0.00439973,0.00879919
0.166377,2.43508,0.0044533,0.00890634
0.168868,2.43508,0.00450648,0.00901269
0.171358,2.43508,0.00455926,0.00911824
0.173849,2.43508,0.00461165,0.009223
0.17634,2.43508,0.00466363,0.00932696
0.17883,2.43508,0.00471522,0.00943013
0.181321,2.43508,0.00476641,0.0095325
0.183811,2.43508,0.0048172,0.00963408
0.186302,2.43508,0.0048676,0.00973486
0.188792,2.43508,0.00491759,0.00983484
0.191283,2.43508,0.00496719,0.00993403
0.193774,2.43508,0.00501639,0.0100324
0.196264,2.43508,0.00506519,0.01013
0.198755,2.43508,0.0051136,0.0102268
0.002,2.5579,7.42365e-05,0.000148473
0.00449057,2.5579,0.000166267,0.000332533
0.00698113,2.5579,0.000257837,0.000515673
0.0094717,2.5579,0.000348946,0.000697891
0.0119623,2.5579,0.000439595,0.000879188
0.0144528,2.5579,0.000529783,0.00105956
0.0169434,2.5579,0.000619511,0.00123902
0.019434,2.5579,0.000708778,0.00141755
0.0219245,2.5579,0.000797584,0.00159516
0.0244151,2.5579,0.00088593,0.00177185
0.0269057,2.5579,0.000973816,0.00194762
0.0293962,2.5579,0.00106124,0.00212247
0.0318868,2.5579,0.00114821,0.0022964
0.0343774,2.5579,0.00123471,0.0024694
0.0368679,2.5579,0.00132075,0.00264149
0.0393585,2.5579,0.00140633,0.00281265
0.0418491,2.5579,0.00149146,0.00298289
0.0443396,2.5579,0.00157612,0.00315221
0.0468302,2.5579,0.00166032,0.00332061
0.0493208,2.5579,0.00174406,0.00348809
0.0518113,2.5579,0.00182734,0.00365464
0.0543019,2.5579,0.00191016,0.00382028
0.0567925,2.5579,0.00199251,0.00398499
0.059283,2.5579,0.00207441,0.00414878
0.0617736,2.5579,0.00215585,0.00431165
0.0642642,2.5579,0.00223682,0.0044736
0.0667547,2.5579,0.00231734,0.00463462
0.0692453,2.5579,0.0023974,0.00479473
0.0717358,2.5579,0.00247699,0.00495391
0.0742264,2.5579,0.00255612,0.00511217
0.076717,2.5579,0.0026348,0.00526951
0.0792075,2.5579,0.00271301,0.00542593
0.0816981,2.5579,0.00279076,0.00558143
0.0841887,2.5579,0.00286805,0.005736
0.0866792,2.5579,0.00294488,0.00588966
0.0891698,2.5579,0.00302125,0.00604239
0.0916604,2.5579,0.00309716,0.0061942
0.0941509,2.5579,0.0031726,0.00634508
0.0966415,2.5579,0.00324759,0.00649505
0.0991321,2.5579,0.00332212,0.0066441
0.101623,2.5579,0.00339618,0.00679222
0.104113,2.5579,0.00346979,0.00693942
0.106604,2.5579,0.00354293,0.0070857
0.109094,2.5579,0.00361561,0.00723106
0.111585,2.5579,0.00368783,0.00737549
0.114075,2.5579,0.0037596,0.007519
0.116566,2.5579,0.0038309,0.0076616
0.119057,2.5579,0.00390174,0.00780327
0.121547,2.5579,0.00397211,0.00794401
0.124038,2.5579,0.00404203,0.00808384
0.126528,2.5579,0.00411149,0.00822275
0.129019,2.5579,0.00418049,0.00836073
0.131509,2.5579,0.00424902,0.00849779
0.134,2.5579,0.0043171,0.00863393
0.136491,2.5579,0.00438471,0.00876914
0.138981,2.5579,0.00445186,0.00890344
0.141472,2.5579,0.00451855,0.00903681
0.143962,2.5579,0.00458479,0.00916926
0.146453,2.5579,0.00465056,0.00930079
0.148943,2.5579,0.00471586,0.0094314
0.151434,2.5579,0.00478071,0.00956108
0.153925,2.5579,0.0048451,0.00968985
0.156415,2.5579,0.00490903,0.00981769
0.158906,2.5579,0.00497249,0.00994461
0.161396,2.5579,0.0050355,0.0100706
0.163887,2.5579,0.00509804,0.0101957
0.166377,2.5579,0.00516012,0.0103198
0.168868,2.5579,0.00522175,0.0104431
0.171358,2.5579,0.00528291,0.0105654
0.173849,2.5579,0.00534361,0.0106868
0.17634,2.5579,0.00540385,0.0108072
0.17883,2.5579,0.00546362,0.0109268
0.181321,2.5579,0.00552294,0.0110454
0.183811,2.5579,0.0055818,0.0111631
0.186302,2.5579,0.00564019,0.0112799
0.188792,2.5579,0.00569813,0.0113957
0.191283,2.5579,0.0057556,0.0115106
0.193774,2.5579,0.00581261,0.0116247
0.196264,2.5579,0.00586916,0.0117377
0.198755,2.5579,0.00592525,0.0118499
0.002,2.68692,8.6014e-05,0.000172028
0.00449057,2.68692,0.000192645,0.000385289
0.00698113,2.68692,0.000298742,0.000597483
0.0094717,2.68692,0.000404306,0.000808611
0.0119623,2.68692,0.000509336,0.00101867
0.0144528,2.68692,0.000613833,0.00122766
0.0169434,2.68692,0.000717796,0.00143559
0.019434,2.68692,0.000821226,0.00164245
0.0219245,2.68692,0.000924123,0.00184824
0.0244151,2.68692,0.00102649,0.00205296
0.0269057,2.68692,0.00112831,0.00225662
0.0293962,2.68692,0.00122961,0.00245921
0.0318868,2.68692,0.00133037,0.00266073
0.0343774,2.68692,0.0014306,0.00286118
0.0368679,2.68692,0.0015303,0.00306057
0.0393585,2.68692,0.00162946,0.00325889
0.0418491,2.68692,0.00172808,0.00345614
0.0443396,2.68692,0.00182618,0.00365232
0.0468302,2.68692,0.00192374,0.00384744
0.0493208,2.68692,0.00202077,0.00404149
0.0518113,2.68692,0.00211726,0.00423447
0.0543019,2.68692,0.00221322,0.00442638
0.0567925,2.68692,0.00230864,0.00461723
0.059283,2.68692,0.00240354,0.00480701
0.0617736,2.68692,0.0024979,0.00499572
0.0642642,2.68692,0.00259172,0.00518336
0.0667547,2.68692,0.00268501,0.00536993
0.0692453,2.68692,0.00277777,0.00555544
0.0717358,2.68692,0.00286999,0.00573988
0.0742264,2.68692,0.00296168,0.00592325
0.076717,2.68692,0.00305284,0.00610556
0.0792075,2.68692,0.00314346,0.00628679
0.0816981,2.68692,0.00323355,0.00646696
0.0841887,2.68692,0.00332311,0.00664606
0.0866792,2.68692,0.00341213,0.0068241
0.0891698,2.68692,0.00350061,0.00700106
0.0916604,2.68692,0.00358857,0.00717696
0.0941509,2.68692,0.00367599,0.00735179
0.0966415,2.68692,0.00376287,0.00752555
0.0991321,2.68692,0.00384923,0.00769824
0.101623,2.68692,0.00393504,0.00786987
0.104113,2.68692,0.00402033,0.00804042
0.106604,2.68692,0.00410508,0.00820991
0.109094,2.68692,0.0041893,0.00837833
0.111585,2.68692,0.00427298,0.00854569
0.114075,2.68692,0.00435613,0.00871197
0.116566,2.68692,0.00443875,0.00887719
0.119057,2.68692,0.00452083,0.00904134
0.121547,2.68692,0.00460237,0.00920442
0.124038,2.68692,0.00468339,0.00936643
0.126528,2.68692,0.00476387,0.00952737
0.129019,2.68692,0.00484381,0.00968725
0.131509,2.68692,0.00492323,0.00984606
0.134,2.68692,0.0050021,0.0100038
0.136491,2.68692,0.00508045,0.0101605
0.138981,2.68692,0.00515826,0.0103161
0.141472,2.68692,0.00523554,0.0104706
0.143962,2.68692,0.00531228,0.0106241
0.146453,2.68692,0.00538849,0.0107765
0.148943,2.68692,0.00546416,0.0109278
0.151434,2.68692,0.0055393,0.0110781
0.153925,2.68692,0.00561391,0.0112273
0.156415,2.68692,0.00568798,0.0113754
0.158906,2.68692,0.00576152,0.0115225
0.161396,2.68692,0.00583452,0.0116684
0.163887,2.68692,0.005907,0.0118134
0.166377,2.68692,0.00597893,0.0119572
0.168868,2.68692,0.00605033,0.0121
0.171358,2.68692,0.0061212,0.0122417
0.173849,2.68692,0.00619154,0.0123824
0.17634,2.68692,0.00626134,0.0125219
0.17883,2.68692,0.0063306,0.0126605
0.181321,2.68692,0.00639934,0.0127979
0.183811,2.68692,0.00646753,0.0129343
0.186302,2.68692,0.0065352,0.0130696
0.188792,2.68692,0.00660233,0.0132038
0.191283,2.68692,0.00666892,0.013337
0.193774,2.68692,0.00673499,0.0134691
0.196264,2.68692,0.00680051,0.0136001
0.198755,2.68692,0.00686551,0.0137301
0.002,2.82244,9.96561e-05,0.000199312
0.00449057,2.82244,0.000223199,0.000446398
0.00698113,2.82244,0.000346124,0.000692247
0.0094717,2.82244,0.000468431,0.00093686
0.0119623,2.82244,0.00059012,0.00118024
0.0144528,2.82244,0.000711191,0.00142238
0.0169434,2.82244,0.000831644,0.00166328
0.019434,2.82244,0.000951479,0.00190295
0.0219245,2.82244,0.0010707,0.00214138
0.0244151,2.82244,0.00118929,0.00237857
0.0269057,2.82244,0.00130728,0.00261453
0.0293962,2.82244,0.00142464,0.00284925
0.0318868,2.82244,0.00154138,0.00308274
0.0343774,2.82244,0.00165751,0.00331499
0.0368679,2.82244,0.00177302,0.003546
0.0393585,2.82244,0.00188791,0.00377577
0.0418491,2.82244,0.00200218,0.00400431
0.0443396,2.82244,0.00211583,0.00423161
0.0468302,2.82244,0.00222887,0.00445768
0.0493208,2.82244,0.00234129,0.0046825
0.0518113,2.82244,0.00245309,0.0049061
0.0543019,2.82244,0.00256427,0.00512845
0.0567925,2.82244,0.00267483,0.00534957
0.059283,2.82244,0.00278478,0.00556945
0.0617736,2.82244,0.0028941,0.00578809
0.0642642,2.82244,0.00300281,0.0060055
0.0667547,2.82244,0.0031109,0.00622166
0.0692453,2.82244,0.00321837,0.0064366
0.0717358,2.82244,0.00332523,0.00665029
0.0742264,2.82244,0.00343146,0.00686275
0.076717,2.82244,0.00353708,0.00707397
0.0792075,2.82244,0.00364208,0.00728395
0.0816981,2.82244,0.00374646,0.0074927
0.0841887,2.82244,0.00385022,0.00770021
0.0866792,2.82244,0.00395336,0.00790648
0.0891698,2.82244,0.00405589,0.00811152
0.0916604,2.82244,0.00415779,0.00831531
0.0941509,2.82244,0.00425908,0.00851787
0.0966415,2.82244,0.00435975,0.0087192
0.0991321,2.82244,0.0044598,0.00891928
0.101623,2.82244,0.00455924,0.00911813
0.104113,2.82244,0.00465805,0.00931574
0.106604,2.82244,0.00475625,0.00951211
0.109094,2.82244,0.00485383,0.00970725
0.111585,2.82244,0.00495079,0.00990115
0.114075,2.82244,0.00504713,0.0100938
0.116566,2.82244,0.00514285,0.0102852
0.119057,2.82244,0.00523796,0.0104754
0.121547,2.82244,0.00533244,0.0106644
0.124038,2.82244,0.00542631,0.0108521
0.126528,2.82244,0.00551956,0.0110386
0.129019,2.82244,0.00561219,0.0112238
0.131509,2.82244,0.0057042,0.0114078
0.134,2.82244,0.00579559,0.0115905
0.136491,2.82244,0.00588637,0.0117721
0.138981,2.82244,0.00597652,0.0119524
0.141472,2.82244,0.00606606,0.0121314
0.143962,2.82244,0.00615498,0.0123092
0.146453,2.82244,0.00624328,0.0124858
0.148943,2.82244,0.00633096,0.0126611
0.151434,2.82244,0.00641802,0.0128352
0.153925,2.82244,0.00650447,0.0130081
0.156415,2.82244,0.0065903,0.0131797
0.158906,2.82244,0.0066755,0.0133501
0.161396,2.82244,0.00676009,0.0135192
0.163887,2.82244,0.00684406,0.0136871
0.166377,2.82244,0.00692741,0.0138538
0.168868,2.82244,0.00701015,0.0140193
0.171358,2.82244,0.00709226,0.0141834
0.173849,2.82244,0.00717375,0.0143464
0.17634,2.82244,0.00725463,0.0145081
0.17883,2.82244,0.00733489,0.0146686
0.181321,2.82244,0.00741453,0.0148279
0.183811,2.82244,0.00749355,0.0149859
0.186302,2.82244,0.00757195,0.0151426
0.188792,2.82244,0.00764973,0.0152982
0.191283,2.82244,0.0077269,0.0154525
0.193774,2.82244,0.00780344,0.0156055
0.196264,2.82244,0.00787937,0.0157573
0.198755,2.82244,0.00795468,0.0159079
0.002,2.9648,0.000115457,0.000230914
0.00449057,2.9648,0.000258588,0.000517176
0.00698113,2.9648,0.000401004,0.000802007
0.0094717,2.9648,0.000542704,0.0010854
0.0119623,2.9648,0.000683688,0.00136737
0.0144528,2.9648,0.000823956,0.0016479
0.0169434,2.9648,0.000963508,0.00192701
0.019434,2.9648,0.00110234,0.00220467
0.0219245,2.9648,0.00124046,0.00248091
0.0244151,2.9648,0.00137787,0.00275572
0.0269057,2.9648,0.00151456,0.00302909
0.0293962,2.9648,0.00165053,0.00330103
0.0318868,2.9648,0.00178579,0.00357153
0.0343774,2.9648,0.00192033,0.00384061
0.0368679,2.9648,0.00205415,0.00410825
0.0393585,2.9648,0.00218726,0.00437446
0.0418491,2.9648,0.00231965,0.00463923
0.0443396,2.9648,0.00245133,0.00490257
0.0468302,2.9648,0.00258229,0.00516448
0.0493208,2.9648,0.00271253,0.00542496
0.0518113,2.9648,0.00284206,0.00568401
0.0543019,2.9648,0.00297087,0.00594162
0.0567925,2.9648,0.00309897,0.0061978
0.059283,2.9648,0.00322635,0.00645254
0.0617736,2.9648,0.00335301,0.00670585
0.0642642,2.9648,0.00347896,0.00695773
0.0667547,2.9648,0.00360419,0.00720818
0.0692453,2.9648,0.00372871,0.00745719
0.0717358,2.9648,0.00385251,0.00770477
0.0742264,2.9648,0.00397559,0.00795091
0.076717,2.9648,0.00409796,0.00819563
0.0792075,2.9648,0.00421961,0.00843891
0.0816981,2.9648,0.00434054,0.00868075
0.0841887,2.9648,0.00446076,0.00892116
0.0866792,2.9648,0.00458026,0.00916014
0.0891698,2.9648,0.00469904,0.00939769
0.0916604,2.9648,0.00481711,0.0096338
0.0941509,2.9648,0.00493447,0.00986848
0.0966415,2.9648,0.0050511,0.0101017
0.0991321,2.9648,0.00516702,0.0103335
0.101623,2.9648,0.00528222,0.0105639
0.104113,2.9648,0.00539671,0.0107929
0.106604,2.9648,0.00551048,0.0110204
0.109094,2.9648,0.00562354,0.0112464
0.111585,2.9648,0.00573587,0.0114711
0.114075,2.9648,0.0058475,0.0116943
0.116566,2.9648,0.0059584,0.0119161
0.119057,2.9648,0.00606859,0.0121364
0.121547,2.9648,0.00617806,0.0123553
0.124038,2.9648,0.00628682,0.0125728
0.126528,2.9648,0.00639486,0.0127888
0.129019,2.9648,0.00650218,0.0130035
0.131509,2.9648,0.00660878,0.0132166
0.134,2.9648,0.00671467,0.0134284
0.136491,2.9648,0.00681985,0.0136387
0.138981,2.9648,0.0069243,0.0138475
0.141472,2.9648,0.00702804,0.014055
0.143962,2.9648,0.00713107,0.014261
0.146453,2.9648,0.00723337,0.0144656
0.148943,2.9648,0.00733496,0.0146687
0.151434,2.9648,0.00743584,0.0148704
0.153925,2.9648,0.00753599,0.0150707
0.156415,2.9648,0.00763543,0.0152695
0.158906,2.9648,0.00773416,0.0154669
0.161396,2.9648,0.00783216,0.0156629
0.163887,2.9648,0.00792945,0.0158574
0.166377,2.9648,0.00802603,0.0160505
0.168868,2.9648,0.00812188,0.0162422
0.171358,2.9648,0.00821702,0.0164324
0.173849,2.9648,0.00831145,0.0166212
0.17634,2.9648,0.00840515,0.0168086
0.17883,2.9648,0.00849814,0.0169945
0.181321,2.9648,0.00859042,0.017179
0.183811,2.9648,0.00868197,0.017362
0.186302,2.9648,0.00877281,0.0175437
0.188792,2.9648,0.00886294,0.0177239
0.191283,2.9648,0.00895234,0.0179026
0.193774,2.9648,0.00904103,0.0180799
0.196264,2.9648,0.009129,0.0182558
0.198755,2.9648,0.00921626,0.0184303
0.002,3.11434,0.000133757,0.000267514
0.00449057,3.11434,0.000299575,0.00059915
0.00698113,3.11434,0.000464564,0.000929126
0.0094717,3.11434,0.000628724,0.00125744
0.0119623,3.11434,0.000792055,0.0015841
0.0144528,3.11434,0.000954556,0.0019091
0.0169434,3.11434,0.00111623,0.00223244
0.019434,3.11434,0.00127707,0.00255412
0.0219245,3.11434,0.00143709,0.00287414
0.0244151,3.11434,0.00159627,0.00319251
0.0269057,3.11434,0.00175463,0.00350921
0.0293962,3.11434,0.00191215,0.00382425
0.0318868,3.11434,0.00206885,0.00413764
0.0343774,3.11434,0.00222472,0.00444936
0.0368679,3.11434,0.00237975,0.00475942
0.0393585,3.11434,0.00253396,0.00506783
0.0418491,3.11434,0.00268734,0.00537457
0.0443396,3.11434,0.00283989,0.00567966
0.0468302,3.11434,0.00299161,0.00598308
0.0493208,3.11434,0.0031425,0.00628484
0.0518113,3.11434,0.00329256,0.00658495
0.0543019,3.11434,0.0034418,0.00688339
0.0567925,3.11434,0.0035902,0.00718018
0.059283,3.11434,0.00373777,0.0074753
0.0617736,3.11434,0.00388452,0.00776876
0.0642642,3.11434,0.00403043,0.00806056
0.0667547,3.11434,0.00417551,0.00835071
0.0692453,3.11434,0.00431977,0.00863919
0.0717358,3.11434,0.00446319,0.00892601
0.0742264,3.11434,0.00460579,0.00921117
0.076717,3.11434,0.00474755,0.00949467
0.0792075,3.11434,0.00488849,0.00977651
0.0816981,3.11434,0.0050286,0.0100567
0.0841887,3.11434,0.00516787,0.0103352
0.0866792,3.11434,0.00530632,0.0106121
0.0891698,3.11434,0.00544394,0.0108873
0.0916604,3.11434,0.00558073,0.0111608
0.0941509,3.11434,0.00571668,0.0114327
0.0966415,3.11434,0.00585181,0.0117029
0.0991321,3.11434,0.00598611,0.0119714
0.101623,3.11434,0.00611958,0.0122383
0.104113,3.11434,0.00625222,0.0125036
0.106604,3.11434,0.00638403,0.0127671
0.109094,3.11434,0.006515,0.013029
0.111585,3.11434,0.00664515,0.0132893
0.114075,3.11434,0.00677447,0.0135479
0.116566,3.11434,0.00690296,0.0138048
0.119057,3.11434,0.00703062,0.0140601
0.121547,3.11434,0.00715745,0.0143137
0.124038,3.11434,0.00728345,0.0145656
0.126528,3.11434,0.00740862,0.0148159
0.129019,3.11434,0.00753296,0.0150645
0.131509,3.11434,0.00765647,0.0153115
0.134,3.11434,0.00777915,0.0155568
0.136491,3.11434,0.007901,0.0158004
0.138981,3.11434,0.00802202,0.0160424
0.141472,3.11434,0.0081422,0.0162827
0.143962,3.11434,0.00826156,0.0165214
0.146453,3.11434,0.00838009,0.0167584
0.148943,3.11434,0.00849779,0.0169937
0.151434,3.11434,0.00861466,0.0172274
0.153925,3.11434,0.0087307,0.0174594
0.156415,3.11434,0.00884591,0.0176897
0.158906,3.11434,0.00896029,0.0179184
0.161396,3.11434,0.00907383,0.0181454
0.163887,3.11434,0.00918655,0.0183708
0.166377,3.11434,0.00929844,0.0185945
0.168868,3.11434,0.0094095,0.0188165
0.171358,3.11434,0.00951973,0.0190369
0.173849,3.11434,0.00962912,0.0192556
0.17634,3.11434,0.00973769,0.0194727
0.17883,3.11434,0.00984543,0.0196881
0.181321,3.11434,0.00995233,0.0199018
0.183811,3.11434,0.0100584,0.0201139
0.186302,3.11434,0.0101637,0.0203243
0.188792,3.11434,0.0102681,0.020533
0.191283,3.11434,0.0103717,0.0207401
0.193774,3.11434,0.0104744,0.0209455
0.196264,3.11434,0.0105763,0.0211493
0.198755,3.11434,0.0106774,0.0213514
0.002,3.27142,0.00015495,0.0003099
0.00449057,3.27142,0.000347041,0.00069408
0.00698113,3.27142,0.000538171,0.00107634
0.0094717,3.27142,0.000728342,0.00145668
0.0119623,3.27142,0.000917552,0.00183509
0.0144528,3.27142,0.0011058,0.00221159
0.0169434,3.27142,0.00129309,0.00258616
0.019434,3.27142,0.00147942,0.00295881
0.0219245,3.27142,0.00166479,0.00332953
0.0244151,3.27142,0.0018492,0.00369834
0.0269057,3.27142,0.00203264,0.00406522
0.0293962,3.27142,0.00221513,0.00443018
0.0318868,3.27142,0.00239666,0.00479322
0.0343774,3.27142,0.00257722,0.00515433
0.0368679,3.27142,0.00275683,0.00551352
0.0393585,3.27142,0.00293547,0.00587079
0.0418491,3.27142,0.00311315,0.00622614
0.0443396,3.27142,0.00328988,0.00657956
0.0468302,3.27142,0.00346564,0.00693106
0.0493208,3.27142,0.00364044,0.00728063
0.0518113,3.27142,0.00381428,0.00762829
0.0543019,3.27142,0.00398716,0.00797402
0.0567925,3.27142,0.00415908,0.00831782
0.059283,3.27142,0.00433004,0.00865971
0.0617736,3.27142,0.00450004,0.00899966
0.0642642,3.27142,0.00466908,0.0093377
0.0667547,3.27142,0.00483715,0.00967381
0.0692453,3.27142,0.00500427,0.010008
0.0717358,3.27142,0.00517042,0.0103403
0.0742264,3.27142,0.00533561,0.0106706
0.076717,3.27142,0.00549985,0.010999
0.0792075,3.27142,0.00566312,0.0113255
0.0816981,3.27142,0.00582543,0.0116501
0.0841887,3.27142,0.00598678,0.0119727
0.0866792,3.27142,0.00614716,0.0122934
0.0891698,3.27142,0.00630659,0.0126122
0.0916604,3.27142,0.00646506,0.0129291
0.0941509,3.27142,0.00662256,0.0132441
0.0966415,3.27142,0.0067791,0.0135571
0.0991321,3.27142,0.00693469,0.0138682
0.101623,3.27142,0.00708931,0.0141774
0.104113,3.27142,0.00724297,0.0144846
0.106604,3.27142,0.00739567,0.0147899
0.109094,3.27142,0.0075474,0.0150933
0.111585,3.27142,0.00769818,0.0153948
0.114075,3.27142,0.007848,0.0156944
0.116566,3.27142,0.00799685,0.015992
0.119057,3.27142,0.00814474,0.0162877
0.121547,3.27142,0.00829167,0.0165815
0.124038,3.27142,0.00843764,0.0168733
0.126528,3.27142,0.00858265,0.0171632
0.129019,3.27142,0.0087267,0.0174512
0.131509,3.27142,0.00886978,0.0177373
0.134,3.27142,0.00901191,0.0180215
0.136491,3.27142,0.00915307,0.0183037
0.138981,3.27142,0.00929327,0.018584
0.141472,3.27142,0.00943251,0.0188624
0.143962,3.27142,0.00957079,0.0191389
0.146453,3.27142,0.0097081,0.0194134
0.148943,3.27142,0.00984446,0.019686
0.151434,3.27142,0.00997985,0.0199567
0.153925,3.27142,0.0101143,0.0202254
0.156415,3.27142,0.0102478,0.0204923
0.158906,3.27142,0.0103803,0.0207572
0.161396,3.27142,0.0105118,0.0210201
0.163887,3.27142,0.0106424,0.0212812
0.166377,3.27142,0.010772,0.0215403
0.168868,3.27142,0.0109007,0.0217975
0.171358,3.27142,0.0110284,0.0220528
0.173849,3.27142,0.0111551,0.0223062
0.17634,3.27142,0.0112809,0.0225576
0.17883,3.27142,0.0114057,0.0228071
0.181321,3.27142,0.0115296,0.0230547
0.183811,3.27142,0.0116525,0.0233004
0.186302,3.27142,0.0117744,0.0235441
0.188792,3.27142,0.0118954,0.0237859
0.191283,3.27142,0.0120154,0.0240258
0.193774,3.27142,0.0121344,0.0242638
0.196264,3.27142,0.0122525,0.0244998
0.198755,3.27142,0.0123696,0.0247339
0.002,3.43643,0.000179491,0.000358981
0.00449057,3.43643,0.000402004,0.000804007
0.00698113,3.43643,0.000623406,0.00124681
0.0094717,3.43643,0.000843696,0.00168738
0.0119623,3.43643,0.00106287,0.00212573
0.0144528,3.43643,0.00128094,0.00256185
0.0169434,3.43643,0.00149789,0.00299575
0.019434,3.43643,0.00171373,0.00342741
0.0219245,3.43643,0.00192846,0.00385686
0.0244151,3.43643,0.00214208,0.00428407
0.0269057,3.43643,0.00235458,0.00470906
0.0293962,3.43643,0.00256597,0.00513182
0.0318868,3.43643,0.00277625,0.00555235
0.0343774,3.43643,0.00298541,0.00597066
0.0368679,3.43643,0.00319347,0.00638673
0.0393585,3.43643,0.00340041,0.00680058
0.0418491,3.43643,0.00360623,0.00721221
0.0443396,3.43643,0.00381095,0.0076216
0.0468302,3.43643,0.00401455,0.00802877
0.0493208,3.43643,0.00421704,0.0084337
0.0518113,3.43643,0.00441842,0.00883641
0.0543019,3.43643,0.00461868,0.00923689
0.0567925,3.43643,0.00481784,0.00963515
0.059283,3.43643,0.00501587,0.0100312
0.0617736,3.43643,0.0052128,0.010425
0.0642642,3.43643,0.00540861,0.0108165
0.0667547,3.43643,0.00560331,0.0112059
0.0692453,3.43643,0.0057969,0.011593
0.0717358,3.43643,0.00598937,0.0119779
0.0742264,3.43643,0.00618073,0.0123605
0.076717,3.43643,0.00637098,0.0127409
0.0792075,3.43643,0.00656012,0.0131191
0.0816981,3.43643,0.00674814,0.0134951
0.0841887,3.43643,0.00693505,0.0138688
0.0866792,3.43643,0.00712084,0.0142403
0.0891698,3.43643,0.00730552,0.0146096
0.0916604,3.43643,0.00748909,0.0149766
0.0941509,3.43643,0.00767155,0.0153415
0.0966415,3.43643,0.00785289,0.015704
0.0991321,3.43643,0.00803312,0.0160644
0.101623,3.43643,0.00821224,0.0164225
0.104113,3.43643,0.00839024,0.0167784
0.106604,3.43643,0.00856713,0.0171321
0.109094,3.43643,0.0087429,0.0174835
0.111585,3.43643,0.00891757,0.0178327
0.114075,3.43643,0.00909111,0.0181797
0.116566,3.43643,0.00926355,0.0185245
0.119057,3.43643,0.00943487,0.018867
0.121547,3.43643,0.00960508,0.0192073
0.124038,3.43643,0.00977418,0.0195453
0.126528,3.43643,0.00994216,0.0198812
0.129019,3.43643,0.010109,0.0202147
0.131509,3.43643,0.0102748,0.0205461
0.134,3.43643,0.0104394,0.0208753
0.136491,3.43643,0.0106029,0.0212022
0.138981,3.43643,0.0107654,0.0215268
0.141472,3.43643,0.0109267,0.0218493
0.143962,3.43643,0.0110868,0.0221695
0.146453,3.43643,0.0112459,0.0224875
0.148943,3.43643,0.0114039,0.0228032
0.151434,3.43643,0.0115607,0.0231168
0.153925,3.43643,0.0117165,0.0234281
0.156415,3.43643,0.0118711,0.0237371
0.158906,3.43643,0.0120246,0.024044
0.161396,3.43643,0.012177,0.0243486
0.163887,3.43643,0.0123282,0.024651
0.166377,3.43643,0.0124784,0.0249511
0.168868,3.43643,0.0126275,0.025249
0.171358,3.43643,0.0127754,0.0255447
0.173849,3.43643,0.0129222,0.0258382
0.17634,3.43643,0.0130679,0.0261294
0.17883,3.43643,0.0132125,0.0264184
0.181321,3.43643,0.013356,0.0267051
0.183811,3.43643,0.0134983,0.0269897
0.186302,3.43643,0.0136396,0.027272
0.188792,3.43643,0.0137797,0.0275521
0.191283,3.43643,0.0139188,0.0278299
0.193774,3.43643,0.0140567,0.0281055
0.196264,3.43643,0.0141935,0.0283789
0.198755,3.43643,0.0143291,0.0286501
0.002,3.60976,0.000207905,0.000415809
0.00449057,3.60976,0.000465644,0.000931285
0.00698113,3.60976,0.000722095,0.00144418
0.0094717,3.60976,0.000977259,0.0019545
0.0119623,3.60976,0.00123113,0.00246224
0.0144528,3.60976,0.00148372,0.0029674
0.0169434,3.60976,0.00173502,0.00346998
0.019434,3.60976,0.00198503,0.00396999
0.0219245,3.60976,0.00223375,0.00446741
0.0244151,3.60976,0.00248119,0.00496225
0.0269057,3.60976,0.00272733,0.00545452
0.0293962,3.60976,0.00297219,0.0059442
0.0318868,3.60976,0.00321576,0.0064313
0.0343774,3.60976,0.00345804,0.00691582
0.0368679,3.60976,0.00369903,0.00739776
0.0393585,3.60976,0.00393874,0.00787712
0.0418491,3.60976,0.00417715,0.0083539
0.0443396,3.60976,0.00441428,0.0088281
0.0468302,3.60976,0.00465011,0.00929971
0.0493208,3.60976,0.00488466,0.00976875
0.0518113,3.60976,0.00511792,0.0102352
0.0543019,3.60976,0.00534989,0.0106991
0.0567925,3.60976,0.00558058,0.0111604
0.059283,3.60976,0.00580997,0.0116191
0.0617736,3.60976,0.00603808,0.0120752
0.0642642,3.60976,0.00626489,0.0125287
0.0667547,3.60976,0.00649042,0.0129797
0.0692453,3.60976,0.00671465,0.0134281
0.0717358,3.60976,0.0069376,0.0138739
0.0742264,3.60976,0.00715926,0.0143171
0.076717,3.60976,0.00737963,0.0147577
0.0792075,3.60976,0.00759871,0.0151957
0.0816981,3.60976,0.00781651,0.0156312
0.0841887,3.60976,0.00803301,0.0160641
0.0866792,3.60976,0.00824822,0.0164944
0.0891698,3.60976,0.00846215,0.0169221
0.0916604,3.60976,0.00867478,0.0173472
0.0941509,3.60976,0.00888613,0.0177697
0.0966415,3.60976,0.00909618,0.0181897
0.0991321,3.60976,0.00930495,0.0186071
0.101623,3.60976,0.00951242,0.0190219
0.104113,3.60976,0.00971861,0.0194341
0.106604,3.60976,0.00992351,0.0198437
0.109094,3.60976,0.0101271,0.0202507
0.111585,3.60976,0.0103294,0.0206552
0.114075,3.60976,0.0105305,0.0210571
0.116566,3.60976,0.0107302,0.0214564
0.119057,3.60976,0.0109287,0.0218531
0.121547,3.60976,0.0111258,0.0222472
0.124038,3.60976,0.0113217,0.0226387
0.126528,3.60976,0.0115163,0.0230277
0.129019,3.60976,0.0117096,0.0234141
0.131509,3.60976,0.0119016,0.0237978
0.134,3.60976,0.0120923,0.024179
0.136491,3.60976,0.0122817,0.0245577
0.138981,3.60976,0.0124698,0.0249337
0.141472,3.60976,0.0126567,0.0253071
0.143962,3.60976,0.0128422,0.025678
0.146453,3.60976,0.0130265,0.0260463
0.148943,3.60976,0.0132095,0.026412
0.151434,3.60976,0.0133911,0.0267751
0.153925,3.60976,0.0135715,0.0271356
0.156415,3.60976,0.0137506,0.0274936
0.158906,3.60976,0.0139284,0.0278489
0.161396,3.60976,0.014105,0.0282017
0.163887,3.60976,0.0142802,0.0285519
0.166377,3.60976,0.0144541,0.0288995
0.168868,3.60976,0.0146268,0.0292445
0.171358,3.60976,0.0147982,0.029587
0.173849,3.60976,0.0149682,0.0299268
0.17634,3.60976,0.015137,0.0302641
0.17883,3.60976,0.0153045,0.0305988
0.181321,3.60976,0.0154707,0.0309309
0.183811,3.60976,0.0156356,0.0312604
0.186302,3.60976,0.0157992,0.0315874
0.188792,3.60976,0.0159616,0.0319117
0.191283,3.60976,0.0161226,0.0322335
0.193774,3.60976,0.0162824,0.0325527
0.196264,3.60976,0.0164408,0.0328693
0.198755,3.60976,0.016598,0.0331833
0.002,3.79183,0.000240801,0.000481601
0.00449057,3.79183,0.000539321,0.00107864
0.00698113,3.79183,0.000836351,0.00167269
0.0094717,3.79183,0.00113189,0.00226375
0.0119623,3.79183,0.00142593,0.00285183
0.0144528,3.79183,0.00171849,0.00343692
0.0169434,3.79183,0.00200955,0.00401902
0.019434,3.79183,0.00229912,0.00459813
0.0219245,3.79183,0.0025872,0.00517426
0.0244151,3.79183,0.00287379,0.00574739
0.0269057,3.79183,0.00315888,0.00631754
0.0293962,3.79183,0.00344249,0.00688469
0.0318868,3.79183,0.0037246,0.00744886
0.0343774,3.79183,0.00400521,0.00801004
0.0368679,3.79183,0.00428434,0.00856822
0.0393585,3.79183,0.00456197,0.00912342
0.0418491,3.79183,0.00483812,0.00967562
0.0443396,3.79183,0.00511277,0.0102248
0.0468302,3.79183,0.00538592,0.0107711
0.0493208,3.79183,0.00565759,0.0113143
0.0518113,3.79183,0.00592776,0.0118545
0.0543019,3.79183,0.00619644,0.0123918
0.0567925,3.79183,0.00646362,0.012926
0.059283,3.79183,0.00672932,0.0134573
0.0617736,3.79183,0.00699352,0.0139856
0.0642642,3.79183,0.00725623,0.0145108
0.0667547,3.79183,0.00751744,0.0150331
0.0692453,3.79183,0.00777716,0.0155524
0.0717358,3.79183,0.00803539,0.0160687
0.0742264,3.79183,0.00829213,0.016582
0.076717,3.79183,0.00854737,0.0170923
0.0792075,3.79183,0.00880112,0.0175997
0.0816981,3.79183,0.00905338,0.018104
0.0841887,3.79183,0.00930414,0.0186053
0.0866792,3.79183,0.00955341,0.0191036
0.0891698,3.79183,0.00980119,0.019599
0.0916604,3.79183,0.0100475,0.0200913
0.0941509,3.79183,0.0102923,0.0205807
0.0966415,3.79183,0.0105356,0.0210671
0.0991321,3.79183,0.0107774,0.0215504
0.101623,3.79183,0.0110177,0.0220308
0.104113,3.79183,0.0112565,0.0225082
0.106604,3.79183,0.0114938,0.0229826
0.109094,3.79183,0.0117296,0.0234539
0.111585,3.79183,0.011964,0.0239223
0.114075,3.79183,0.0121968,0.0243877
0.116566,3.79183,0.0124282,0.0248502
0.119057,3.79183,0.012658,0.0253096
0.121547,3.79183,0.0128864,0.025766
0.124038,3.79183,0.0131133,0.0262194
0.126528,3.79183,0.0133386,0.0266698
0.129019,3.79183,0.0135625,0.0271173
0.131509,3.79183,0.0137849,0.0275617
0.134,3.79183,0.0140058,0.0280031
0.136491,3.79183,0.0142252,0.0284416
0.138981,3.79183,0.0144431,0.0288771
0.141472,3.79183,0.0146595,0.0293095
0.143962,3.79183,0.0148744,0.029739
0.146453,3.79183,0.0150879,0.0301655
0.148943,3.79183,0.0152998,0.0305889
0.151434,3.79183,0.0155102,0.0310094
0.153925,3.79183,0.0157192,0.0314269
0.156415,3.79183,0.0159266,0.0318414
0.158906,3.79183,0.0161326,0.0322529
0.161396,3.79183,0.016337,0.0326614
0.163887,3.79183,0.01654,0.0330669
0.166377,3.79183,0.0167415,0.0334694
0.168868,3.79183,0.0169414,0.033869
0.171358,3.79183,0.0171399,0.0342655
0.173849,3.79183,0.0173369,0.034659
0.17634,3.79183,0.0175324,0.0350496
0.17883,3.79183,0.0177264,0.0354371
0.181321,3.79183,0.0179189,0.0358217
0.183811,3.79183,0.0181099,0.0362032
0.186302,3.79183,0.0182994,0.0365818
0.188792,3.79183,0.0184875,0.0369574
0.191283,3.79183,0.018674,0.03733
0.193774,3.79183,0.018859,0.0376996
0.196264,3.79183,0.0190426,0.0380662
0.198755,3.79183,0.0192246,0.0384298
0.002,3.98309,0.000278881,0.00055776
0.00449057,3.98309,0.00062461,0.00124921
0.00698113,3.98309,0.000968611,0.0019372
0.0094717,3.98309,0.00131089,0.00262173
0.0119623,3.98309,0.00165143,0.00330281
0.0144528,3.98309,0.00199025,0.00398041
0.0169434,3.98309,0.00232734,0.00465456
0.019434,3.98309,0.00266271,0.00532525
0.0219245,3.98309,0.00299635,0.00599247
0.0244151,3.98309,0.00332826,0.00665623
0.0269057,3.98309,0.00365844,0.00731653
0.0293962,3.98309,0.00398689,0.00797336
0.0318868,3.98309,0.00431362,0.00862673
0.0343774,3.98309,0.00463861,0.00927663
0.0368679,3.98309,0.00496188,0.00992307
0.0393585,3.98309,0.00528343,0.010566
0.0418491,3.98309,0.00560324,0.0112055
0.0443396,3.98309,0.00592132,0.0118416
0.0468302,3.98309,0.00623768,0.0124742
0.0493208,3.98309,0.00655231,0.0131033
0.0518113,3.98309,0.00686521,0.0137289
0.0543019,3.98309,0.00717638,0.0143511
0.0567925,3.98309,0.00748582,0.0149698
0.059283,3.98309,0.00779353,0.015585
0.0617736,3.98309,0.00809952,0.0161968
0.0642642,3.98309,0.00840377,0.0168051
0.0667547,3.98309,0.0087063,0.0174099
0.0692453,3.98309,0.0090071,0.0180113
0.0717358,3.98309,0.00930617,0.0186092
0.0742264,3.98309,0.0096035,0.0192036
0.076717,3.98309,0.00989911,0.0197946
0.0792075,3.98309,0.010193,0.020382
0.0816981,3.98309,0.0104851,0.020966
0.0841887,3.98309,0.0107756,0.0215466
0.0866792,3.98309,0.0110643,0.0221237
0.0891698,3.98309,0.0113512,0.0226973
0.0916604,3.98309,0.0116365,0.0232674
0.0941509,3.98309,0.01192,0.0238341
0.0966415,3.98309,0.0122017,0.0243973
0.0991321,3.98309,0.0124818,0.024957
0.101623,3.98309,0.0127601,0.0255132
0.104113,3.98309,0.0130367,0.026066
0.106604,3.98309,0.0133115,0.0266153
0.109094,3.98309,0.0135847,0.0271612
0.111585,3.98309,0.0138561,0.0277035
0.114075,3.98309,0.0141257,0.0282424
0.116566,3.98309,0.0143937,0.0287778
0.119057,3.98309,0.0146599,0.0293098
0.121547,3.98309,0.0149244,0.0298383
0.124038,3.98309,0.0151871,0.0303633
0.126528,3.98309,0.0154481,0.0308848
0.129019,3.98309,0.0157074,0.0314029
0.131509,3.98309,0.015965,0.0319175
0.134,3.98309,0.0162208,0.0324286
0.136491,3.98309,0.0164749,0.0329363
0.138981,3.98309,0.0167273,0.0334405
0.141472,3.98309,0.0169779,0.0339412
0.143962,3.98309,0.0172268,0.0344385
0.146453,3.98309,0.017474,0.0349322
0.148943,3.98309,0.0177194,0.0354225
0.151434,3.98309,0.0179632,0.0359094
0.153925,3.98309,0.0182051,0.0363927
0.156415,3.98309,0.0184454,0.0368726
0.158906,3.98309,0.0186839,0.0373491
0.161396,3.98309,0.0189207,0.037822
0.163887,3.98309,0.0191558,0.0382915
0.166377,3.98309,0.0193891,0.0387575
0.168868,3.98309,0.0196207,0.0392201
0.171358,3.98309,0.0198506,0.0396791
0.173849,3.98309,0.0200787,0.0401347
0.17634,3.98309,0.0203051,0.0405869
0.17883,3.98309,0.0205298,0.0410356
0.181321,3.98309,0.0207528,0.0414808
0.183811,3.98309,0.020974,0.0419225
0.186302,3.98309,0.0211935,0.0423608
0.188792,3.98309,0.0214112,0.0427955
0.191283,3.98309,0.0216273,0.0432269
0.193774,3.98309,0.0218416,0.0436547
0.196264,3.98309,0.0220541,0.0440791
0.198755,3.98309,0.022265,0.0445
0.002,4.18399,0.000322956,0.00064591
0.00449057,4.18399,0.000723325,0.00144664
0.00698113,4.18399,0.00112169,0.00224336
0.0094717,4.18399,0.00151806,0.00303607
0.0119623,4.18399,0.00191243,0.00382477
0.0144528,4.18399,0.0023048,0.00460947
0.0169434,4.18399,0.00269517,0.00539015
0.019434,4.18399,0.00308354,0.00616682
0.0219245,4.18399,0.0034699,0.00693948
0.0244151,4.18399,0.00385427,0.00770812
0.0269057,4.18399,0.00423664,0.00847275
0.0293962,4.18399,0.004617,0.00923337
0.0318868,4.18399,0.00499537,0.00998997
0.0343774,4.18399,0.00537173,0.0107426
0.0368679,4.18399,0.00574609,0.0114911
0.0393585,4.18399,0.00611845,0.0122357
0.0418491,4.18399,0.00648881,0.0129762
0.0443396,4.18399,0.00685717,0.0137127
0.0468302,4.18399,0.00722352,0.0144452
0.0493208,4.18399,0.00758787,0.0151737
0.0518113,4.18399,0.00795023,0.0158982
0.0543019,4.18399,0.00831058,0.0166186
0.0567925,4.18399,0.00866892,0.017335
0.059283,4.18399,0.00902527,0.0180474
0.0617736,4.18399,0.00937961,0.0187558
0.0642642,4.18399,0.00973196,0.0194602
0.0667547,4.18399,0.0100823,0.0201605
0.0692453,4.18399,0.0104306,0.0208568
0.0717358,4.18399,0.010777,0.0215491
0.0742264,4.18399,0.0111213,0.0222374
0.076717,4.18399,0.0114636,0.0229216
0.0792075,4.18399,0.011804,0.0236019
0.0816981,4.18399,0.0121423,0.0242781
0.0841887,4.18399,0.0124786,0.0249503
0.0866792,4.18399,0.0128129,0.0256184
0.0891698,4.18399,0.0131452,0.0262825
0.0916604,4.18399,0.0134755,0.0269427
0.0941509,4.18399,0.0138039,0.0275987
0.0966415,4.18399,0.0141302,0.0282508
0.0991321,4.18399,0.0144545,0.0288988
0.101623,4.18399,0.0147768,0.0295429
0.104113,4.18399,0.0150971,0.0301828
0.106604,4.18399,0.0154154,0.0308188
0.109094,4.18399,0.0157316,0.0314508
0.111585,4.18399,0.0160459,0.0320787
0.114075,4.18399,0.0163582,0.0327026
0.116566,4.18399,0.0166685,0.0333224
0.119057,4.18399,0.0169768,0.0339383
0.121547,4.18399,0.017283,0.0345501
0.124038,4.18399,0.0175873,0.0351579
0.126528,4.18399,0.0178896,0.0357617
0.129019,4.18399,0.0181898,0.0363614
0.131509,4.18399,0.0184881,0.0369572
0.134,4.18399,0.0187844,0.0375489
0.136491,4.18399,0.0190786,0.0381365
0.138981,4.18399,0.0193709,0.0387202
0.141472,4.18399,0.0196611,0.0392998
0.143962,4.18399,0.0199493,0.0398754
0.146453,4.18399,0.0202356,0.040447
0.148943,4.18399,0.0205198,0.0410146
0.151434,4.18399,0.020802,0.0415781
0.153925,4.18399,0.0210823,0.0421376
0.156415,4.18399,0.0213605,0.0426931
0.158906,4.18399,0.0216367,0.0432446
0.161396,4.18399,0.0219109,0.043792
0.163887,4.18399,0.0221831,0.0443355
0.166377,4.18399,0.0224533,0.0448749
0.168868,4.18399,0.0227215,0.0454103
0.171358,4.18399,0.0229877,0.0459416
0.173849,4.18399,0.0232519,0.046469
0.17634,4.18399,0.0235141,0.0469923
0.17883,4.18399,0.0237743,0.0475116
0.181321,4.18399,0.0240325,0.0480269
0.183811,4.18399,0.0242886,0.0485381
0.186302,4.18399,0.0245428,0.0490454
0.188792,4.18399,0.024795,0.0495486
0.191283,4.18399,0.0250451,0.0500478
0.193774,4.18399,0.0252933,0.050543
0.196264,4.18399,0.0255395,0.0510341
0.198755,4.18399,0.0257836,0.0515213
0.002,4.39502,0.000373963,0.000747922
0.00449057,4.39502,0.000837565,0.00167511
0.00698113,4.39502,0.00129885,0.00259766
0.0094717,4.39502,0.00175782,0.00351556
0.0119623,4.39502,0.00221448,0.00442882
0.0144528,4.39502,0.00266882,0.00533743
0.0169434,4.39502,0.00312084,0.00624139
0.019434,4.39502,0.00357054,0.0071407
0.0219245,4.39502,0.00401793,0.00803536
0.0244151,4.39502,0.00446301,0.00892537
0.0269057,4.39502,0.00490576,0.00981073
0.0293962,4.39502,0.0053462,0.0106914
0.0318868,4.39502,0.00578432,0.0115675
0.0343774,4.39502,0.00622013,0.0124389
0.0368679,4.39502,0.00665361,0.0133056
0.0393585,4.39502,0.00708478,0.0141677
0.0418491,4.39502,0.00751363,0.0150251
0.0443396,4.39502,0.00794016,0.0158779
0.0468302,4.39502,0.00836438,0.016726
0.0493208,4.39502,0.00878627,0.0175694
0.0518113,4.39502,0.00920585,0.0184082
0.0543019,4.39502,0.00962311,0.0192424
0.0567925,4.39502,0.0100381,0.0200718
0.059283,4.39502,0.0104507,0.0208966
0.0617736,4.39502,0.010861,0.0217168
0.0642642,4.39502,0.011269,0.0225322
0.0667547,4.39502,0.0116746,0.023343
0.0692453,4.39502,0.012078,0.0241492
0.0717358,4.39502,0.012479,0.0249507
0.0742264,4.39502,0.0128777,0.0257475
0.076717,4.39502,0.0132741,0.0265396
0.0792075,4.39502,0.0136682,0.0273271
0.0816981,4.39502,0.0140599,0.02811
0.0841887,4.39502,0.0144493,0.0288881
0.0866792,4.39502,0.0148365,0.0296616
0.0891698,4.39502,0.0152212,0.0304304
0.0916604,4.39502,0.0156037,0.0311946
0.0941509,4.39502,0.0159839,0.0319541
0.0966415,4.39502,0.0163617,0.0327089
0.0991321,4.39502,0.0167372,0.033459
0.101623,4.39502,0.0171104,0.0342045
0.104113,4.39502,0.0174813,0.0349453
0.106604,4.39502,0.0178498,0.0356815
0.109094,4.39502,0.0182161,0.036413
0.111585,4.39502,0.01858,0.0371398
0.114075,4.39502,0.0189416,0.0378619
0.116566,4.39502,0.0193008,0.0385794
0.119057,4.39502,0.0196578,0.0392922
0.121547,4.39502,0.0200124,0.0400004
0.124038,4.39502,0.0203647,0.0407039
0.126528,4.39502,0.0207147,0.0414027
0.129019,4.39502,0.0210624,0.0420968
0.131509,4.39502,0.0214077,0.0427863
0.134,4.39502,0.0217507,0.0434711
0.136491,4.39502,0.0220915,0.0441513
0.138981,4.39502,0.0224298,0.0448267
0.141472,4.39502,0.0227659,0.0454976
0.143962,4.39502,0.0230996,0.0461637
0.146453,4.39502,0.0234311,0.0468252
0.148943,4.39502,0.0237602,0.047482
0.151434,4.39502,0.024087,0.0481342
0.153925,4.39502,0.0244114,0.0487816
0.156415,4.39502,0.0247336,0.0494245
0.158906,4.39502,0.0250534,0.0500626
0.161396,4.39502,0.0253709,0.0506961
0.163887,4.39502,0.0256861,0.051325
0.166377,4.39502,0.0259989,0.0519491
0.168868,4.39502,0.0263095,0.0525687
0.171358,4.39502,0.0266177,0.0531835
0.173849,4.39502,0.0269236,0.0537937
0.17634,4.39502,0.0272271,0.0543992
0.17883,4.39502,0.0275284,0.0550001
0.181321,4.39502,0.0278273,0.0555963
0.183811,4.39502,0.0281239,0.0561878
0.186302,4.39502,0.0284182,0.0567747
0.188792,4.39502,0.0287102,0.0573569
0.191283,4.39502,0.0289999,0.0579345
0.193774,4.39502,0.0292872,0.0585074
0.196264,4.39502,0.0295722,0.0590757
0.198755,4.39502,0.0298549,0.0596393
0.002,4.6167,0.000432982,0.000865959
0.00449057,4.6167,0.00096975,0.00193947
0.00698113,4.6167,0.00150384,0.00300761
0.0094717,4.6167,0.00203524,0.00407036
0.0119623,4.6167,0.00256397,0.00512773
0.0144528,4.6167,0.00309001,0.00617971
0.0169434,4.6167,0.00361337,0.0072263
0.019434,4.6167,0.00413405,0.00826751
0.0219245,4.6167,0.00465204,0.00930332
0.0244151,4.6167,0.00516735,0.0103337
0.0269057,4.6167,0.00567998,0.0113588
0.0293962,4.6167,0.00618993,0.0123784
0.0318868,4.6167,0.00669719,0.0133926
0.0343774,4.6167,0.00720177,0.0144015
0.0368679,4.6167,0.00770366,0.0154049
0.0393585,4.6167,0.00820287,0.0164029
0.0418491,4.6167,0.00869939,0.0173956
0.0443396,4.6167,0.00919323,0.0183828
0.0468302,4.6167,0.00968439,0.0193646
0.0493208,4.6167,0.0101729,0.020341
0.0518113,4.6167,0.0106586,0.021312
0.0543019,4.6167,0.0111417,0.0222776
0.0567925,4.6167,0.0116222,0.0232378
0.059283,4.6167,0.0120999,0.0241926
0.0617736,4.6167,0.0125749,0.025142
0.0642642,4.6167,0.0130473,0.026086
0.0667547,4.6167,0.013517,0.0270245
0.0692453,4.6167,0.013984,0.0279576
0.0717358,4.6167,0.0144483,0.0288854
0.0742264,4.6167,0.0149099,0.0298077
0.076717,4.6167,0.0153688,0.0307246
0.0792075,4.6167,0.015825,0.0316361
0.0816981,4.6167,0.0162786,0.0325422
0.0841887,4.6167,0.0167295,0.0334428
0.0866792,4.6167,0.0171776,0.0343381
0.0891698,4.6167,0.0176231,0.0352279
0.0916604,4.6167,0.018066,0.0361123
0.0941509,4.6167,0.0185061,0.0369913
0.0966415,4.6167,0.0189435,0.0378649
0.0991321,4.6167,0.0193783,0.038733
0.101623,4.6167,0.0198103,0.0395958
0.104113,4.6167,0.0202397,0.0404531
0.106604,4.6167,0.0206664,0.041305
0.109094,4.6167,0.0210904,0.0421515
0.111585,4.6167,0.0215117,0.0429926
0.114075,4.6167,0.0219303,0.0438283
0.116566,4.6167,0.0223462,0.0446585
0.119057,4.6167,0.0227595,0.0454834
0.121547,4.6167,0.0231701,0.0463028
0.124038,4.6167,0.0235779,0.0471168
0.126528,4.6167,0.0239831,0.0479254
0.129019,4.6167,0.0243856,0.0487285
0.131509,4.6167,0.0247854,0.0495263
0.134,4.6167,0.0251825,0.0503186
0.136491,4.6167,0.025577,0.0511056
0.138981,4.6167,0.0259687,0.0518871
0.141472,4.6167,0.0263578,0.0526632
0.143962,4.6167,0.0267442,0.0534339
0.146453,4.6167,0.0271278,0.0541991
0.148943,4.6167,0.0275088,0.054959
0.151434,4.6167,0.0278872,0.0557135
0.153925,4.6167,0.0282628,0.0564625
0.156415,4.6167,0.0286357,0.0572061
0.158906,4.6167,0.029006,0.0579443
0.161396,4.6167,0.0293735,0.0586772
0.163887,4.6167,0.0297384,0.0594046
0.166377,4.6167,0.0301006,0.0601266
0.168868,4.6167,0.0304601,0.0608431
0.171358,4.6167,0.0308169,0.0615543
0.173849,4.6167,0.031171,0.0622601
0.17634,4.6167,0.0315224,0.0629605
0.17883,4.6167,0.0318712,0.0636554
0.181321,4.6167,0.0322172,0.064345
0.183811,4.6167,0.0325606,0.0650292
0.186302,4.6167,0.0329013,0.0657079
0.188792,4.6167,0.0332393,0.0663813
0.191283,4.6167,0.0335746,0.0670492
0.193774,4.6167,0.0339072,0.0677118
0.196264,4.6167,0.0342372,0.0683689
0.198755,4.6167,0.0345644,0.0690207
0.002,4.84956,0.00050126,0.00100251
0.00449057,4.84956,0.00112267,0.00224531
0.00698113,4.84956,0.00174098,0.00348186
0.0094717,4.84956,0.00235618,0.00471218
0.0119623,4.84956,0.00296828,0.00593625
0.0144528,4.84956,0.00357727,0.00715408
0.0169434,4.84956,0.00418316,0.00836567
0.019434,4.84956,0.00478594,0.009571
0.0219245,4.84956,0.00538561,0.0107701
0.0244151,4.84956,0.00598218,0.0119629
0.0269057,4.84956,0.00657563,0.0131495
0.0293962,4.84956,0.00716598,0.0143298
0.0318868,4.84956,0.00775323,0.0155038
0.0343774,4.84956,0.00833736,0.0166716
0.0368679,4.84956,0.00891839,0.0178331
0.0393585,4.84956,0.0094963,0.0189884
0.0418491,4.84956,0.0100711,0.0201373
0.0443396,4.84956,0.0106428,0.02128
0.0468302,4.84956,0.0112114,0.0224165
0.0493208,4.84956,0.0117769,0.0235466
0.0518113,4.84956,0.0123392,0.0246705
0.0543019,4.84956,0.0128985,0.0257881
0.0567925,4.84956,0.0134547,0.0268995
0.059283,4.84956,0.0140077,0.0280045
0.0617736,4.84956,0.0145576,0.0291033
0.0642642,4.84956,0.0151044,0.0301958
0.0667547,4.84956,0.0156481,0.031282
0.0692453,4.84956,0.0161887,0.0323619
0.0717358,4.84956,0.0167262,0.0334355
0.0742264,4.84956,0.0172606,0.0345028
0.076717,4.84956,0.0177918,0.0355639
0.0792075,4.84956,0.01832,0.0366187
0.0816981,4.84956,0.018845,0.0376672
0.0841887,4.84956,0.019367,0.0387094
0.0866792,4.84956,0.0198858,0.0397453
0.0891698,4.84956,0.0204015,0.0407749
0.0916604,4.84956,0.020914,0.0417982
0.0941509,4.84956,0.0214235,0.0428153
0.0966415,4.84956,0.0219299,0.043826
0.0991321,4.84956,0.0224331,0.0448305
0.101623,4.84956,0.0229333,0.0458286
0.104113,4.84956,0.0234303,0.0468205
0.106604,4.84956,0.0239242,0.0478061
0.109094,4.84956,0.024415,0.0487854
0.111585,4.84956,0.0249027,0.0497584
0.114075,4.84956,0.0253873,0.0507251
0.116566,4.84956,0.0258687,0.0516856
0.119057,4.84956,0.0263471,0.0526397
0.121547,4.84956,0.0268223,0.0535876
0.124038,4.84956,0.0272944,0.0545291
0.126528,4.84956,0.0277634,0.0554644
0.129019,4.84956,0.0282293,0.0563934
0.131509,4.84956,0.0286921,0.0573161
0.134,4.84956,0.0291518,0.0582325
0.136491,4.84956,0.0296083,0.0591427
0.138981,4.84956,0.0300618,0.0600465
0.141472,4.84956,0.0305121,0.0609441
0.143962,4.84956,0.0309593,0.0618353
0.146453,4.84956,0.0314034,0.0627203
0.148943,4.84956,0.0318444,0.063599
0.151434,4.84956,0.0322823,0.0644715
0.153925,4.84956,0.032717,0.0653376
0.156415,4.84956,0.0331487,0.0661975
0.158906,4.84956,0.0335772,0.0670511
0.161396,4.84956,0.0340027,0.0678984
0.163887,4.84956,0.034425,0.0687394
0.166377,4.84956,0.0348442,0.0695742
0.168868,4.84956,0.0352603,0.0704027
0.171358,4.84956,0.0356732,0.0712249
0.173849,4.84956,0.0360831,0.0720408
0.17634,4.84956,0.0364899,0.0728505
0.17883,4.84956,0.0368935,0.0736539
0.181321,4.84956,0.037294,0.074451
0.183811,4.84956,0.0376914,0.0752419
0.186302,4.84956,0.0380858,0.0760265
0.188792,4.84956,0.0384769,0.0768048
0.191283,4.84956,0.038865,0.0775769
0.193774,4.84956,0.03925,0.0783427
0.196264,4.84956,0.0396318,0.0791022
0.198755,4.84956,0.0400106,0.0798555
0.002,5.09417,0.000580234,0.00116046
0.00449057,5.09417,0.00129955,0.00259904
0.00698113,5.09417,0.00201527,0.00403039
0.0094717,5.09417,0.0027274,0.00545451
0.0119623,5.09417,0.00343593,0.00687139
0.0144528,5.09417,0.00414086,0.00828102
0.0169434,5.09417,0.00484219,0.00968341
0.019434,5.09417,0.00553993,0.0110785
0.0219245,5.09417,0.00623407,0.0124664
0.0244151,5.09417,0.00692461,0.013847
0.0269057,5.09417,0.00761155,0.0152204
0.0293962,5.09417,0.00829489,0.0165865
0.0318868,5.09417,0.00897464,0.0179453
0.0343774,5.09417,0.00965078,0.0192969
0.0368679,5.09417,0.0103233,0.0206411
0.0393585,5.09417,0.0109923,0.0219781
0.0418491,5.09417,0.0116576,0.0233078
0.0443396,5.09417,0.0123193,0.0246302
0.0468302,5.09417,0.0129775,0.0259454
0.0493208,5.09417,0.013632,0.0272532
0.0518113,5.09417,0.0142829,0.0285538
0.0543019,5.09417,0.0149303,0.0298471
0.0567925,5.09417,0.015574,0.031133
0.059283,5.09417,0.0162141,0.0324117
0.0617736,5.09417,0.0168506,0.0336831
0.0642642,5.09417,0.0174835,0.0349472
0.0667547,5.09417,0.0181128,0.0362039
0.0692453,5.09417,0.0187385,0.0374534
0.0717358,5.09417,0.0193606,0.0386956
0.0742264,5.09417,0.0199791,0.0399304
0.076717,5.09417,0.020594,0.041158
0.0792075,5.09417,0.0212053,0.0423782
0.0816981,5.09417,0.021813,0.0435911
0.0841887,5.09417,0.022417,0.0447968
0.0866792,5.09417,0.0230175,0.0459951
0.0891698,5.09417,0.0236144,0.0471861
0.0916604,5.09417,0.0242076,0.0483698
0.0941509,5.09417,0.0247973,0.0495462
0.0966415,5.09417,0.0253833,0.0507152
0.0991321,5.09417,0.0259658,0.051877
0.101623,5.09417,0.0265446,0.0530314
0.104113,5.09417,0.0271198,0.0541786
0.106604,5.09417,0.0276914,0.0553184
0.109094,5.09417,0.0282594,0.0564509
0.111585,5.09417,0.0288238,0.0575761
0.114075,5.09417,0.0293846,0.058694
0.116566,5.09417,0.0299418,0.0598046
0.119057,5.09417,0.0304954,0.0609079
0.121547,5.09417,0.0310454,0.0620038
0.124038,5.09417,0.0315918,0.0630925
0.126528,5.09417,0.0321345,0.0641738
0.129019,5.09417,0.0326737,0.0652478
0.131509,5.09417,0.0332093,0.0663146
0.134,5.09417,0.0337412,0.067374
0.136491,5.09417,0.0342695,0.0684261
0.138981,5.09417,0.0347943,0.0694709
0.141472,5.09417,0.0353154,0.0705084
0.143962,5.09417,0.0358329,0.0715387
0.146453,5.09417,0.0363469,0.0725616
0.148943,5.09417,0.0368572,0.0735772
0.151434,5.09417,0.0373639,0.0745855
0.153925,5.09417,0.037867,0.0755865
0.156415,5.09417,0.0383665,0.0765802
0.158906,5.09417,0.0388624,0.0775667
0.161396,5.09417,0.0393546,0.0785458
0.163887,5.09417,0.0398433,0.0795177
0.166377,5.09417,0.0403284,0.0804822
0.168868,5.09417,0.0408099,0.0814395
0.171358,5.09417,0.0412877,0.0823895
0.173849,5.09417,0.041762,0.0833322
0.17634,5.09417,0.0422327,0.0842676
0.17883,5.09417,0.0426997,0.0851958
0.181321,5.09417,0.0431632,0.0861167
0.183811,5.09417,0.043623,0.0870302
0.186302,5.09417,0.0440792,0.0879366
0.188792,5.09417,0.0445319,0.0888356
0.191283,5.09417,0.0449809,0.0897274
0.193774,5.09417,0.0454263,0.0906119
0.196264,5.09417,0.0458682,0.0914892
0.198755,5.09417,0.0463064,0.0923592
0.002,5.35111,0.000671561,0.00134311
0.00449057,5.35111,0.00150409,0.0030081
0.00698113,5.35111,0.00233246,0.0046647
0.0094717,5.35111,0.00315666,0.00631291
0.0119623,5.35111,0.0039767,0.00795272
0.0144528,5.35111,0.00479258,0.00958412
0.0169434,5.35111,0.00560428,0.0112071
0.019434,5.35111,0.00641182,0.0128217
0.0219245,5.35111,0.00721519,0.0144278
0.0244151,5.35111,0.0080144,0.0160255
0.0269057,5.35111,0.00880943,0.0176148
0.0293962,5.35111,0.00960029,0.0191956
0.0318868,5.35111,0.010387,0.020768
0.0343774,5.35111,0.0111695,0.0223319
0.0368679,5.35111,0.0119479,0.0238874
0.0393585,5.35111,0.012722,0.0254344
0.0418491,5.35111,0.013492,0.0269729
0.0443396,5.35111,0.0142579,0.028503
0.0468302,5.35111,0.0150195,0.0300246
0.0493208,5.35111,0.015777,0.0315377
0.0518113,5.35111,0.0165303,0.0330424
0.0543019,5.35111,0.0172795,0.0345385
0.0567925,5.35111,0.0180244,0.0360262
0.059283,5.35111,0.0187652,0.0375054
0.0617736,5.35111,0.0195018,0.0389761
0.0642642,5.35111,0.0202342,0.0404383
0.0667547,5.35111,0.0209625,0.041892
0.0692453,5.35111,0.0216866,0.0433372
0.0717358,5.35111,0.0224065,0.0447739
0.0742264,5.35111,0.0231222,0.0462021
0.076717,5.35111,0.0238337,0.0476218
0.0792075,5.35111,0.0245411,0.049033
0.0816981,5.35111,0.0252443,0.0504357
0.0841887,5.35111,0.0259433,0.0518299
0.0866792,5.35111,0.0266381,0.0532155
0.0891698,5.35111,0.0273288,0.0545927
0.0916604,5.35111,0.0280152,0.0559613
0.0941509,5.35111,0.0286975,0.0573215
0.0966415,5.35111,0.0293757,0.0586731
0.0991321,5.35111,0.0300496,0.0600162
0.101623,5.35111,0.0307194,0.0613508
0.104113,5.35111,0.0313849,0.0626769
0.106604,5.35111,0.0320463,0.0639945
0.109094,5.35111,0.0327036,0.0653036
0.111585,5.35111,0.0333566,0.0666042
0.114075,5.35111,0.0340055,0.0678962
0.116566,5.35111,0.0346501,0.0691798
0.119057,5.35111,0.0352906,0.0704548
0.121547,5.35111,0.035927,0.0717214
0.124038,5.35111,0.0365591,0.0729794
0.126528,5.35111,0.0371871,0.0742289
0.129019,5.35111,0.0378109,0.0754699
0.131509,5.35111,0.0384305,0.0767024
0.134,5.35111,0.0390459,0.0779265
0.136491,5.35111,0.0396572,0.079142
0.138981,5.35111,0.0402643,0.080349
0.141472,5.35111,0.0408672,0.0815475
0.143962,5.35111,0.0414659,0.0827376
0.146453,5.35111,0.0420604,0.0839191
0.148943,5.35111,0.0426508,0.0850922
0.151434,5.35111,0.043237,0.0862568
0.153925,5.35111,0.043819,0.0874128
0.156415,5.35111,0.0443968,0.0885604
0.158906,5.35111,0.0449705,0.0896996
0.161396,5.35111,0.04554,0.0908302
0.163887,5.35111,0.0461053,0.0919524
0.166377,5.35111,0.0466664,0.0930661
0.168868,5.35111,0.0472233,0.0941713
0.171358,5.35111,0.0477761,0.0952681
0.173849,5.35111,0.0483247,0.0963564
0.17634,5.35111,0.0488691,0.0974362
0.17883,5.35111,0.0494094,0.0985076
0.181321,5.35111,0.0499455,0.0995705
0.183811,5.35111,0.0504774,0.100625
0.186302,5.35111,0.0510051,0.101671
0.188792,5.35111,0.0515287,0.102709
0.191283,5.35111,0.0520481,0.103738
0.193774,5.35111,0.0525633,0.104758
0.196264,5.35111,0.0530743,0.105771
0.198755,5.35111,0.0535812,0.106775
0.002,5.62101,0.000777147,0.00155427
0.00449057,5.62101,0.00174057,0.00348101
0.00698113,5.62101,0.00269917,0.00539801
0.0094717,5.62101,0.00365295,0.00730527
0.0119623,5.62101,0.0046019,0.00920277
0.0144528,5.62101,0.00554602,0.0110905
0.0169434,5.62101,0.00648532,0.0129685
0.019434,5.62101,0.00741979,0.0148366
0.0219245,5.62101,0.00834944,0.016695
0.0244151,5.62101,0.00927425,0.0185436
0.0269057,5.62101,0.0101942,0.0203823
0.0293962,5.62101,0.0111094,0.0222113
0.0318868,5.62101,0.0120197,0.0240304
0.0343774,5.62101,0.0129252,0.0258397
0.0368679,5.62101,0.0138258,0.0276391
0.0393585,5.62101,0.0147216,0.0294287
0.0418491,5.62101,0.0156126,0.0312084
0.0443396,5.62101,0.0164987,0.0329783
0.0468302,5.62101,0.01738,0.0347383
0.0493208,5.62101,0.0182565,0.0364884
0.0518113,5.62101,0.0191281,0.0382286
0.0543019,5.62101,0.0199949,0.039959
0.0567925,5.62101,0.0208569,0.0416795
0.059283,5.62101,0.021714,0.0433901
0.0617736,5.62101,0.0225662,0.0450908
0.0642642,5.62101,0.0234136,0.0467816
0.0667547,5.62101,0.0242562,0.0484625
0.0692453,5.62101,0.0250939,0.0501334
0.0717358,5.62101,0.0259268,0.0517945
0.0742264,5.62101,0.0267549,0.0534457
0.076717,5.62101,0.0275781,0.0550869
0.0792075,5.62101,0.0283965,0.0567183
0.0816981,5.62101,0.02921,0.0583397
0.0841887,5.62101,0.0300187,0.0599512
0.0866792,5.62101,0.0308225,0.0615528
0.0891698,5.62101,0.0316215,0.0631444
0.0916604,5.62101,0.0324156,0.0647262
0.0941509,5.62101,0.0332049,0.066298
0.0966415,5.62101,0.0339894,0.0678598
0.0991321,5.62101,0.034769,0.0694118
0.101623,5.62101,0.0355437,0.0709539
0.104113,5.62101,0.0363137,0.072486
0.106604,5.62101,0.0370787,0.0740082
0.109094,5.62101,0.037839,0.0755204
0.111585,5.62101,0.0385944,0.0770228
0.114075,5.62101,0.0393449,0.0785152
0.116566,5.62101,0.0400906,0.0799977
0.119057,5.62101,0.0408315,0.0814703
0.121547,5.62101,0.0415675,0.082933
0.124038,5.62101,0.0422986,0.0843857
0.126528,5.62101,0.0430249,0.0858286
0.129019,5.62101,0.0437464,0.0872615
0.131509,5.62101,0.0444631,0.0886846
0.134,5.62101,0.0451749,0.0900977
0.136491,5.62101,0.0458818,0.0915009
0.138981,5.62101,0.0465839,0.0928942
0.141472,5.62101,0.0472812,0.0942776
0.143962,5.62101,0.0479736,0.0956512
0.146453,5.62101,0.0486612,0.0970148
0.148943,5.62101,0.0493439,0.0983685
0.151434,5.62101,0.0500218,0.0997124
0.153925,5.62101,0.0506949,0.101046
0.156415,5.62101,0.0513631,0.10237
0.158906,5.62101,0.0520265,0.103685
0.161396,5.62101,0.052685,0.104989
0.163887,5.62101,0.0533387,0.106284
0.166377,5.62101,0.0539876,0.107568
0.168868,5.62101,0.0546316,0.108843
0.171358,5.62101,0.0552708,0.110108
0.173849,5.62101,0.0559051,0.111363
0.17634,5.62101,0.0565346,0.112608
0.17883,5.62101,0.0571593,0.113844
0.181321,5.62101,0.0577792,0.115069
0.183811,5.62101,0.0583942,0.116285
0.186302,5.62101,0.0590043,0.117491
0.188792,5.62101,0.0596097,0.118687
0.191283,5.62101,0.0602102,0.119873
0.193774,5.62101,0.0608059,0.12105
0.196264,5.62101,0.0613967,0.122216
0.198755,5.62101,0.0619827,0.123373
0.002,5.90453,0.000899188,0.00179834
0.00449057,5.90453,0.0020139,0.0040276
0.00698113,5.90453,0.00312302,0.00624555
0.0094717,5.90453,0.00422655,0.00845218
0.0119623,5.90453,0.0053245,0.0106475
0.0144528,5.90453,0.00641685,0.0128314
0.0169434,5.90453,0.0075036,0.0150039
0.019434,5.90453,0.00858476,0.0171651
0.0219245,5.90453,0.00966033,0.0193149
0.0244151,5.90453,0.0107303,0.0214532
0.0269057,5.90453,0.0117947,0.0235801
0.0293962,5.90453,0.0128534,0.0256956
0.0318868,5.90453,0.0139066,0.0277996
0.0343774,5.90453,0.0149541,0.0298922
0.0368679,5.90453,0.0159961,0.0319733
0.0393585,5.90453,0.0170324,0.0340429
0.0418491,5.90453,0.0180632,0.036101
0.0443396,5.90453,0.0190883,0.0381476
0.0468302,5.90453,0.0201078,0.0401827
0.0493208,5.90453,0.0211217,0.0422063
0.0518113,5.90453,0.02213,0.0442183
0.0543019,5.90453,0.0231327,0.0462188
0.0567925,5.90453,0.0241297,0.0482078
0.059283,5.90453,0.0251212,0.0501852
0.0617736,5.90453,0.026107,0.0521511
0.0642642,5.90453,0.0270873,0.0541054
0.0667547,5.90453,0.0280619,0.0560481
0.0692453,5.90453,0.0290309,0.0579792
0.0717358,5.90453,0.0299942,0.0598988
0.0742264,5.90453,0.030952,0.0618068
0.076717,5.90453,0.0319041,0.0637033
0.0792075,5.90453,0.0328507,0.0655881
0.0816981,5.90453,0.0337916,0.0674613
0.0841887,5.90453,0.0347268,0.069323
0.0866792,5.90453,0.0356565,0.0711731
0.0891698,5.90453,0.0365806,0.0730115
0.0916604,5.90453,0.037499,0.0748384
0.0941509,5.90453,0.0384118,0.0766537
0.0966415,5.90453,0.039319,0.0784574
0.0991321,5.90453,0.0402205,0.0802494
0.101623,5.90453,0.0411165,0.0820299
0.104113,5.90453,0.0420068,0.0837988
0.106604,5.90453,0.0428915,0.0855561
0.109094,5.90453,0.0437706,0.0873018
0.111585,5.90453,0.0446441,0.0890359
0.114075,5.90453,0.045512,0.0907584
0.116566,5.90453,0.0463742,0.0924693
0.119057,5.90453,0.0472308,0.0941686
0.121547,5.90453,0.0480818,0.0958564
0.124038,5.90453,0.0489272,0.0975325
0.126528,5.90453,0.049767,0.0991971
0.129019,5.90453,0.0506011,0.10085
0.131509,5.90453,0.0514296,0.102492
0.134,5.90453,0.0522525,0.104121
0.136491,5.90453,0.0530698,0.10574
0.138981,5.90453,0.0538815,0.107346
0.141472,5.90453,0.0546876,0.108942
0.143962,5.90453,0.0554881,0.110525
0.146453,5.90453,0.0562829,0.112097
0.148943,5.90453,0.0570721,0.113658
0.151434,5.90453,0.0578558,0.115207
0.153925,5.90453,0.0586338,0.116744
0.156415,5.90453,0.0594062,0.11827
0.158906,5.90453,0.0601729,0.119785
0.161396,5.90453,0.0609341,0.121288
0.163887,5.90453,0.0616897,0.122779
0.166377,5.90453,0.0624397,0.124259
0.168868,5.90453,0.063184,0.125727
0.171358,5.90453,0.0639228,0.127184
0.173849,5.90453,0.0646559,0.12863
0.17634,5.90453,0.0653834,0.130064
0.17883,5.90453,0.0661054,0.131486
0.181321,5.90453,0.0668217,0.132898
0.183811,5.90453,0.0675324,0.134297
0.186302,5.90453,0.0682375,0.135685
0.188792,5.90453,0.0689371,0.137062
0.191283,5.90453,0.069631,0.138427
0.193774,5.90453,0.0703193,0.139781
0.196264,5.90453,0.0710021,0.141124
0.198755,5.90453,0.0716792,0.142455
0.002,6.20234,0.00104021,0.00208036
0.00449057,6.20234,0.00232973,0.00465917
0.00698113,6.20234,0.00361277,0.00722482
0.0094717,6.20234,0.00488934,0.00977729
0.0119623,6.20234,0.00615942,0.0123166
0.0144528,6.20234,0.00742302,0.0148426
0.0169434,6.20234,0.00868014,0.0173554
0.019434,6.20234,0.00993077,0.0198549
0.0219245,6.20234,0.0111749,0.0223411
0.0244151,6.20234,0.0124125,0.024814
0.0269057,6.20234,0.0136437,0.0272736
0.0293962,6.20234,0.0148683,0.0297198
0.0318868,6.20234,0.0160865,0.0321527
0.0343774,6.20234,0.0172981,0.0345721
0.0368679,6.20234,0.0185033,0.0369782
0.0393585,6.20234,0.0197019,0.0393708
0.0418491,6.20234,0.0208941,0.04175
0.0443396,6.20234,0.0220797,0.0441157
0.0468302,6.20234,0.0232588,0.046468
0.0493208,6.20234,0.0244314,0.0488068
0.0518113,6.20234,0.0255975,0.0511321
0.0543019,6.20234,0.0267571,0.0534439
0.0567925,6.20234,0.0279101,0.0557422
0.059283,6.20234,0.0290567,0.058027
0.0617736,6.20234,0.0301967,0.0602982
0.0642642,6.20234,0.0313302,0.0625559
0.0667547,6.20234,0.0324572,0.0648
0.0692453,6.20234,0.0335777,0.0670306
0.0717358,6.20234,0.0346917,0.0692477
0.0742264,6.20234,0.0357991,0.0714511
0.076717,6.20234,0.0369,0.073641
0.0792075,6.20234,0.0379944,0.0758173
0.0816981,6.20234,0.0390823,0.0779801
0.0841887,6.20234,0.0401636,0.0801292
0.0866792,6.20234,0.0412385,0.0822648
0.0891698,6.20234,0.0423068,0.0843867
0.0916604,6.20234,0.0433685,0.0864951
0.0941509,6.20234,0.0444238,0.0885899
0.0966415,6.20234,0.0454725,0.0906711
0.0991321,6.20234,0.0465148,0.0927387
0.101623,6.20234,0.0475504,0.0947927
0.104113,6.20234,0.0485796,0.0968331
0.106604,6.20234,0.0496023,0.0988599
0.109094,6.20234,0.0506184,0.100873
0.111585,6.20234,0.051628,0.102873
0.114075,6.20234,0.0526311,0.104859
0.116566,6.20234,0.0536276,0.106831
0.119057,6.20234,0.0546177,0.10879
0.121547,6.20234,0.0556012,0.110736
0.124038,6.20234,0.0565782,0.112667
0.126528,6.20234,0.0575487,0.114585
0.129019,6.20234,0.0585126,0.11649
0.131509,6.20234,0.0594701,0.118381
0.134,6.20234,0.060421,0.120259
0.136491,6.20234,0.0613654,0.122123
0.138981,6.20234,0.0623033,0.123973
0.141472,6.20234,0.0632347,0.12581
0.143962,6.20234,0.0641596,0.127633
0.146453,6.20234,0.0650779,0.129443
0.148943,6.20234,0.0659898,0.13124
0.151434,6.20234,0.0668951,0.133023
0.153925,6.20234,0.0677939,0.134792
0.156415,6.20234,0.0686863,0.136548
0.158906,6.20234,0.0695721,0.13829
0.161396,6.20234,0.0704514,0.140019
0.163887,6.20234,0.0713242,0.141735
0.166377,6.20234,0.0721905,0.143437
0.168868,6.20234,0.0730503,0.145126
0.171358,6.20234,0.0739036,0.146801
0.173849,6.20234,0.0747504,0.148463
0.17634,6.20234,0.0755907,0.150111
0.17883,6.20234,0.0764245,0.151747
0.181321,6.20234,0.0772518,0.153368
0.183811,6.20234,0.0780726,0.154977
0.186302,6.20234,0.078887,0.156572
0.188792,6.20234,0.0796948,0.158153
0.191283,6.20234,0.0804962,0.159722
0.193774,6.20234,0.081291,0.161277
0.196264,6.20234,0.0820794,0.162819
0.198755,6.20234,0.0828613,0.164347
0.002,6.51518,0.00120311,0.00240614
0.00449057,6.51518,0.00269455,0.00538868
0.00698113,6.51518,0.00417849,0.00835591
0.0094717,6.51518,0.00565491,0.0113078
0.0119623,6.51518,0.00712382,0.0142442
0.0144528,6.51518,0.00858521,0.0171653
0.0169434,6.51518,0.0100391,0.0200708
0.019434,6.51518,0.0114854,0.0229609
0.0219245,6.51518,0.0129242,0.0258354
0.0244151,6.51518,0.0143555,0.0286944
0.0269057,6.51518,0.0157792,0.0315377
0.0293962,6.51518,0.0171954,0.0343655
0.0318868,6.51518,0.018604,0.0371775
0.0343774,6.51518,0.0200051,0.0399739
0.0368679,6.51518,0.0213986,0.0427546
0.0393585,6.51518,0.0227846,0.0455195
0.0418491,6.51518,0.024163,0.0482687
0.0443396,6.51518,0.0255339,0.0510021
0.0468302,6.51518,0.0268972,0.0537197
0.0493208,6.51518,0.028253,0.0564215
0.0518113,6.51518,0.0296011,0.0591074
0.0543019,6.51518,0.0309418,0.0617775
0.0567925,6.51518,0.0322748,0.0644318
0.059283,6.51518,0.0336003,0.0670701
0.0617736,6.51518,0.0349182,0.0696925
0.0642642,6.51518,0.0362285,0.072299
0.0667547,6.51518,0.0375313,0.0748896
0.0692453,6.51518,0.0388265,0.0774643
0.0717358,6.51518,0.0401141,0.080023
0.0742264,6.51518,0.0413941,0.0825658
0.076717,6.51518,0.0426666,0.0850926
0.0792075,6.51518,0.0439314,0.0876034
0.0816981,6.51518,0.0451887,0.0900982
0.0841887,6.51518,0.0464385,0.0925771
0.0866792,6.51518,0.0476806,0.09504
0.0891698,6.51518,0.0489152,0.0974868
0.0916604,6.51518,0.0501421,0.0999177
0.0941509,6.51518,0.0513615,0.102333
0.0966415,6.51518,0.0525734,0.104732
0.0991321,6.51518,0.0537776,0.107114
0.101623,6.51518,0.0549743,0.109481
0.104113,6.51518,0.0561634,0.111832
0.106604,6.51518,0.0573449,0.114167
0.109094,6.51518,0.0585188,0.116486
0.111585,6.51518,0.0596852,0.118789
0.114075,6.51518,0.0608439,0.121076
0.116566,6.51518,0.0619951,0.123347
0.119057,6.51518,0.0631388,0.125602
0.121547,6.51518,0.0642748,0.127841
0.124038,6.51518,0.0654033,0.130064
0.126528,6.51518,0.0665242,0.132272
0.129019,6.51518,0.0676375,0.134463
0.131509,6.51518,0.0687433,0.136638
0.134,6.51518,0.0698415,0.138797
0.136491,6.51518,0.0709321,0.140941
0.138981,6.51518,0.0720152,0.143069
0.141472,6.51518,0.0730907,0.14518
0.143962,6.51518,0.0741586,0.147276
0.146453,6.51518,0.075219,0.149356
0.148943,6.51518,0.0762718,0.15142
0.151434,6.51518,0.0773171,0.153468
0.153925,6.51518,0.0783548,0.155501
0.156415,6.51518,0.079385,0.157518
0.158906,6.51518,0.0804076,0.159518
0.161396,6.51518,0.0814226,0.161503
0.163887,6.51518,0.0824301,0.163473
0.166377,6.51518,0.0834301,0.165426
0.168868,6.51518,0.0844225,0.167364
0.171358,6.51518,0.0854073,0.169286
0.173849,6.51518,0.0863847,0.171193
0.17634,6.51518,0.0873545,0.173083
0.17883,6.51518,0.0883167,0.174959
0.181321,6.51518,0.0892715,0.176818
0.183811,6.51518,0.0902186,0.178662
0.186302,6.51518,0.0911583,0.18049
0.188792,6.51518,0.0920904,0.182303
0.191283,6.51518,0.0930151,0.1841
0.193774,6.51518,0.0939322,0.185881
0.196264,6.51518,0.0948417,0.187647
0.198755,6.51518,0.0957438,0.189398
0.002,6.8438,0.00139122,0.00278232
0.00449057,6.8438,0.00311583,0.00623103
0.00698113,6.8438,0.00483173,0.00966186
0.0094717,6.8438,0.00653891,0.0130748
0.0119623,6.8438,0.00823736,0.0164697
0.0144528,6.8438,0.00992708,0.0198465
0.0169434,6.8438,0.0116081,0.0232053
0.019434,6.8438,0.0132803,0.0265459
0.0219245,6.8438,0.0149438,0.0298682
0.0244151,6.8438,0.0165985,0.0331723
0.0269057,6.8438,0.0182445,0.0364581
0.0293962,6.8438,0.0198817,0.0397256
0.0318868,6.8438,0.0215102,0.0429746
0.0343774,6.8438,0.0231298,0.0462053
0.0368679,6.8438,0.0247407,0.0494174
0.0393585,6.8438,0.0263428,0.052611
0.0418491,6.8438,0.0279362,0.0557861
0.0443396,6.8438,0.0295207,0.0589426
0.0468302,6.8438,0.0310964,0.0620805
0.0493208,6.8438,0.0326634,0.0651997
0.0518113,6.8438,0.0342215,0.0683003
0.0543019,6.8438,0.0357709,0.0713821
0.0567925,6.8438,0.0373114,0.0744453
0.059283,6.8438,0.0388432,0.0774897
0.0617736,6.8438,0.0403661,0.0805153
0.0642642,6.8438,0.0418802,0.0835221
0.0667547,6.8438,0.0433856,0.0865101
0.0692453,6.8438,0.0448821,0.0894793
0.0717358,6.8438,0.0463697,0.0924297
0.0742264,6.8438,0.0478486,0.0953612
0.076717,6.8438,0.0493187,0.0982739
0.0792075,6.8438,0.0507799,0.101168
0.0816981,6.8438,0.0522323,0.104043
0.0841887,6.8438,0.0536759,0.106899
0.0866792,6.8438,0.0551107,0.109736
0.0891698,6.8438,0.0565367,0.112554
0.0916604,6.8438,0.0579538,0.115353
0.0941509,6.8438,0.0593621,0.118134
0.0966415,6.8438,0.0607616,0.120895
0.0991321,6.8438,0.0621523,0.123638
0.101623,6.8438,0.0635342,0.126361
0.104113,6.8438,0.0649072,0.129066
0.106604,6.8438,0.0662714,0.131752
0.109094,6.8438,0.0676269,0.134419
0.111585,6.8438,0.0689735,0.137067
0.114075,6.8438,0.0703112,0.139696
0.116566,6.8438,0.0716402,0.142306
0.119057,6.8438,0.0729604,0.144898
0.121547,6.8438,0.0742717,0.14747
0.124038,6.8438,0.0755743,0.150024
0.126528,6.8438,0.076868,0.152559
0.129019,6.8438,0.078153,0.155075
0.131509,6.8438,0.0794291,0.157573
0.134,6.8438,0.0806964,0.160051
0.136491,6.8438,0.0819549,0.162511
0.138981,6.8438,0.0832047,0.164952
0.141472,6.8438,0.0844456,0.167374
0.143962,6.8438,0.0856778,0.169778
0.146453,6.8438,0.0869011,0.172162
0.148943,6.8438,0.0881157,0.174529
0.151434,6.8438,0.0893215,0.176876
0.153925,6.8438,0.0905185,0.179205
0.156415,6.8438,0.0917068,0.181515
0.158906,6.8438,0.0928862,0.183807
0.161396,6.8438,0.0940569,0.18608
0.163887,6.8438,0.0952188,0.188335
0.166377,6.8438,0.096372,0.190571
0.168868,6.8438,0.0975164,0.192788
0.171358,6.8438,0.098652,0.194987
0.173849,6.8438,0.0997789,0.197168
0.17634,6.8438,0.100897,0.19933
0.17883,6.8438,0.102006,0.201474
0.181321,6.8438,0.103107,0.2036
0.183811,6.8438,0.104199,0.205707
0.186302,6.8438,0.105282,0.207796
0.188792,6.8438,0.106357,0.209867
0.191283,6.8438,0.107422,0.211919
0.193774,6.8438,0.108479,0.213953
0.196264,6.8438,0.109527,0.215969
0.198755,6.8438,0.110567,0.217967
0.002,7.18899,0.00160836,0.00321654
0.00449057,7.18899,0.0036021,0.00720327
0.00698113,7.18899,0.00558573,0.0111691
0.0094717,7.18899,0.00755923,0.0151139
0.0119623,7.18899,0.00952259,0.0190377
0.0144528,7.18899,0.0114758,0.0229402
0.0169434,7.18899,0.0134188,0.0268215
0.019434,7.18899,0.0153517,0.0306815
0.0219245,7.18899,0.0172744,0.03452
0.0244151,7.18899,0.019187,0.038337
0.0269057,7.18899,0.0210893,0.0421324
0.0293962,7.18899,0.0229814,0.0459062
0.0318868,7.18899,0.0248634,0.0496583
0.0343774,7.18899,0.0267351,0.0533886
0.0368679,7.18899,0.0285966,0.0570971
0.0393585,7.18899,0.0304479,0.0607837
0.0418491,7.18899,0.0322889,0.0644484
0.0443396,7.18899,0.0341197,0.068091
0.0468302,7.18899,0.0359403,0.0717116
0.0493208,7.18899,0.0377506,0.0753101
0.0518113,7.18899,0.0395507,0.0788865
0.0543019,7.18899,0.0413405,0.0824407
0.0567925,7.18899,0.04312,0.0859727
0.059283,7.18899,0.0448893,0.0894825
0.0617736,7.18899,0.0466484,0.09297
0.0642642,7.18899,0.0483972,0.0964351
0.0667547,7.18899,0.0501357,0.099878
0.0692453,7.18899,0.0518639,0.103298
0.0717358,7.18899,0.0535818,0.106697
0.0742264,7.18899,0.0552895,0.110072
0.076717,7.18899,0.0569869,0.113426
0.0792075,7.18899,0.058674,0.116756
0.0816981,7.18899,0.0603509,0.120065
0.0841887,7.18899,0.0620174,0.123351
0.0866792,7.18899,0.0636737,0.126614
0.0891698,7.18899,0.0653197,0.129855
0.0916604,7.18899,0.0669555,0.133074
0.0941509,7.18899,0.0685809,0.13627
0.0966415,7.18899,0.0701961,0.139443
0.0991321,7.18899,0.0718009,0.142594
0.101623,7.18899,0.0733955,0.145723
0.104113,7.18899,0.0749799,0.148829
0.106604,7.18899,0.0765539,0.151912
0.109094,7.18899,0.0781177,0.154974
0.111585,7.18899,0.0796712,0.158012
0.114075,7.18899,0.0812144,0.161029
0.116566,7.18899,0.0827474,0.164022
0.119057,7.18899,0.08427,0.166994
0.121547,7.18899,0.0857825,0.169943
0.124038,7.18899,0.0872846,0.17287
0.126528,7.18899,0.0887765,0.175774
0.129019,7.18899,0.0902582,0.178656
0.131509,7.18899,0.0917296,0.181515
0.134,7.18899,0.0931907,0.184353
0.136491,7.18899,0.0946416,0.187168
0.138981,7.18899,0.0960823,0.189961
0.141472,7.18899,0.0975127,0.192732
0.143962,7.18899,0.0989329,0.19548
0.146453,7.18899,0.100343,0.198206
0.148943,7.18899,0.101743,0.200911
0.151434,7.18899,0.103132,0.203593
0.153925,7.18899,0.104511,0.206253
0.156415,7.18899,0.10588,0.208891
0.158906,7.18899,0.107239,0.211507
0.161396,7.18899,0.108588,0.214102
0.163887,7.18899,0.109926,0.216674
0.166377,7.18899,0.111255,0.219224
0.168868,7.18899,0.112573,0.221753
0.171358,7.18899,0.113881,0.22426
0.173849,7.18899,0.115178,0.226745
0.17634,7.18899,0.116466,0.229208
0.17883,7.18899,0.117743,0.23165
0.181321,7.18899,0.119011,0.23407
0.183811,7.18899,0.120268,0.236469
0.186302,7.18899,0.121514,0.238846
0.188792,7.18899,0.122751,0.241202
0.191283,7.18899,0.123978,0.243536
0.193774,7.18899,0.125194,0.245849
0.196264,7.18899,0.126401,0.24814
0.198755,7.18899,0.127597,0.25041
0.002,7.55159,0.0018589,0.00371754
0.00449057,7.55159,0.00416317,0.00832496
0.00698113,7.55159,0.00645566,0.0129078
0.0094717,7.55159,0.00873638,0.0174661
0.0119623,7.55159,0.0110053,0.0219995
0.0144528,7.55159,0.0132624,0.0265079
0.0169434,7.55159,0.0155077,0.0309913
0.019434,7.55159,0.0177411,0.0354495
0.0219245,7.55159,0.0199627,0.0398823
0.0244151,7.55159,0.0221724,0.0442897
0.0269057,7.55159,0.0243702,0.0486716
0.0293962,7.55159,0.0265562,0.0530277
0.0318868,7.55159,0.0287302,0.0573582
0.0343774,7.55159,0.0308924,0.0616628
0.0368679,7.55159,0.0330426,0.0659414
0.0393585,7.55159,0.0351809,0.070194
0.0418491,7.55159,0.0373072,0.0744204
0.0443396,7.55159,0.0394217,0.0786207
0.0468302,7.55159,0.0415241,0.0827947
0.0493208,7.55159,0.0436146,0.0869424
0.0518113,7.55159,0.0456931,0.0910636
0.0543019,7.55159,0.0477597,0.0951584
0.0567925,7.55159,0.0498143,0.0992267
0.059283,7.55159,0.0518569,0.103268
0.0617736,7.55159,0.0538875,0.107283
0.0642642,7.55159,0.0559061,0.111272
0.0667547,7.55159,0.0579127,0.115234
0.0692453,7.55159,0.0599073,0.119168
0.0717358,7.55159,0.0618899,0.123077
0.0742264,7.55159,0.0638605,0.126958
0.076717,7.55159,0.0658191,0.130812
0.0792075,7.55159,0.0677657,0.13464
0.0816981,7.55159,0.0697003,0.138441
0.0841887,7.55159,0.0716229,0.142215
0.0866792,7.55159,0.0735334,0.145962
0.0891698,7.55159,0.075432,0.149682
0.0916604,7.55159,0.0773185,0.153375
0.0941509,7.55159,0.079193,0.157041
0.0966415,7.55159,0.0810555,0.16068
0.0991321,7.55159,0.082906,0.164293
0.101623,7.55159,0.0847445,0.167878
0.104113,7.55159,0.0865709,0.171437
0.106604,7.55159,0.0883854,0.174968
0.109094,7.55159,0.0901878,0.178473
0.111585,7.55159,0.0919783,0.181951
0.114075,7.55159,0.0937568,0.185402
0.116566,7.55159,0.0955232,0.188826
0.119057,7.55159,0.0972777,0.192224
0.121547,7.55159,0.0990202,0.195594
0.124038,7.55159,0.100751,0.198938
0.126528,7.55159,0.102469,0.202256
0.129019,7.55159,0.104176,0.205546
0.131509,7.55159,0.10587,0.20881
0.134,7.55159,0.107553,0.212047
0.136491,7.55159,0.109224,0.215258
0.138981,7.55159,0.110882,0.218442
0.141472,7.55159,0.112529,0.2216
0.143962,7.55159,0.114164,0.224732
0.146453,7.55159,0.115787,0.227837
0.148943,7.55159,0.117398,0.230915
0.151434,7.55159,0.118997,0.233968
0.153925,7.55159,0.120584,0.236994
0.156415,7.55159,0.122159,0.239994
0.158906,7.55159,0.123723,0.242968
0.161396,7.55159,0.125274,0.245916
0.163887,7.55159,0.126814,0.248838
0.166377,7.55159,0.128341,0.251734
0.168868,7.55159,0.129857,0.254604
0.171358,7.55159,0.131361,0.257448
0.173849,7.55159,0.132853,0.260267
0.17634,7.55159,0.134334,0.263059
0.17883,7.55159,0.135802,0.265827
0.181321,7.55159,0.137259,0.268568
0.183811,7.55159,0.138703,0.271285
0.186302,7.55159,0.140136,0.273976
0.188792,7.55159,0.141558,0.276641
0.191283,7.55159,0.142967,0.279281
0.193774,7.55159,0.144365,0.281896
0.196264,7.55159,0.145751,0.284486
0.198755,7.55159,0.147125,0.287051
0.002,7.93249,0.00214786,0.00429534
0.00449057,7.93249,0.00481022,0.00961841
0.00698113,7.93249,0.00745888,0.0149126
0.0094717,7.93249,0.0100938,0.0201777
0.0119623,7.93249,0.012715,0.0254135
0.0144528,7.93249,0.0153224,0.0306197
0.0169434,7.93249,0.017916,0.0357962
0.019434,7.93249,0.0204958,0.0409428
0.0219245,7.93249,0.0230617,0.0460593
0.0244151,7.93249,0.0256138,0.0511455
0.0269057,7.93249,0.028152,0.0562012
0.0293962,7.93249,0.0306763,0.0612263
0.0318868,7.93249,0.0331867,0.0662206
0.0343774,7.93249,0.0356832,0.0711841
0.0368679,7.93249,0.0381658,0.0761164
0.0393585,7.93249,0.0406344,0.0810176
0.0418491,7.93249,0.043089,0.0858874
0.0443396,7.93249,0.0455296,0.0907259
0.0468302,7.93249,0.0479563,0.0955327
0.0493208,7.93249,0.050369,0.100308
0.0518113,7.93249,0.0527676,0.105051
0.0543019,7.93249,0.0551522,0.109763
0.0567925,7.93249,0.0575228,0.114443
0.059283,7.93249,0.0598794,0.11909
0.0617736,7.93249,0.0622219,0.123706
0.0642642,7.93249,0.0645504,0.128289
0.0667547,7.93249,0.0668648,0.132841
0.0692453,7.93249,0.0691652,0.13736
0.0717358,7.93249,0.0714514,0.141846
0.0742264,7.93249,0.0737237,0.146301
0.076717,7.93249,0.0759818,0.150722
0.0792075,7.93249,0.0782259,0.155112
0.0816981,7.93249,0.0804558,0.159469
0.0841887,7.93249,0.0826718,0.163793
0.0866792,7.93249,0.0848736,0.168086
0.0891698,7.93249,0.0870613,0.172345
0.0916604,7.93249,0.089235,0.176572
0.0941509,7.93249,0.0913946,0.180767
0.0966415,7.93249,0.0935401,0.184929
0.0991321,7.93249,0.0956715,0.189058
0.101623,7.93249,0.0977889,0.193155
0.104113,7.93249,0.0998922,0.19722
0.106604,7.93249,0.101981,0.201252
0.109094,7.93249,0.104057,0.205252
0.111585,7.93249,0.106118,0.209219
0.114075,7.93249,0.108165,0.213154
0.116566,7.93249,0.110198,0.217057
0.119057,7.93249,0.112217,0.220927
0.121547,7.93249,0.114222,0.224765
0.124038,7.93249,0.116212,0.228571
0.126528,7.93249,0.118189,0.232345
0.129019,7.93249,0.120152,0.236087
0.131509,7.93249,0.122101,0.239797
0.134,7.93249,0.124036,0.243475
0.136491,7.93249,0.125957,0.247121
0.138981,7.93249,0.127863,0.250735
0.141472,7.93249,0.129756,0.254317
0.143962,7.93249,0.131635,0.257868
0.146453,7.93249,0.1335,0.261387
0.148943,7.93249,0.135351,0.264874
0.151434,7.93249,0.137188,0.26833
0.153925,7.93249,0.139012,0.271755
0.156415,7.93249,0.140821,0.275149
0.158906,7.93249,0.142616,0.278511
0.161396,7.93249,0.144398,0.281842
0.163887,7.93249,0.146165,0.285142
0.166377,7.93249,0.147919,0.288412
0.168868,7.93249,0.149659,0.29165
0.171358,7.93249,0.151385,0.294858
0.173849,7.93249,0.153097,0.298035
0.17634,7.93249,0.154796,0.301182
0.17883,7.93249,0.15648,0.304298
0.181321,7.93249,0.158151,0.307384
0.183811,7.93249,0.159808,0.31044
0.186302,7.93249,0.161452,0.313465
0.188792,7.93249,0.163081,0.316461
0.191283,7.93249,0.164697,0.319427
0.193774,7.93249,0.166299,0.322363
0.196264,7.93249,0.167888,0.325269
0.198755,7.93249,0.169462,0.328146
0.002,8.33259,0.00248096,0.00496135
0.00449057,8.33259,0.00555606,0.0111091
0.00698113,8.33259,0.00861518,0.0172228
0.0094717,8.33259,0.0116583,0.0233019
0.0119623,8.33259,0.0146853,0.0293461
0.0144528,8.33259,0.0176962,0.0353553
0.0169434,8.33259,0.0206909,0.0413289
0.019434,8.33259,0.0236695,0.0472668
0.0219245,8.33259,0.0266319,0.0531686
0.0244151,8.33259,0.0295781,0.0590341
0.0269057,8.33259,0.032508,0.064863
0.0293962,8.33259,0.0354217,0.0706551
0.0318868,8.33259,0.038319,0.0764102
0.0343774,8.33259,0.0412,0.0821279
0.0368679,8.33259,0.0440647,0.0878082
0.0393585,8.33259,0.046913,0.0934508
0.0418491,8.33259,0.0497448,0.0990555
0.0443396,8.33259,0.0525603,0.104622
0.0468302,8.33259,0.0553593,0.11015
0.0493208,8.33259,0.0581419,0.11564
0.0518113,8.33259,0.0609081,0.121092
0.0543019,8.33259,0.0636577,0.126505
0.0567925,8.33259,0.0663909,0.131879
0.059283,8.33259,0.0691075,0.137214
0.0617736,8.33259,0.0718077,0.14251
0.0642642,8.33259,0.0744913,0.147767
0.0667547,8.33259,0.0771584,0.152984
0.0692453,8.33259,0.0798089,0.158163
0.0717358,8.33259,0.0824429,0.163302
0.0742264,8.33259,0.0850604,0.168401
0.076717,8.33259,0.0876613,0.173462
0.0792075,8.33259,0.0902456,0.178482
0.0816981,8.33259,0.0928133,0.183463
0.0841887,8.33259,0.0953645,0.188405
0.0866792,8.33259,0.0978992,0.193307
0.0891698,8.33259,0.100417,0.198169
0.0916604,8.33259,0.102919,0.202992
0.0941509,8.33259,0.105404,0.207775
0.0966415,8.33259,0.107872,0.212518
0.0991321,8.33259,0.110324,0.217222
0.101623,8.33259,0.112759,0.221886
0.104113,8.33259,0.115178,0.226511
0.106604,8.33259,0.11758,0.231097
0.109094,8.33259,0.119966,0.235643
0.111585,8.33259,0.122335,0.240149
0.114075,8.33259,0.124687,0.244616
0.116566,8.33259,0.127023,0.249044
0.119057,8.33259,0.129343,0.253433
0.121547,8.33259,0.131646,0.257783
0.124038,8.33259,0.133932,0.262093
0.126528,8.33259,0.136202,0.266365
0.129019,8.33259,0.138456,0.270598
0.131509,8.33259,0.140693,0.274792
0.134,8.33259,0.142914,0.278947
0.136491,8.33259,0.145118,0.283064
0.138981,8.33259,0.147306,0.287142
0.141472,8.33259,0.149478,0.291182
0.143962,8.33259,0.151633,0.295184
0.146453,8.33259,0.153771,0.299148
0.148943,8.33259,0.155894,0.303073
0.151434,8.33259,0.158,0.306961
0.153925,8.33259,0.16009,0.310811
0.156415,8.33259,0.162163,0.314624
0.158906,8.33259,0.16422,0.318399
0.161396,8.33259,0.166261,0.322137
0.163887,8.33259,0.168286,0.325837
0.166377,8.33259,0.170294,0.329501
0.168868,8.33259,0.172286,0.333127
0.171358,8.33259,0.174262,0.336717
0.173849,8.33259,0.176222,0.340271
0.17634,8.33259,0.178166,0.343788
0.17883,8.33259,0.180093,0.347269
0.181321,8.33259,0.182005,0.350713
0.183811,8.33259,0.1839,0.354122
0.186302,8.33259,0.18578,0.357495
0.188792,8.33259,0.187643,0.360833
0.191283,8.33259,0.18949,0.364135
0.193774,8.33259,0.191322,0.367401
0.196264,8.33259,0.193137,0.370633
0.198755,8.33259,0.194936,0.37383
0.002,8.75288,0.00286472,0.00572862
0.00449057,8.75288,0.00641529,0.0128262
0.00698113,8.75288,0.00994714,0.0198831
0.0094717,8.75288,0.0134602,0.0268989
0.0119623,8.75288,0.0169545,0.0338729
0.0144528,8.75288,0.0204298,0.0408048
0.0169434,8.75288,0.0238863,0.0476941
0.019434,8.75288,0.0273237,0.0545402
0.0219245,8.75288,0.0307422,0.0613429
0.0244151,8.75288,0.0341415,0.0681016
0.0269057,8.75288,0.0375218,0.074816
0.0293962,8.75288,0.0408829,0.0814857
0.0318868,8.75288,0.0442248,0.0881103
0.0343774,8.75288,0.0475474,0.0946895
0.0368679,8.75288,0.0508508,0.101223
0.0393585,8.75288,0.0541349,0.107711
0.0418491,8.75288,0.0573997,0.114152
0.0443396,8.75288,0.0606451,0.120546
0.0468302,8.75288,0.0638712,0.126894
0.0493208,8.75288,0.0670778,0.133195
0.0518113,8.75288,0.070265,0.139448
0.0543019,8.75288,0.0734328,0.145654
0.0567925,8.75288,0.0765811,0.151813
0.059283,8.75288,0.0797098,0.157923
0.0617736,8.75288,0.0828191,0.163986
0.0642642,8.75288,0.0859089,0.17
0.0667547,8.75288,0.0889791,0.175966
0.0692453,8.75288,0.0920298,0.181884
0.0717358,8.75288,0.0950609,0.187754
0.0742264,8.75288,0.0980724,0.193574
0.076717,8.75288,0.101064,0.199347
0.0792075,8.75288,0.104037,0.20507
0.0816981,8.75288,0.10699,0.210745
0.0841887,8.75288,0.109923,0.216371
0.0866792,8.75288,0.112837,0.221949
0.0891698,8.75288,0.115731,0.227477
0.0916604,8.75288,0.118605,0.232957
0.0941509,8.75288,0.12146,0.238388
0.0966415,8.75288,0.124295,0.243771
0.0991321,8.75288,0.127111,0.249104
0.101623,8.75288,0.129907,0.25439
0.104113,8.75288,0.132684,0.259626
0.106604,8.75288,0.135441,0.264814
0.109094,8.75288,0.138178,0.269954
0.111585,8.75288,0.140896,0.275046
0.114075,8.75288,0.143595,0.280089
0.116566,8.75288,0.146274,0.285084
0.119057,8.75288,0.148933,0.290031
0.121547,8.75288,0.151573,0.294931
0.124038,8.75288,0.154194,0.299782
0.126528,8.75288,0.156795,0.304586
0.129019,8.75288,0.159376,0.309343
0.131509,8.75288,0.161939,0.314052
0.134,8.75288,0.164482,0.318715
0.136491,8.75288,0.167005,0.32333
0.138981,8.75288,0.169509,0.327898
0.141472,8.75288,0.171994,0.33242
0.143962,8.75288,0.17446,0.336896
0.146453,8.75288,0.176906,0.341325
0.148943,8.75288,0.179333,0.345708
0.151434,8.75288,0.181741,0.350046
0.153925,8.75288,0.18413,0.354337
0.156415,8.75288,0.186499,0.358584
0.158906,8.75288,0.188849,0.362785
0.161396,8.75288,0.191181,0.366941
0.163887,8.75288,0.193493,0.371053
0.166377,8.75288,0.195786,0.37512
0.168868,8.75288,0.19806,0.379143
0.171358,8.75288,0.200315,0.383122
0.173849,8.75288,0.202551,0.387057
0.17634,8.75288,0.204768,0.390948
0.17883,8.75288,0.206966,0.394796
0.181321,8.75288,0.209146,0.398601
0.183811,8.75288,0.211306,0.402363
0.186302,8.75288,0.213448,0.406083
0.188792,8.75288,0.215571,0.40976
0.191283,8.75288,0.217675,0.413395
0.193774,8.75288,0.219761,0.416989
0.196264,8.75288,0.221828,0.42054
0.198755,8.75288,0.223876,0.424051
0.002,9.19436,0.0033066,0.00661199
0.00449057,9.19436,0.00740452,0.0148026
0.00698113,9.19436,0.0114805,0.0229445
0.0094717,9.19436,0.0155344,0.031037
0.0119623,9.19436,0.0195661,0.0390792
0.0144528,9.19436,0.0235757,0.0470703
0.0169434,9.19436,0.0275629,0.0550098
0.019434,9.19436,0.0315278,0.0628968
0.0219245,9.19436,0.0354702,0.0707308
0.0244151,9.19436,0.0393901,0.0785111
0.0269057,9.19436,0.0432874,0.0862371
0.0293962,9.19436,0.0471621,0.0939083
0.0318868,9.19436,0.051014,0.101524
0.0343774,9.19436,0.0548433,0.109084
0.0368679,9.19436,0.0586497,0.116588
0.0393585,9.19436,0.0624332,0.124034
0.0418491,9.19436,0.0661939,0.131424
0.0443396,9.19436,0.0699316,0.138756
0.0468302,9.19436,0.0736463,0.14603
0.0493208,9.19436,0.077338,0.153245
0.0518113,9.19436,0.0810067,0.160402
0.0543019,9.19436,0.0846522,0.1675
0.0567925,9.19436,0.0882746,0.174539
0.059283,9.19436,0.0918739,0.181518
0.0617736,9.19436,0.09545,0.188437
0.0642642,9.19436,0.0990029,0.195297
0.0667547,9.19436,0.102533,0.202097
0.0692453,9.19436,0.106039,0.208836
0.0717358,9.19436,0.109522,0.215515
0.0742264,9.19436,0.112982,0.222134
0.076717,9.19436,0.116419,0.228692
0.0792075,9.19436,0.119832,0.23519
0.0816981,9.19436,0.123222,0.241627
0.0841887,9.19436,0.126589,0.248004
0.0866792,9.19436,0.129932,0.254319
0.0891698,9.19436,0.133253,0.260575
0.0916604,9.19436,0.13655,0.266769
0.0941509,9.19436,0.139823,0.272903
0.0966415,9.19436,0.143074,0.278977
0.0991321,9.19436,0.146301,0.28499
0.101623,9.19436,0.149504,0.290943
0.104113,9.19436,0.152685,0.296836
0.106604,9.19436,0.155842,0.302669
0.109094,9.19436,0.158977,0.308442
0.111585,9.19436,0.162087,0.314155
0.114075,9.19436,0.165175,0.319809
0.116566,9.19436,0.16824,0.325403
0.119057,9.19436,0.171281,0.330938
0.121547,9.19436,0.1743,0.336414
0.124038,9.19436,0.177295,0.341831
0.126528,9.19436,0.180267,0.34719
0.129019,9.19436,0.183216,0.352491
0.131509,9.19436,0.186142,0.357734
0.134,9.19436,0.189046,0.362918
0.136491,9.19436,0.191926,0.368046
0.138981,9.19436,0.194783,0.373116
0.141472,9.19436,0.197618,0.378129
0.143962,9.19436,0.200429,0.383086
0.146453,9.19436,0.203218,0.387986
0.148943,9.19436,0.205984,0.392831
0.151434,9.19436,0.208728,0.397619
0.153925,9.19436,0.211449,0.402353
0.156415,9.19436,0.214147,0.407031
0.158906,9.19436,0.216822,0.411655
0.161396,9.19436,0.219475,0.416224
0.163887,9.19436,0.222106,0.42074
0.166377,9.19436,0.224714,0.425202
0.168868,9.19436,0.227299,0.42961
0.171358,9.19436,0.229862,0.433966
0.173849,9.19436,0.232403,0.438269
0.17634,9.19436,0.234922,0.44252
0.17883,9.19436,0.237418,0.446719
0.181321,9.19436,0.239893,0.450867
0.183811,9.19436,0.242345,0.454963
0.186302,9.19436,0.244775,0.459009
0.188792,9.19436,0.247183,0.463005
0.191283,9.19436,0.249569,0.466951
0.193774,9.19436,0.251933,0.470847
0.196264,9.19436,0.254275,0.474694
0.198755,9.19436,0.256596,0.478493
0.002,9.65811,0.00381505,0.00762834
0.00449057,9.65811,0.00854265,0.0170759
0.00698113,9.65811,0.0132444,0.0264646
0.0094717,9.65811,0.01792,0.0357934
0.0119623,9.65811,0.0225696,0.045061
0.0144528,9.65811,0.0271928,0.0542662
0.0169434,9.65811,0.0317897,0.0634081
0.019434,9.65811,0.03636,0.0724856
0.0219245,9.65811,0.0409037,0.0814976
0.0244151,9.65811,0.0454207,0.0904434
0.0269057,9.65811,0.0499109,0.0993218
0.0293962,9.65811,0.0543742,0.108132
0.0318868,9.65811,0.0588104,0.116874
0.0343774,9.65811,0.0632196,0.125546
0.0368679,9.65811,0.0676016,0.134147
0.0393585,9.65811,0.0719564,0.142678
0.0418491,9.65811,0.0762838,0.151137
0.0443396,9.65811,0.0805839,0.159523
0.0468302,9.65811,0.0848565,0.167837
0.0493208,9.65811,0.0891016,0.176078
0.0518113,9.65811,0.0933192,0.184245
0.0543019,9.65811,0.0975092,0.192338
0.0567925,9.65811,0.101672,0.200357
0.059283,9.65811,0.105806,0.2083
0.0617736,9.65811,0.109913,0.216169
0.0642642,9.65811,0.113992,0.223962
0.0667547,9.65811,0.118044,0.23168
0.0692453,9.65811,0.122067,0.239322
0.0717358,9.65811,0.126063,0.246888
0.0742264,9.65811,0.130031,0.254378
0.076717,9.65811,0.133971,0.261792
0.0792075,9.65811,0.137883,0.269129
0.0816981,9.65811,0.141767,0.276391
0.0841887,9.65811,0.145623,0.283576
0.0866792,9.65811,0.149452,0.290686
0.0891698,9.65811,0.153253,0.297719
0.0916604,9.65811,0.157025,0.304676
0.0941509,9.65811,0.16077,0.311558
0.0966415,9.65811,0.164487,0.318363
0.0991321,9.65811,0.168176,0.325093
0.101623,9.65811,0.171837,0.331748
0.104113,9.65811,0.175471,0.338328
0.106604,9.65811,0.179077,0.344833
0.109094,9.65811,0.182655,0.351263
0.111585,9.65811,0.186205,0.357619
0.114075,9.65811,0.189727,0.3639
0.116566,9.65811,0.193222,0.370109
0.119057,9.65811,0.196689,0.376243
0.121547,9.65811,0.200129,0.382305
0.124038,9.65811,0.203541,0.388294
0.126528,9.65811,0.206926,0.394211
0.129019,9.65811,0.210283,0.400056
0.131509,9.65811,0.213612,0.405829
0.134,9.65811,0.216915,0.411531
0.136491,9.65811,0.22019,0.417163
0.138981,9.65811,0.223437,0.422725
0.141472,9.65811,0.226658,0.428217
0.143962,9.65811,0.229851,0.43364
0.146453,9.65811,0.233018,0.438994
0.148943,9.65811,0.236157,0.44428
0.151434,9.65811,0.239269,0.449498
0.153925,9.65811,0.242354,0.454649
0.156415,9.65811,0.245413,0.459733
0.158906,9.65811,0.248444,0.464751
0.161396,9.65811,0.251449,0.469704
0.163887,9.65811,0.254428,0.474591
0.166377,9.65811,0.257379,0.479414
0.168868,9.65811,0.260305,0.484173
0.171358,9.65811,0.263203,0.488869
0.173849,9.65811,0.266076,0.493501
0.17634,9.65811,0.268922,0.498072
0.17883,9.65811,0.271742,0.50258
0.181321,9.65811,0.274536,0.507027
0.183811,9.65811,0.277303,0.511414
0.186302,9.65811,0.280045,0.515741
0.188792,9.65811,0.282761,0.520008
0.191283,9.65811,0.285451,0.524216
0.193774,9.65811,0.288115,0.528366
0.196264,9.65811,0.290754,0.532458
0.198755,9.65811,0.293367,0.536493
0.002,10.1453,0.00439969,0.00879681
0.00449057,10.1453,0.00985109,0.0196884
0.00698113,10.1453,0.0152718,0.0305084
0.0094717,10.1453,0.0206617,0.0412549
0.0119623,10.1453,0.0260205,0.0519262
0.0144528,10.1453,0.0313481,0.0625206
0.0169434,10.1453,0.0366442,0.0730364
0.019434,10.1453,0.0419088,0.083472
0.0219245,10.1453,0.0471415,0.093826
0.0244151,10.1453,0.0523424,0.104097
0.0269057,10.1453,0.0575111,0.114284
0.0293962,10.1453,0.0626477,0.124385
0.0318868,10.1453,0.0677519,0.134399
0.0343774,10.1453,0.0728236,0.144326
0.0368679,10.1453,0.0778627,0.154163
0.0393585,10.1453,0.0828691,0.163911
0.0418491,10.1453,0.0878427,0.173568
0.0443396,10.1453,0.0927834,0.183133
0.0468302,10.1453,0.0976911,0.192606
0.0493208,10.1453,0.102566,0.201986
0.0518113,10.1453,0.107407,0.211272
0.0543019,10.1453,0.112215,0.220464
0.0567925,10.1453,0.11699,0.229561
0.059283,10.1453,0.121731,0.238563
0.0617736,10.1453,0.126439,0.247469
0.0642642,10.1453,0.131114,0.25628
0.0667547,10.1453,0.135755,0.264995
0.0692453,10.1453,0.140362,0.273613
0.0717358,10.1453,0.144936,0.282135
0.0742264,10.1453,0.149477,0.29056
0.076717,10.1453,0.153983,0.298888
0.0792075,10.1453,0.158456,0.30712
0.0816981,10.1453,0.162896,0.315255
0.0841887,10.1453,0.167301,0.323294
0.0866792,10.1453,0.171673,0.331236
0.0891698,10.1453,0.176012,0.339083
0.0916604,10.1453,0.180316,0.346833
0.0941509,10.1453,0.184587,0.354487
0.0966415,10.1453,0.188825,0.362047
0.0991321,10.1453,0.193029,0.369511
0.101623,10.1453,0.197199,0.37688
0.104113,10.1453,0.201336,0.384155
0.106604,10.1453,0.20544,0.391336
0.109094,10.1453,0.20951,0.398424
0.111585,10.1453,0.213546,0.405419
0.114075,10.1453,0.217549,0.412322
0.116566,10.1453,0.221519,0.419133
0.119057,10.1453,0.225456,0.425852
0.121547,10.1453,0.22936,0.432481
0.124038,10.1453,0.23323,0.43902
0.126528,10.1453,0.237068,0.445469
0.129019,10.1453,0.240872,0.45183
0.131509,10.1453,0.244644,0.458103
0.134,10.1453,0.248382,0.464288
0.136491,10.1453,0.252089,0.470387
0.138981,10.1453,0.255762,0.4764
0.141472,10.1453,0.259403,0.482327
0.143962,10.1453,0.263011,0.48817
0.146453,10.1453,0.266587,0.49393
0.148943,10.1453,0.270131,0.499606
0.151434,10.1453,0.273642,0.505201
0.153925,10.1453,0.277121,0.510714
0.156415,10.1453,0.280569,0.516146
0.158906,10.1453,0.283984,0.521499
0.161396,10.1453,0.287368,0.526773
0.163887,10.1453,0.290719,0.531969
0.166377,10.1453,0.29404,0.537088
0.168868,10.1453,0.297329,0.54213
0.171358,10.1453,0.300586,0.547097
0.173849,10.1453,0.303812,0.551989
0.17634,10.1453,0.307007,0.556807
0.17883,10.1453,0.310171,0.561552
0.181321,10.1453,0.313304,0.566225
0.183811,10.1453,0.316406,0.570826
0.186302,10.1453,0.319478,0.575357
0.188792,10.1453,0.322519,0.579818
0.191283,10.1453,0.32553,0.58421
0.193774,10.1453,0.32851,0.588534
0.196264,10.1453,0.33146,0.59279
0.198755,10.1453,0.33438,0.596981
0.002,10.657,0.0050714,0.0101391
0.00449057,10.657,0.0113541,0.0226881
0.00698113,10.657,0.0176002,0.035149
0.0094717,10.657,0.0238096,0.047519
0.0119623,10.657,0.0299818,0.0597954
0.0144528,10.657,0.0361166,0.0719756
0.0169434,10.657,0.0422137,0.0840572
0.019434,10.657,0.0482729,0.0960378
0.0219245,10.657,0.0542939,0.107915
0.0244151,10.657,0.0602764,0.119688
0.0269057,10.657,0.0662203,0.131353
0.0293962,10.657,0.0721253,0.142909
0.0318868,10.657,0.0779913,0.154354
0.0343774,10.657,0.0838179,0.165687
0.0368679,10.657,0.0896052,0.176906
0.0393585,10.657,0.0953528,0.18801
0.0418491,10.657,0.101061,0.198998
0.0443396,10.657,0.106728,0.209868
0.0468302,10.657,0.112356,0.220619
0.0493208,10.657,0.117944,0.231251
0.0518113,10.657,0.123491,0.241762
0.0543019,10.657,0.128998,0.252152
0.0567925,10.657,0.134465,0.26242
0.059283,10.657,0.13989,0.272566
0.0617736,10.657,0.145276,0.28259
0.0642642,10.657,0.15062,0.29249
0.0667547,10.657,0.155924,0.302266
0.0692453,10.657,0.161186,0.31192
0.0717358,10.657,0.166408,0.321449
0.0742264,10.657,0.171589,0.330855
0.076717,10.657,0.176729,0.340138
0.0792075,10.657,0.181828,0.349296
0.0816981,10.657,0.186886,0.358332
0.0841887,10.657,0.191903,0.367245
0.0866792,10.657,0.196879,0.376035
0.0891698,10.657,0.201815,0.384703
0.0916604,10.657,0.206709,0.39325
0.0941509,10.657,0.211562,0.401675
0.0966415,10.657,0.216375,0.409979
0.0991321,10.657,0.221146,0.418164
0.101623,10.657,0.225877,0.426229
0.104113,10.657,0.230568,0.434176
0.106604,10.657,0.235217,0.442005
0.109094,10.657,0.239826,0.449717
0.111585,10.657,0.244395,0.457313
0.114075,10.657,0.248923,0.464794
0.116566,10.657,0.25341,0.472161
0.119057,10.657,0.257858,0.479414
0.121547,10.657,0.262265,0.486556
0.124038,10.657,0.266633,0.493585
0.126528,10.657,0.27096,0.500505
0.129019,10.657,0.275248,0.507315
0.131509,10.657,0.279495,0.514018
0.134,10.657,0.283704,0.520613
0.136491,10.657,0.287872,0.527103
0.138981,10.657,0.292002,0.533488
0.141472,10.657,0.296092,0.53977
0.143962,10.657,0.300143,0.545949
0.146453,10.657,0.304155,0.552027
0.148943,10.657,0.308129,0.558005
0.151434,10.657,0.312064,0.563884
0.153925,10.657,0.31596,0.569666
0.156415,10.657,0.319818,0.575352
0.158906,10.657,0.323638,0.580942
0.161396,10.657,0.32742,0.586439
0.163887,10.657,0.331164,0.591843
0.166377,10.657,0.33487,0.597155
0.168868,10.657,0.338538,0.602378
0.171358,10.657,0.34217,0.607511
0.173849,10.657,0.345764,0.612557
0.17634,10.657,0.349321,0.617516
0.17883,10.657,0.352841,0.62239
0.181321,10.657,0.356325,0.62718
0.183811,10.657,0.359772,0.631886
0.186302,10.657,0.363182,0.636512
0.188792,10.657,0.366557,0.641057
0.191283,10.657,0.369896,0.645522
0.193774,10.657,0.373198,0.649909
0.196264,10.657,0.376466,0.65422
0.198755,10.657,0.379697,0.658454
0.002,11.1945,0.00584247,0.0116795
0.00449057,11.1945,0.013079,0.0261287
0.00698113,11.1945,0.0202717,0.0404683
0.0094717,11.1945,0.0274201,0.054694
0.0119623,11.1945,0.0345239,0.0688018
0.0144528,11.1945,0.0415825,0.0827878
0.0169434,11.1945,0.0485955,0.0966485
0.019434,11.1945,0.0555627,0.11038
0.0219245,11.1945,0.0624835,0.12398
0.0244151,11.1945,0.0693576,0.137445
0.0269057,11.1945,0.0761847,0.150772
0.0293962,11.1945,0.0829644,0.163958
0.0318868,11.1945,0.0896965,0.177001
0.0343774,11.1945,0.0963807,0.189899
0.0368679,11.1945,0.103017,0.202649
0.0393585,11.1945,0.109604,0.21525
0.0418491,11.1945,0.116143,0.227699
0.0443396,11.1945,0.122633,0.239997
0.0468302,11.1945,0.129074,0.25214
0.0493208,11.1945,0.135465,0.264128
0.0518113,11.1945,0.141808,0.275959
0.0543019,11.1945,0.1481,0.287634
0.0567925,11.1945,0.154343,0.29915
0.059283,11.1945,0.160536,0.310508
0.0617736,11.1945,0.166679,0.321708
0.0642642,11.1945,0.172772,0.332748
0.0667547,11.1945,0.178814,0.343629
0.0692453,11.1945,0.184807,0.35435
0.0717358,11.1945,0.190749,0.364913
0.0742264,11.1945,0.196641,0.375316
0.076717,11.1945,0.202483,0.385561
0.0792075,11.1945,0.208274,0.395648
0.0816981,11.1945,0.214015,0.405577
0.0841887,11.1945,0.219706,0.415349
0.0866792,11.1945,0.225346,0.424965
0.0891698,11.1945,0.230936,0.434426
0.0916604,11.1945,0.236476,0.443732
0.0941509,11.1945,0.241965,0.452885
0.0966415,11.1945,0.247405,0.461886
0.0991321,11.1945,0.252795,0.470736
0.101623,11.1945,0.258134,0.479436
0.104113,11.1945,0.263424,0.487987
0.106604,11.1945,0.268664,0.496392
0.109094,11.1945,0.273854,0.50465
0.111585,11.1945,0.278995,0.512765
0.114075,11.1945,0.284087,0.520736
0.116566,11.1945,0.289129,0.528566
0.119057,11.1945,0.294122,0.536257
0.121547,11.1945,0.299067,0.54381
0.124038,11.1945,0.303962,0.551226
0.126528,11.1945,0.308809,0.558508
0.129019,11.1945,0.313608,0.565657
0.131509,11.1945,0.318358,0.572674
0.134,11.1945,0.323061,0.579562
0.136491,11.1945,0.327715,0.586322
0.138981,11.1945,0.332322,0.592956
0.141472,11.1945,0.336881,0.599467
0.143962,11.1945,0.341393,0.605854
0.146453,11.1945,0.345859,0.612121
0.148943,11.1945,0.350277,0.61827
0.151434,11.1945,0.354649,0.624301
0.153925,11.1945,0.358974,0.630218
0.156415,11.1945,0.363254,0.636021
0.158906,11.1945,0.367487,0.641712
0.161396,11.1945,0.371675,0.647294
0.163887,11.1945,0.375818,0.652767
0.166377,11.1945,0.379915,0.658135
0.168868,11.1945,0.383968,0.663398
0.171358,11.1945,0.387976,0.668558
0.173849,11.1945,0.391939,0.673618
0.17634,11.1945,0.395859,0.678578
0.17883,11.1945,0.399735,0.683441
0.181321,11.1945,0.403567,0.688208
0.183811,11.1945,0.407355,0.692881
0.186302,11.1945,0.411101,0.697462
0.188792,11.1945,0.414804,0.701952
0.191283,11.1945,0.418465,0.706352
0.193774,11.1945,0.422083,0.710666
0.196264,11.1945,0.425659,0.714893
0.198755,11.1945,0.429194,0.719036
0.002,11.7591,0.00672679,0.0134458
0.00449057,11.7591,0.0150565,0.0300707
0.00698113,11.7591,0.0233333,0.0465575
0.0094717,11.7591,0.0315565,0.0629
0.0119623,11.7591,0.0397254,0.0790922
0.0144528,11.7591,0.0478394,0.0951283
0.0169434,11.7591,0.0558978,0.111003
0.019434,11.7591,0.0639,0.126711
0.0219245,11.7591,0.0718455,0.142248
0.0244151,11.7591,0.0797338,0.157609
0.0269057,11.7591,0.0875643,0.172791
0.0293962,11.7591,0.0953366,0.187789
0.0318868,11.7591,0.10305,0.2026
0.0343774,11.7591,0.110705,0.217221
0.0368679,11.7591,0.1183,0.231649
0.0393585,11.7591,0.125835,0.245882
0.0418491,11.7591,0.13331,0.259917
0.0443396,11.7591,0.140724,0.273751
0.0468302,11.7591,0.148078,0.287385
0.0493208,11.7591,0.15537,0.300815
0.0518113,11.7591,0.162601,0.314041
0.0543019,11.7591,0.169771,0.327062
0.0567925,11.7591,0.176879,0.339878
0.059283,11.7591,0.183925,0.352487
0.0617736,11.7591,0.190909,0.36489
0.0642642,11.7591,0.197831,0.377087
0.0667547,11.7591,0.204691,0.389077
0.0692453,11.7591,0.211488,0.400862
0.0717358,11.7591,0.218223,0.412441
0.0742264,11.7591,0.224896,0.423816
0.076717,11.7591,0.231506,0.434988
0.0792075,11.7591,0.238054,0.445957
0.0816981,11.7591,0.244539,0.456725
0.0841887,11.7591,0.250962,0.467294
0.0866792,11.7591,0.257323,0.477664
0.0891698,11.7591,0.263621,0.487838
0.0916604,11.7591,0.269857,0.497817
0.0941509,11.7591,0.276031,0.507604
0.0966415,11.7591,0.282144,0.517199
0.0991321,11.7591,0.288194,0.526606
0.101623,11.7591,0.294183,0.535826
0.104113,11.7591,0.30011,0.544862
0.106604,11.7591,0.305976,0.553716
0.109094,11.7591,0.311781,0.562389
0.111585,11.7591,0.317525,0.570886
0.114075,11.7591,0.323209,0.579208
0.116566,11.7591,0.328832,0.587357
0.119057,11.7591,0.334394,0.595337
0.121547,11.7591,0.339897,0.603149
0.124038,11.7591,0.34534,0.610797
0.126528,11.7591,0.350724,0.618283
0.129019,11.7591,0.356049,0.62561
0.131509,11.7591,0.361314,0.632779
0.134,11.7591,0.366521,0.639795
0.136491,11.7591,0.37167,0.64666
0.138981,11.7591,0.376761,0.653375
0.141472,11.7591,0.381795,0.659945
0.143962,11.7591,0.386771,0.666372
0.146453,11.7591,0.39169,0.672657
0.148943,11.7591,0.396553,0.678805
0.151434,11.7591,0.401359,0.684817
0.153925,11.7591,0.40611,0.690696
0.156415,11.7591,0.410805,0.696445
0.158906,11.7591,0.415445,0.702067
0.161396,11.7591,0.42003,0.707563
0.163887,11.7591,0.42456,0.712937
0.166377,11.7591,0.429037,0.71819
0.168868,11.7591,0.43346,0.723326
0.171358,11.7591,0.437829,0.728346
0.173849,11.7591,0.442146,0.733254
0.17634,11.7591,0.44641,0.738051
0.17883,11.7591,0.450622,0.742739
0.181321,11.7591,0.454783,0.747322
0.183811,11.7591,0.458892,0.751802
0.186302,11.7591,0.46295,0.75618
0.188792,11.7591,0.466958,0.760458
0.191283,11.7591,0.470915,0.76464
0.193774,11.7591,0.474823,0.768727
0.196264,11.7591,0.478681,0.77272
0.198755,11.7591,0.482491,0.776624
0.002,12.3522,0.00773993,0.0154686
0.00449057,12.3522,0.0173212,0.0345811
0.00698113,12.3522,0.0268379,0.0535177
0.0094717,12.3522,0.0362891,0.0722691
0.0119623,12.3522,0.0456738,0.0908263
0.0144528,12.3522,0.0549909,0.109181
0.0169434,12.3522,0.0642396,0.127325
0.019434,12.3522,0.0734189,0.145252
0.0219245,12.3522,0.0825281,0.162954
0.0244151,12.3522,0.0915663,0.180425
0.0269057,12.3522,0.100533,0.19766
0.0293962,12.3522,0.109427,0.214652
0.0318868,12.3522,0.118248,0.231399
0.0343774,12.3522,0.126995,0.247894
0.0368679,12.3522,0.135668,0.264135
0.0393585,12.3522,0.144266,0.280117
0.0418491,12.3522,0.152789,0.29584
0.0443396,12.3522,0.161237,0.311299
0.0468302,12.3522,0.169608,0.326493
0.0493208,12.3522,0.177903,0.341421
0.0518113,12.3522,0.18612,0.356081
0.0543019,12.3522,0.194261,0.370473
0.0567925,12.3522,0.202325,0.384597
0.059283,12.3522,0.210311,0.398453
0.0617736,12.3522,0.218219,0.41204
0.0642642,12.3522,0.226049,0.42536
0.0667547,12.3522,0.233801,0.438414
0.0692453,12.3522,0.241475,0.451203
0.0717358,12.3522,0.249071,0.463728
0.0742264,12.3522,0.256589,0.475992
0.076717,12.3522,0.264029,0.487997
0.0792075,12.3522,0.271391,0.499745
0.0816981,12.3522,0.278674,0.511237
0.0841887,12.3522,0.28588,0.522478
0.0866792,12.3522,0.293008,0.53347
0.0891698,12.3522,0.300058,0.544216
0.0916604,12.3522,0.307031,0.554719
0.0941509,12.3522,0.313926,0.564983
0.0966415,12.3522,0.320745,0.57501
0.0991321,12.3522,0.327487,0.584805
0.101623,12.3522,0.334152,0.59437
0.104113,12.3522,0.340741,0.60371
0.106604,12.3522,0.347254,0.612829
0.109094,12.3522,0.353691,0.62173
0.111585,12.3522,0.360053,0.630417
0.114075,12.3522,0.36634,0.638894
0.116566,12.3522,0.372553,0.647164
0.119057,12.3522,0.378691,0.655233
0.121547,12.3522,0.384756,0.663103
0.124038,12.3522,0.390747,0.670779
0.126528,12.3522,0.396666,0.678264
0.129019,12.3522,0.402512,0.685563
0.131509,12.3522,0.408286,0.69268
0.134,12.3522,0.413988,0.699618
0.136491,12.3522,0.41962,0.706382
0.138981,12.3522,0.425181,0.712974
0.141472,12.3522,0.430672,0.7194
0.143962,12.3522,0.436094,0.725662
0.146453,12.3522,0.441446,0.731765
0.148943,12.3522,0.446731,0.737712
0.151434,12.3522,0.451947,0.743506
0.153925,12.3522,0.457096,0.749153
0.156415,12.3522,0.462178,0.754654
0.158906,12.3522,0.467193,0.760014
0.161396,12.3522,0.472143,0.765235
0.163887,12.3522,0.477028,0.770322
0.166377,12.3522,0.481848,0.775278
0.168868,12.3522,0.486605,0.780105
0.171358,12.3522,0.491297,0.784807
0.173849,12.3522,0.495927,0.789388
0.17634,12.3522,0.500495,0.79385
0.17883,12.3522,0.505001,0.798196
0.181321,12.3522,0.509445,0.802429
0.183811,12.3522,0.51383,0.806553
0.186302,12.3522,0.518154,0.81057
0.188792,12.3522,0.522419,0.814482
0.191283,12.3522,0.526625,0.818293
0.193774,12.3522,0.530772,0.822004
0.196264,12.3522,0.534862,0.82562
0.198755,12.3522,0.538896,0.829141
0.002,12.9753,0.00889935,0.0177824
0.00449057,12.9753,0.0199115,0.0397346
0.00698113,12.9753,0.0308443,0.06146
0.0094717,12.9753,0.0416962,0.0829449
0.0119623,12.9753,0.0524656,0.104176
0.0144528,12.9753,0.0631512,0.125141
0.0169434,12.9753,0.0737515,0.145829
0.019434,12.9753,0.0842653,0.16623
0.0219245,12.9753,0.0946913,0.186333
0.0244151,12.9753,0.105028,0.206129
0.0269057,12.9753,0.115275,0.225612
0.0293962,12.9753,0.125431,0.244774
0.0318868,12.9753,0.135495,0.263608
0.0343774,12.9753,0.145466,0.282109
0.0368679,12.9753,0.155344,0.300273
0.0393585,12.9753,0.165127,0.318095
0.0418491,12.9753,0.174815,0.335573
0.0443396,12.9753,0.184407,0.352705
0.0468302,12.9753,0.193903,0.369487
0.0493208,12.9753,0.203302,0.38592
0.0518113,12.9753,0.212604,0.402003
0.0543019,12.9753,0.221808,0.417736
0.0567925,12.9753,0.230915,0.433119
0.059283,12.9753,0.239923,0.448155
0.0617736,12.9753,0.248833,0.462845
0.0642642,12.9753,0.257645,0.47719
0.0667547,12.9753,0.266358,0.491195
0.0692453,12.9753,0.274972,0.504861
0.0717358,12.9753,0.283488,0.518192
0.0742264,12.9753,0.291905,0.531192
0.076717,12.9753,0.300224,0.543866
0.0792075,12.9753,0.308444,0.556216
0.0816981,12.9753,0.316567,0.568249
0.0841887,12.9753,0.324591,0.579969
0.0866792,12.9753,0.332517,0.59138
0.0891698,12.9753,0.340346,0.602488
0.0916604,12.9753,0.348079,0.613299
0.0941509,12.9753,0.355714,0.623818
0.0966415,12.9753,0.363253,0.634051
0.0991321,12.9753,0.370696,0.644003
0.101623,12.9753,0.378044,0.653679
0.104113,12.9753,0.385297,0.663087
0.106604,12.9753,0.392456,0.672231
0.109094,12.9753,0.39952,0.681117
0.111585,12.9753,0.406492,0.689752
0.114075,12.9753,0.413371,0.698141
0.116566,12.9753,0.420157,0.706291
0.119057,12.9753,0.426853,0.714206
0.121547,12.9753,0.433457,0.721893
0.124038,12.9753,0.439972,0.729357
0.126528,12.9753,0.446397,0.736604
0.129019,12.9753,0.452733,0.74364
0.131509,12.9753,0.458982,0.750471
0.134,12.9753,0.465143,0.757101
0.136491,12.9753,0.471218,0.763536
0.138981,12.9753,0.477207,0.769781
0.141472,12.9753,0.483112,0.775842
0.143962,12.9753,0.488932,0.781724
0.146453,12.9753,0.494669,0.787432
0.148943,12.9753,0.500323,0.79297
0.151434,12.9753,0.505896,0.798344
0.153925,12.9753,0.511388,0.803558
0.156415,12.9753,0.516799,0.808617
0.158906,12.9753,0.522132,0.813525
0.161396,12.9753,0.527386,0.818287
0.163887,12.9753,0.532563,0.822907
0.166377,12.9753,0.537662,0.827389
0.168868,12.9753,0.542686,0.831738
0.171358,12.9753,0.547635,0.835957
0.173849,12.9753,0.55251,0.84005
0.17634,12.9753,0.557311,0.844021
0.17883,12.9753,0.56204,0.847874
0.181321,12.9753,0.566697,0.851612
0.183811,12.9753,0.571284,0.855239
0.186302,12.9753,0.5758,0.858758
0.188792,12.9753,0.580248,0.862172
0.191283,12.9753,0.584627,0.865485
0.193774,12.9753,0.588938,0.8687
0.196264,12.9753,0.593183,0.87182
0.198755,12.9753,0.597362,0.874847
0.002,13.6297,0.0102245,0.0204258
0.00449057,13.6297,0.0228702,0.0456134
0.00698113,13.6297,0.0354174,0.0705056
0.0094717,13.6297,0.0478636,0.0950819
0.0119623,13.6297,0.0602066,0.119323
0.0144528,13.6297,0.0724443,0.143212
0.0169434,13.6297,0.0845747,0.166732
0.019434,13.6297,0.0965959,0.189869
0.0219245,13.6297,0.108506,0.212609
0.0244151,13.6297,0.120303,0.23494
0.0269057,13.6297,0.131987,0.256852
0.0293962,13.6297,0.143554,0.278335
0.0318868,13.6297,0.155004,0.299382
0.0343774,13.6297,0.166336,0.319987
0.0368679,13.6297,0.177549,0.340143
0.0393585,13.6297,0.188641,0.359848
0.0418491,13.6297,0.199612,0.379098
0.0443396,13.6297,0.210461,0.397891
0.0468302,13.6297,0.221187,0.416227
0.0493208,13.6297,0.231789,0.434107
0.0518113,13.6297,0.242267,0.451531
0.0543019,13.6297,0.252621,0.468501
0.0567925,13.6297,0.26285,0.485021
0.059283,13.6297,0.272954,0.501094
0.0617736,13.6297,0.282933,0.516725
0.0642642,13.6297,0.292786,0.531919
0.0667547,13.6297,0.302514,0.54668
0.0692453,13.6297,0.312116,0.561016
0.0717358,13.6297,0.321594,0.574934
0.0742264,13.6297,0.330946,0.588439
0.076717,13.6297,0.340174,0.601539
0.0792075,13.6297,0.349277,0.614242
0.0816981,13.6297,0.358256,0.626556
0.0841887,13.6297,0.367111,0.638489
0.0866792,13.6297,0.375844,0.65005
0.0891698,13.6297,0.384454,0.661246
0.0916604,13.6297,0.392942,0.672086
0.0941509,13.6297,0.401309,0.68258
0.0966415,13.6297,0.409556,0.692735
0.0991321,13.6297,0.417682,0.702561
0.101623,13.6297,0.42569,0.712066
0.104113,13.6297,0.43358,0.721259
0.106604,13.6297,0.441353,0.730148
0.109094,13.6297,0.449009,0.738743
0.111585,13.6297,0.45655,0.747051
0.114075,13.6297,0.463976,0.755081
0.116566,13.6297,0.471289,0.762842
0.119057,13.6297,0.47849,0.770341
0.121547,13.6297,0.485579,0.777587
0.124038,13.6297,0.492558,0.784587
0.126528,13.6297,0.499428,0.791349
0.129019,13.6297,0.50619,0.79788
0.131509,13.6297,0.512845,0.804189
0.134,13.6297,0.519395,0.810283
0.136491,13.6297,0.52584,0.816167
0.138981,13.6297,0.532181,0.82185
0.141472,13.6297,0.53842,0.827338
0.143962,13.6297,0.544558,0.832637
0.146453,13.6297,0.550596,0.837754
0.148943,13.6297,0.556536,0.842696
0.151434,13.6297,0.562378,0.847467
0.153925,13.6297,0.568124,0.852075
0.156415,13.6297,0.573776,0.856523
0.158906,13.6297,0.579333,0.860819
0.161396,13.6297,0.584798,0.864968
0.163887,13.6297,0.590171,0.868974
0.166377,13.6297,0.595455,0.872842
0.168868,13.6297,0.60065,0.876578
0.171358,13.6297,0.605757,0.880186
0.173849,13.6297,0.610777,0.88367
0.17634,13.6297,0.615713,0.887035
0.17883,13.6297,0.620564,0.890286
0.181321,13.6297,0.625333,0.893425
0.183811,13.6297,0.63002,0.896458
0.186302,13.6297,0.634626,0.899388
0.188792,13.6297,0.639153,0.902218
0.191283,13.6297,0.643602,0.904953
0.193774,13.6297,0.647975,0.907595
0.196264,13.6297,0.652271,0.910148
0.198755,13.6297,0.656493,0.912616
0.002,14.3172,0.0117372,0.023441
0.00449057,14.3172,0.0262449,0.0523077
0.00698113,14.3172,0.0406288,0.0807853
0.0094717,14.3172,0.0548855,0.108844
0.0119623,14.3172,0.0690117,0.136457
0.0144528,14.3172,0.0830042,0.163599
0.0169434,14.3172,0.0968602,0.190246
0.019434,14.3172,0.110577,0.21638
0.0219245,14.3172,0.124151,0.241981
0.0244151,14.3172,0.137582,0.267035
0.0269057,14.3172,0.150866,0.291527
0.0293962,14.3172,0.164001,0.315448
0.0318868,14.3172,0.176986,0.338787
0.0343774,14.3172,0.189819,0.361538
0.0368679,14.3172,0.202498,0.383696
0.0393585,14.3172,0.215022,0.405258
0.0418491,14.3172,0.22739,0.426223
0.0443396,14.3172,0.239601,0.446591
0.0468302,14.3172,0.251654,0.466365
0.0493208,14.3172,0.263548,0.485548
0.0518113,14.3172,0.275283,0.504144
0.0543019,14.3172,0.286858,0.52216
0.0567925,14.3172,0.298273,0.539603
0.059283,14.3172,0.309527,0.55648
0.0617736,14.3172,0.320622,0.572802
0.0642642,14.3172,0.331555,0.588577
0.0667547,14.3172,0.342329,0.603817
0.0692453,14.3172,0.352943,0.618532
0.0717358,14.3172,0.363398,0.632733
0.0742264,14.3172,0.373694,0.646433
0.076717,14.3172,0.383831,0.659645
0.0792075,14.3172,0.393811,0.67238
0.0816981,14.3172,0.403635,0.684651
0.0841887,14.3172,0.413302,0.696472
0.0866792,14.3172,0.422815,0.707855
0.0891698,14.3172,0.432173,0.718813
0.0916604,14.3172,0.441379,0.729359
0.0941509,14.3172,0.450433,0.739506
0.0966415,14.3172,0.459337,0.749267
0.0991321,14.3172,0.468092,0.758655
0.101623,14.3172,0.4767,0.767682
0.104113,14.3172,0.485161,0.77636
0.106604,14.3172,0.493477,0.784701
0.109094,14.3172,0.501649,0.792718
0.111585,14.3172,0.50968,0.800422
0.114075,14.3172,0.517571,0.807823
0.116566,14.3172,0.525323,0.814934
0.119057,14.3172,0.532938,0.821765
0.121547,14.3172,0.540417,0.828327
0.124038,14.3172,0.547763,0.834629
0.126528,14.3172,0.554977,0.840682
0.129019,14.3172,0.56206,0.846495
0.131509,14.3172,0.569015,0.852077
0.134,14.3172,0.575843,0.857438
0.136491,14.3172,0.582546,0.862586
0.138981,14.3172,0.589126,0.86753
0.141472,14.3172,0.595584,0.872277
0.143962,14.3172,0.601923,0.876836
0.146453,14.3172,0.608143,0.881214
0.148943,14.3172,0.614247,0.885419
0.151434,14.3172,0.620237,0.889457
0.153925,14.3172,0.626114,0.893335
0.156415,14.3172,0.631881,0.897059
0.158906,14.3172,0.637538,0.900636
0.161396,14.3172,0.643087,0.904073
0.163887,14.3172,0.648532,0.907374
0.166377,14.3172,0.653872,0.910545
0.168868,14.3172,0.65911,0.913592
0.171358,14.3172,0.664247,0.916519
0.173849,14.3172,0.669286,0.919332
0.17634,14.3172,0.674228,0.922035
0.17883,14.3172,0.679074,0.924633
0.181321,14.3172,0.683826,0.927129
0.183811,14.3172,0.688487,0.92953
0.186302,14.3172,0.693056,0.931837
0.188792,14.3172,0.697537,0.934055
0.191283,14.3172,0.701931,0.936189
0.193774,14.3172,0.706238,0.93824
0.196264,14.3172,0.710462,0.940213
0.198755,14.3172,0.714602,0.94211
0.002,15.0393,0.0134613,0.0268751
0.00449057,15.0393,0.0300875,0.0599152
0.00698113,15.0393,0.0465568,0.0924385
0.0094717,15.0393,0.062864,0.124402
0.0119623,15.0393,0.0790044,0.155768
0.0144528,15.0393,0.0949735,0.1865
0.0169434,15.0393,0.110767,0.216567
0.019434,15.0393,0.126381,0.245943
0.0219245,15.0393,0.141812,0.274604
0.0244151,15.0393,0.157056,0.30253
0.0269057,15.0393,0.172111,0.329706
0.0293962,15.0393,0.186973,0.35612
0.0318868,15.0393,0.201641,0.381762
0.0343774,15.0393,0.216111,0.406627
0.0368679,15.0393,0.230383,0.430712
0.0393585,15.0393,0.244454,0.454019
0.0418491,15.0393,0.258322,0.476549
0.0443396,15.0393,0.271988,0.498308
0.0468302,15.0393,0.285448,0.519303
0.0493208,15.0393,0.298704,0.539545
0.0518113,15.0393,0.311755,0.559044
0.0543019,15.0393,0.324599,0.577814
0.0567925,15.0393,0.337238,0.595868
0.059283,15.0393,0.34967,0.613222
0.0617736,15.0393,0.361897,0.629893
0.0642642,15.0393,0.373919,0.645897
0.0667547,15.0393,0.385737,0.661253
0.0692453,15.0393,0.397351,0.675978
0.0717358,15.0393,0.408762,0.690093
0.0742264,15.0393,0.419972,0.703615
0.076717,15.0393,0.430981,0.716565
0.0792075,15.0393,0.441792,0.728961
0.0816981,15.0393,0.452405,0.740823
0.0841887,15.0393,0.462822,0.752169
0.0866792,15.0393,0.473045,0.763019
0.0891698,15.0393,0.483077,0.773392
0.0916604,15.0393,0.492918,0.783306
0.0941509,15.0393,0.50257,0.792778
0.0966415,15.0393,0.512037,0.801827
0.0991321,15.0393,0.521319,0.81047
0.101623,15.0393,0.53042,0.818724
0.104113,15.0393,0.539341,0.826604
0.106604,15.0393,0.548085,0.834128
0.109094,15.0393,0.556654,0.841309
0.111585,15.0393,0.565051,0.848163
0.114075,15.0393,0.573278,0.854705
0.116566,15.0393,0.581337,0.860947
0.119057,15.0393,0.589232,0.866904
0.121547,15.0393,0.596964,0.872589
0.124038,15.0393,0.604536,0.878013
0.126528,15.0393,0.611951,0.883188
0.129019,15.0393,0.619211,0.888127
0.131509,15.0393,0.626319,0.892839
0.134,15.0393,0.633278,0.897335
0.136491,15.0393,0.64009,0.901626
0.138981,15.0393,0.646757,0.90572
0.141472,15.0393,0.653282,0.909628
0.143962,15.0393,0.659669,0.913357
0.146453,15.0393,0.665918,0.916916
0.148943,15.0393,0.672033,0.920313
0.151434,15.0393,0.678017,0.923556
0.153925,15.0393,0.683872,0.926652
0.156415,15.0393,0.689599,0.929608
0.158906,15.0393,0.695203,0.93243
0.161396,15.0393,0.700685,0.935126
0.163887,15.0393,0.706047,0.9377
0.166377,15.0393,0.711293,0.940159
0.168868,15.0393,0.716423,0.942508
0.171358,15.0393,0.721442,0.944752
0.173849,15.0393,0.72635,0.946896
0.17634,15.0393,0.73115,0.948945
0.17883,15.0393,0.735845,0.950904
0.181321,15.0393,0.740436,0.952776
0.183811,15.0393,0.744927,0.954566
0.186302,15.0393,0.749318,0.956278
0.188792,15.0393,0.753612,0.957915
0.191283,15.0393,0.757811,0.959481
0.193774,15.0393,0.761917,0.960979
0.196264,15.0393,0.765932,0.962412
0.198755,15.0393,0.769858,0.963783
0.002,15.7979,0.0154233,0.0307792
0.00449057,15.7979,0.0344552,0.068541
0.00698113,15.7979,0.0532861,0.105611
0.0094717,15.7979,0.0719086,0.14193
0.0119623,15.7979,0.0903159,0.177442
0.0144528,15.7979,0.108501,0.2121
0.0169434,15.7979,0.126459,0.245862
0.019434,15.7979,0.144184,0.278692
0.0219245,15.7979,0.16167,0.310564
0.0244151,15.7979,0.178913,0.341452
0.0269057,15.7979,0.195909,0.371342
0.0293962,15.7979,0.212655,0.400222
0.0318868,15.7979,0.229147,0.428086
0.0343774,15.7979,0.245382,0.454933
0.0368679,15.7979,0.261357,0.480767
0.0393585,15.7979,0.277072,0.505595
0.0418491,15.7979,0.292524,0.529428
0.0443396,15.7979,0.307713,0.552282
0.0468302,15.7979,0.322636,0.574173
0.0493208,15.7979,0.337294,0.595122
0.0518113,15.7979,0.351687,0.61515
0.0543019,15.7979,0.365815,0.634282
0.0567925,15.7979,0.379678,0.652543
0.059283,15.7979,0.393277,0.669959
0.0617736,15.7979,0.406613,0.686558
0.0642642,15.7979,0.419687,0.702367
0.0667547,15.7979,0.432501,0.717416
0.0692453,15.7979,0.445057,0.731733
0.0717358,15.7979,0.457357,0.745345
0.0742264,15.7979,0.469403,0.758283
0.076717,15.7979,0.481196,0.770573
0.0792075,15.7979,0.492741,0.782244
0.0816981,15.7979,0.504039,0.793323
0.0841887,15.7979,0.515094,0.803836
0.0866792,15.7979,0.525907,0.81381
0.0891698,15.7979,0.536484,0.823269
0.0916604,15.7979,0.546826,0.832238
0.0941509,15.7979,0.556937,0.840741
0.0966415,15.7979,0.56682,0.8488
0.0991321,15.7979,0.576479,0.856438
0.101623,15.7979,0.585918,0.863675
0.104113,15.7979,0.595139,0.870532
0.106604,15.7979,0.604148,0.877028
0.109094,15.7979,0.612946,0.883182
0.111585,15.7979,0.621539,0.889011
0.114075,15.7979,0.62993,0.894533
0.116566,15.7979,0.638122,0.899763
0.119057,15.7979,0.646119,0.904717
0.121547,15.7979,0.653925,0.90941
0.124038,15.7979,0.661544,0.913855
0.126528,15.7979,0.66898,0.918066
0.129019,15.7979,0.676236,0.922056
0.131509,15.7979,0.683316,0.925835
0.134,15.7979,0.690224,0.929417
0.136491,15.7979,0.696963,0.93281
0.138981,15.7979,0.703538,0.936026
0.141472,15.7979,0.70995,0.939074
0.143962,15.7979,0.716205,0.941963
0.146453,15.7979,0.722306,0.944702
0.148943,15.7979,0.728256,0.947299
0.151434,15.7979,0.734058,0.949762
0.153925,15.7979,0.739717,0.952097
0.156415,15.7979,0.745235,0.954312
0.158906,15.7979,0.750615,0.956414
0.161396,15.7979,0.755861,0.958408
0.163887,15.7979,0.760977,0.960301
0.166377,15.7979,0.765964,0.962097
0.168868,15.7979,0.770827,0.963802
0.171358,15.7979,0.775568,0.965421
0.173849,15.7979,0.78019,0.966959
0.17634,15.7979,0.784696,0.968419
0.17883,15.7979,0.789089,0.969807
0.181321,15.7979,0.793372,0.971125
0.183811,15.7979,0.797547,0.972378
0.186302,15.7979,0.801618,0.97357
0.188792,15.7979,0.805586,0.974702
0.191283,15.7979,0.809455,0.975779
0.193774,15.7979,0.813226,0.976804
0.196264,15.7979,0.816903,0.977779
0.198755,15.7979,0.820487,0.978706
0.002,16.5947,0.0176523,0.0352093
0.00449057,16.5947,0.0394099,0.0782969
0.00698113,16.5947,0.0609079,0.120455
0.0094717,16.5947,0.0821355,0.161598
0.0119623,16.5947,0.103083,0.201652
0.0144528,16.5947,0.123741,0.240552
0.0169434,16.5947,0.144102,0.278246
0.019434,16.5947,0.164157,0.314689
0.0219245,16.5947,0.183901,0.34985
0.0244151,16.5947,0.203326,0.383706
0.0269057,16.5947,0.222428,0.416242
0.0293962,16.5947,0.241201,0.447454
0.0318868,16.5947,0.259643,0.477343
0.0343774,16.5947,0.277749,0.505919
0.0368679,16.5947,0.295517,0.533199
0.0393585,16.5947,0.312945,0.559203
0.0418491,16.5947,0.330032,0.583957
0.0443396,16.5947,0.346776,0.607493
0.0468302,16.5947,0.363178,0.629842
0.0493208,16.5947,0.379238,0.651042
0.0518113,16.5947,0.394956,0.671132
0.0543019,16.5947,0.410333,0.690151
0.0567925,16.5947,0.425372,0.708141
0.059283,16.5947,0.440074,0.725143
0.0617736,16.5947,0.454442,0.7412
0.0642642,16.5947,0.468479,0.756355
0.0667547,16.5947,0.482188,0.770648
0.0692453,16.5947,0.495571,0.784122
0.0717358,16.5947,0.508634,0.796817
0.0742264,16.5947,0.52138,0.808772
0.076717,16.5947,0.533813,0.820027
0.0792075,16.5947,0.545938,0.830617
0.0816981,16.5947,0.557758,0.840579
0.0841887,16.5947,0.56928,0.849948
0.0866792,16.5947,0.580508,0.858757
0.0891698,16.5947,0.591447,0.867037
0.0916604,16.5947,0.602103,0.874819
0.0941509,16.5947,0.612479,0.882131
0.0966415,16.5947,0.622583,0.889002
0.0991321,16.5947,0.632418,0.895457
0.101623,16.5947,0.641992,0.901521
0.104113,16.5947,0.651308,0.907218
0.106604,16.5947,0.660373,0.912569
0.109094,16.5947,0.669192,0.917595
0.111585,16.5947,0.677771,0.922317
0.114075,16.5947,0.686115,0.926753
0.116566,16.5947,0.694229,0.930921
0.119057,16.5947,0.702119,0.934836
0.121547,16.5947,0.70979,0.938515
0.124038,16.5947,0.717248,0.941972
0.126528,16.5947,0.724498,0.945221
0.129019,16.5947,0.731544,0.948275
0.131509,16.5947,0.738393,0.951146
0.134,16.5947,0.745049,0.953846
0.136491,16.5947,0.751518,0.956384
0.138981,16.5947,0.757803,0.958771
0.141472,16.5947,0.76391,0.961017
0.143962,16.5947,0.769844,0.96313
0.146453,16.5947,0.77561,0.965118
0.148943,16.5947,0.781211,0.966989
0.151434,16.5947,0.786653,0.96875
0.153925,16.5947,0.79194,0.970409
0.156415,16.5947,0.797076,0.971971
0.158906,16.5947,0.802065,0.973443
0.161396,16.5947,0.806911,0.974829
0.163887,16.5947,0.811619,0.976135
0.166377,16.5947,0.816192,0.977367
0.168868,16.5947,0.820635,0.978528
0.171358,16.5947,0.82495,0.979624
0.173849,16.5947,0.829142,0.980657
0.17634,16.5947,0.833214,0.981631
0.17883,16.5947,0.83717,0.982551
0.181321,16.5947,0.841012,0.98342
0.183811,16.5947,0.844745,0.98424
0.186302,16.5947,0.848371,0.985014
0.188792,16.5947,0.851894,0.985746
0.191283,16.5947,0.855317,0.986437
0.193774,16.5947,0.858642,0.987091
0.196264,16.5947,0.861872,0.987709
0.198755,16.5947,0.865011,0.988293
0.002,17.4317,0.0201799,0.0402256
0.00449057,17.4317,0.0450184,0.0892999
0.00698113,17.4317,0.0695188,0.13712
0.0094717,17.4317,0.093666,0.183569
0.0119623,17.4317,0.117446,0.228545
0.0144528,17.4317,0.140846,0.271966
0.0169434,17.4317,0.163856,0.313767
0.019434,17.4317,0.186464,0.3539
0.0219245,17.4317,0.208662,0.392331
0.0244151,17.4317,0.230441,0.429044
0.0269057,17.4317,0.251797,0.464034
0.0293962,17.4317,0.272721,0.497311
0.0318868,17.4317,0.293211,0.528894
0.0343774,17.4317,0.313264,0.558813
0.0368679,17.4317,0.332875,0.587104
0.0393585,17.4317,0.352045,0.613812
0.0418491,17.4317,0.370772,0.638988
0.0443396,17.4317,0.389056,0.662686
0.0468302,17.4317,0.4069,0.684963
0.0493208,17.4317,0.424305,0.70588
0.0518113,17.4317,0.441273,0.725498
0.0543019,17.4317,0.457807,0.743879
0.0567925,17.4317,0.473912,0.761086
0.059283,17.4317,0.489592,0.77718
0.0617736,17.4317,0.504852,0.792222
0.0642642,17.4317,0.519697,0.806272
0.0667547,17.4317,0.534133,0.819386
0.0692453,17.4317,0.548167,0.831622
0.0717358,17.4317,0.561804,0.843031
0.0742264,17.4317,0.575052,0.853666
0.076717,17.4317,0.587918,0.863576
0.0792075,17.4317,0.600409,0.872807
0.0816981,17.4317,0.612533,0.881403
0.0841887,17.4317,0.624296,0.889407
0.0866792,17.4317,0.635708,0.896858
0.0891698,17.4317,0.646776,0.903793
0.0916604,17.4317,0.657507,0.910247
0.0941509,17.4317,0.667911,0.916253
0.0966415,17.4317,0.677994,0.921843
0.0991321,17.4317,0.687765,0.927044
0.101623,17.4317,0.697231,0.931884
0.104113,17.4317,0.706402,0.936388
0.106604,17.4317,0.715284,0.94058
0.109094,17.4317,0.723886,0.944482
0.111585,17.4317,0.732215,0.948114
0.114075,17.4317,0.740278,0.951495
0.116566,17.4317,0.748084,0.954643
0.119057,17.4317,0.75564,0.957574
0.121547,17.4317,0.762954,0.960304
0.124038,17.4317,0.770031,0.962848
0.126528,17.4317,0.77688,0.965218
0.129019,17.4317,0.783507,0.967426
0.131509,17.4317,0.789919,0.969484
0.134,17.4317,0.796123,0.971403
0.136491,17.4317,0.802126,0.973193
0.138981,17.4317,0.807932,0.974862
0.141472,17.4317,0.81355,0.976419
0.143962,17.4317,0.818984,0.977872
0.146453,17.4317,0.82424,0.979229
0.148943,17.4317,0.829325,0.980495
0.151434,17.4317,0.834244,0.981678
0.153925,17.4317,0.839002,0.982783
0.156415,17.4317,0.843605,0.983816
0.158906,17.4317,0.848057,0.984781
0.161396,17.4317,0.852363,0.985684
0.163887,17.4317,0.856529,0.986528
0.166377,17.4317,0.860559,0.987317
0.168868,17.4317,0.864458,0.988056
0.171358,17.4317,0.868229,0.988748
0.173849,17.4317,0.871878,0.989396
0.17634,17.4317,0.875408,0.990002
0.17883,17.4317,0.878824,0.990571
0.181321,17.4317,0.882128,0.991103
0.183811,17.4317,0.885326,0.991603
0.186302,17.4317,0.888419,0.992071
0.188792,17.4317,0.891413,0.992511
0.191283,17.4317,0.894311,0.992923
0.193774,17.4317,0.897115,0.99331
0.196264,17.4317,0.899829,0.993674
0.198755,17.4317,0.902456,0.994015
0.002,18.311,0.0230403,0.0458926
0.00449057,18.311,0.0513519,0.101671
0.00698113,18.311,0.0792203,0.155754
0.0094717,18.311,0.106625,0.207984
0.0119623,18.311,0.133545,0.258228
0.0144528,18.311,0.159966,0.306384
0.0169434,18.311,0.18587,0.35238
0.019434,18.311,0.211246,0.396166
0.0219245,18.311,0.236081,0.437721
0.0244151,18.311,0.260366,0.477042
0.0269057,18.311,0.284094,0.514148
0.0293962,18.311,0.307259,0.549077
0.0318868,18.311,0.329855,0.581877
0.0343774,18.311,0.351882,0.612613
0.0368679,18.311,0.373337,0.641357
0.0393585,18.311,0.39422,0.668188
0.0418491,18.311,0.414534,0.693191
0.0443396,18.311,0.434281,0.716456
0.0468302,18.311,0.453464,0.738073
0.0493208,18.311,0.47209,0.758133
0.0518113,18.311,0.490164,0.776728
0.0543019,18.311,0.507692,0.793948
0.0567925,18.311,0.524683,0.809879
0.059283,18.311,0.541145,0.824606
0.0617736,18.311,0.557086,0.83821
0.0642642,18.311,0.572517,0.850769
0.0667547,18.311,0.587447,0.862358
0.0692453,18.311,0.601887,0.873046
0.0717358,18.311,0.615848,0.882899
0.0742264,18.311,0.62934,0.891979
0.076717,18.311,0.642375,0.900346
0.0792075,18.311,0.654964,0.908052
0.0816981,18.311,0.66712,0.91515
0.0841887,18.311,0.678852,0.921686
0.0866792,18.311,0.690174,0.927705
0.0891698,18.311,0.701097,0.933246
0.0916604,18.311,0.711632,0.938349
0.0941509,18.311,0.721791,0.943047
0.0966415,18.311,0.731586,0.947374
0.0991321,18.311,0.741027,0.951358
0.101623,18.311,0.750127,0.955028
0.104113,18.311,0.758895,0.958408
0.106604,18.311,0.767343,0.961522
0.109094,18.311,0.775482,0.964392
0.111585,18.311,0.783321,0.967037
0.114075,18.311,0.790872,0.969475
0.116566,18.311,0.798143,0.971722
0.119057,18.311,0.805145,0.973796
0.121547,18.311,0.811887,0.975708
0.124038,18.311,0.818379,0.977472
0.126528,18.311,0.824628,0.979101
0.129019,18.311,0.830645,0.980605
0.131509,18.311,0.836438,0.981993
0.134,18.311,0.842014,0.983276
0.136491,18.311,0.847382,0.984461
0.138981,18.311,0.852549,0.985557
0.141472,18.311,0.857523,0.98657
0.143962,18.311,0.862311,0.987507
0.146453,18.311,0.86692,0.988374
0.148943,18.311,0.871358,0.989176
0.151434,18.311,0.875629,0.989919
0.153925,18.311,0.879741,0.990607
0.156415,18.311,0.8837,0.991245
0.158906,18.311,0.887512,0.991835
0.161396,18.311,0.891181,0.992383
0.163887,18.311,0.894715,0.992891
0.166377,18.311,0.898117,0.993363
0.168868,18.311,0.901393,0.9938
0.171358,18.311,0.904548,0.994206
0.173849,18.311,0.907587,0.994583
0.17634,18.311,0.910514,0.994934
0.17883,18.311,0.913333,0.99526
0.181321,18.311,0.916048,0.995563
0.183811,18.311,0.918664,0.995845
0.186302,18.311,0.921184,0.996107
0.188792,18.311,0.923613,0.996351
0.191283,18.311,0.925953,0.996578
0.193774,18.311,0.928208,0.99679
0.196264,18.311,0.930382,0.996987
0.198755,18.311,0.932477,0.997171
0.002,19.2345,0.0262704,0.0522787
0.00449057,19.2345,0.0584856,0.115531
0.00698113,19.2345,0.0901171,0.176494
0.0094717,19.2345,0.121136,0.234956
0.0119623,19.2345,0.151516,0.290752
0.0144528,19.2345,0.181235,0.343766
0.0169434,19.2345,0.210273,0.393921
0.019434,19.2345,0.238613,0.441186
0.0219245,19.2345,0.266242,0.485561
0.0244151,19.2345,0.29315,0.527081
0.0269057,19.2345,0.319327,0.565808
0.0293962,19.2345,0.34477,0.601823
0.0318868,19.2345,0.369476,0.635228
0.0343774,19.2345,0.393444,0.666137
0.0368679,19.2345,0.416675,0.694674
0.0393585,19.2345,0.439175,0.720968
0.0418491,19.2345,0.460949,0.745153
0.0443396,19.2345,0.482004,0.767361
0.0468302,19.2345,0.502349,0.787726
0.0493208,19.2345,0.521995,0.806377
0.0518113,19.2345,0.540953,0.823439
0.0543019,19.2345,0.559237,0.839032
0.0567925,19.2345,0.576859,0.85327
0.059283,19.2345,0.593834,0.866262
0.0617736,19.2345,0.610178,0.878109
0.0642642,19.2345,0.625906,0.888906
0.0667547,19.2345,0.641034,0.898742
0.0692453,19.2345,0.655579,0.9077
0.0717358,19.2345,0.669558,0.915855
0.0742264,19.2345,0.682987,0.923278
0.076717,19.2345,0.695883,0.930033
0.0792075,19.2345,0.708264,0.93618
0.0816981,19.2345,0.720146,0.941774
0.0841887,19.2345,0.731546,0.946863
0.0866792,19.2345,0.742481,0.951494
0.0891698,19.2345,0.752967,0.955709
0.0916604,19.2345,0.76302,0.959545
0.0941509,19.2345,0.772656,0.963036
0.0966415,19.2345,0.781891,0.966215
0.0991321,19.2345,0.79074,0.969109
0.101623,19.2345,0.799217,0.971745
0.104113,19.2345,0.807338,0.974147
0.106604,19.2345,0.815116,0.976335
0.109094,19.2345,0.822565,0.978329
0.111585,19.2345,0.829698,0.980148
0.114075,19.2345,0.836528,0.981806
0.116566,19.2345,0.843067,0.983319
0.119057,19.2345,0.849328,0.9847
0.121547,19.2345,0.855322,0.98596
0.124038,19.2345,0.86106,0.987111
0.126528,19.2345,0.866554,0.988163
0.129019,19.2345,0.871812,0.989124
0.131509,19.2345,0.876846,0.990002
0.134,19.2345,0.881666,0.990805
0.136491,19.2345,0.886279,0.99154
0.138981,19.2345,0.890696,0.992213
0.141472,19.2345,0.894925,0.992829
0.143962,19.2345,0.898973,0.993393
0.146453,19.2345,0.902849,0.99391
0.148943,19.2345,0.906561,0.994384
0.151434,19.2345,0.910115,0.994819
0.153925,19.2345,0.913519,0.995217
0.156415,19.2345,0.916778,0.995583
0.158906,19.2345,0.9199,0.995919
0.161396,19.2345,0.922891,0.996228
0.163887,19.2345,0.925755,0.996512
0.166377,19.2345,0.9285,0.996773
0.168868,19.2345,0.931129,0.997012
0.171358,19.2345,0.933649,0.997233
0.173849,19.2345,0.936064,0.997436
0.17634,19.2345,0.938378,0.997623
0.17883,19.2345,0.940596,0.997796
0.181321,19.2345,0.942723,0.997955
0.183811,19.2345,0.944762,0.998101
0.186302,19.2345,0.946717,0.998236
0.188792,19.2345,0.948591,0.998361
0.191283,19.2345,0.95039,0.998476
0.193774,19.2345,0.952115,0.998583
0.196264,19.2345,0.953769,0.998681
0.198755,19.2345,0.955357,0.998772
0.002,20.2047,0.0299096,0.0594557
0.00449057,20.2047,0.0664979,0.131001
0.00698113,20.2047,0.102315,0.199457
0.0094717,20.2047,0.137322,0.264555
0.0119623,20.2047,0.171484,0.326097
0.0144528,20.2047,0.204772,0.383962
0.0169434,20.2047,0.237161,0.438092
0.019434,20.2047,0.268632,0.48849
0.0219245,20.2047,0.299171,0.535212
0.0244151,20.2047,0.328766,0.578355
0.0269057,20.2047,0.357412,0.618049
0.0293962,20.2047,0.385107,0.654451
0.0318868,20.2047,0.411851,0.687736
0.0343774,20.2047,0.437651,0.718092
0.0368679,20.2047,0.462513,0.74571
0.0393585,20.2047,0.48645,0.770787
0.0418491,20.2047,0.509473,0.793513
0.0443396,20.2047,0.531598,0.814077
0.0468302,20.2047,0.552844,0.832658
0.0493208,20.2047,0.573228,0.849426
0.0518113,20.2047,0.592772,0.864543
0.0543019,20.2047,0.611497,0.878159
0.0567925,20.2047,0.629426,0.890415
0.059283,20.2047,0.646582,0.901438
0.0617736,20.2047,0.66299,0.911349
0.0642642,20.2047,0.678672,0.920256
0.0667547,20.2047,0.693655,0.928258
0.0692453,20.2047,0.707963,0.935445
0.0717358,20.2047,0.72162,0.9419
0.0742264,20.2047,0.734651,0.947697
0.076717,20.2047,0.747079,0.952902
0.0792075,20.2047,0.75893,0.957576
0.0816981,20.2047,0.770226,0.961774
0.0841887,20.2047,0.78099,0.965545
0.0866792,20.2047,0.791244,0.968932
0.0891698,20.2047,0.801011,0.971976
0.0916604,20.2047,0.810312,0.974711
0.0941509,20.2047,0.819168,0.97717
0.0966415,20.2047,0.827598,0.979382
0.0991321,20.2047,0.835621,0.981371
0.101623,20.2047,0.843257,0.98316
0.104113,20.2047,0.850524,0.984771
0.106604,20.2047,0.857437,0.986221
0.109094,20.2047,0.864016,0.987528
0.111585,20.2047,0.870274,0.988705
0.114075,20.2047,0.876228,0.989766
0.116566,20.2047,0.881892,0.990723
0.119057,20.2047,0.887281,0.991586
0.121547,20.2047,0.892407,0.992366
0.124038,20.2047,0.897283,0.993069
0.126528,20.2047,0.901923,0.993705
0.129019,20.2047,0.906336,0.994279
0.131509,20.2047,0.910536,0.994798
0.134,20.2047,0.914531,0.995268
0.136491,20.2047,0.918333,0.995693
0.138981,20.2047,0.921951,0.996078
0.141472,20.2047,0.925394,0.996427
0.143962,20.2047,0.928671,0.996743
0.146453,20.2047,0.93179,0.997029
0.148943,20.2047,0.934759,0.997289
0.151434,20.2047,0.937586,0.997525
0.153925,20.2047,0.940277,0.997739
0.156415,20.2047,0.94284,0.997933
0.158906,20.2047,0.945281,0.99811
0.161396,20.2047,0.947606,0.998271
0.163887,20.2047,0.949821,0.998417
0.166377,20.2047,0.951931,0.99855
0.168868,20.2047,0.953942,0.998671
0.171358,20.2047,0.955858,0.998782
0.173849,20.2047,0.957685,0.998882
0.17634,20.2047,0.959426,0.998974
0.17883,20.2047,0.961086,0.999058
0.181321,20.2047,0.96267,0.999134
0.183811,20.2047,0.96418,0.999204
0.186302,20.2047,0.96562,0.999267
0.188792,20.2047,0.966995,0.999326
0.191283,20.2047,0.968306,0.999379
0.193774,20.2047,0.969558,0.999428
0.196264,20.2047,0.970753,0.999472
0.198755,20.2047,0.971894,0.999513
0.002,21.2238,0.0339995,0.0674977
0.00449057,21.2238,0.0754695,0.148192
0.00698113,21.2238,0.115919,0.224736
0.0094717,21.2238,0.155296,0.296794
0.0119623,21.2238,0.193556,0.364151
0.0144528,21.2238,0.230663,0.426701
0.0169434,21.2238,0.266588,0.484439
0.019434,21.2238,0.30131,0.537444
0.0219245,21.2238,0.334816,0.58586
0.0244151,21.2238,0.367098,0.629889
0.0269057,21.2238,0.398155,0.669767
0.0293962,21.2238,0.427993,0.705757
0.0318868,21.2238,0.456621,0.738136
0.0343774,21.2238,0.484054,0.767186
0.0368679,21.2238,0.51031,0.793186
0.0393585,21.2238,0.535413,0.816408
0.0418491,21.2238,0.559387,0.837111
0.0443396,21.2238,0.58226,0.855539
0.0468302,21.2238,0.604064,0.871922
0.0493208,21.2238,0.624829,0.886471
0.0518113,21.2238,0.64459,0.899378
0.0543019,21.2238,0.663381,0.910821
0.0567925,21.2238,0.681237,0.92096
0.059283,21.2238,0.698194,0.92994
0.0617736,21.2238,0.714287,0.93789
0.0642642,21.2238,0.729551,0.944926
0.0667547,21.2238,0.744023,0.951153
0.0692453,21.2238,0.757736,0.956664
0.0717358,21.2238,0.770726,0.961541
0.0742264,21.2238,0.783025,0.965857
0.076717,21.2238,0.794666,0.969677
0.0792075,21.2238,0.805681,0.973059
0.0816981,21.2238,0.8161,0.976053
0.0841887,21.2238,0.825954,0.978705
0.0866792,21.2238,0.835271,0.981055
0.0891698,21.2238,0.844078,0.983138
0.0916604,21.2238,0.852402,0.984984
0.0941509,21.2238,0.860269,0.986622
0.0966415,21.2238,0.867702,0.988075
0.0991321,21.2238,0.874726,0.989365
0.101623,21.2238,0.881361,0.99051
0.104113,21.2238,0.887629,0.991527
0.106604,21.2238,0.89355,0.992431
0.109094,21.2238,0.899143,0.993235
0.111585,21.2238,0.904427,0.993951
0.114075,21.2238,0.909419,0.994587
0.116566,21.2238,0.914134,0.995154
0.119057,21.2238,0.918588,0.99566
0.121547,21.2238,0.922796,0.99611
0.124038,21.2238,0.926773,0.996511
0.126528,21.2238,0.93053,0.99687
0.129019,21.2238,0.93408,0.99719
0.131509,21.2238,0.937435,0.997475
0.134,21.2238,0.940606,0.997731
0.136491,21.2238,0.943604,0.997959
0.138981,21.2238,0.946438,0.998164
0.141472,21.2238,0.949118,0.998346
0.143962,21.2238,0.951651,0.99851
0.146453,21.2238,0.954048,0.998657
0.148943,21.2238,0.956315,0.998789
0.151434,21.2238,0.95846,0.998907
0.153925,21.2238,0.960489,0.999013
0.156415,21.2238,0.962409,0.999108
0.158906,21.2238,0.964227,0.999193
0.161396,21.2238,0.965948,0.99927
0.163887,21.2238,0.967578,0.999339
0.166377,21.2238,0.969121,0.999402
0.168868,21.2238,0.970583,0.999458
0.171358,21.2238,0.971968,0.999508
0.173849,21.2238,0.973281,0.999554
0.17634,21.2238,0.974525,0.999595
0.17883,21.2238,0.975704,0.999632
0.181321,21.2238,0.976822,0.999665
0.183811,21.2238,0.977883,0.999696
0.186302,21.2238,0.978889,0.999723
0.188792,21.2238,0.979843,0.999748
0.191283,21.2238,0.980749,0.99977
0.193774,21.2238,0.981609,0.99979
0.196264,21.2238,0.982425,0.999809
0.198755,21.2238,0.9832,0.999825
0.002,22.2943,0.0385837,0.0764802
0.00449057,22.2943,0.0854819,0.167206
0.00698113,22.2943,0.13103,0.252383
0.0094717,22.2943,0.17516,0.331616
0.0119623,22.2943,0.217816,0.404695
0.0144528,22.2943,0.258957,0.471577
0.0169434,22.2943,0.298551,0.53236
0.019434,22.2943,0.33658,0.587253
0.0219245,22.2943,0.373036,0.636549
0.0244151,22.2943,0.407919,0.680599
0.0269057,22.2943,0.44124,0.719791
0.0293962,22.2943,0.473018,0.75453
0.0318868,22.2943,0.503276,0.785219
0.0343774,22.2943,0.532047,0.812256
0.0368679,22.2943,0.559367,0.836017
0.0393585,22.2943,0.585275,0.856858
0.0418491,22.2943,0.609817,0.875107
0.0443396,22.2943,0.633039,0.891063
0.0468302,22.2943,0.65499,0.904998
0.0493208,22.2943,0.675719,0.917158
0.0518113,22.2943,0.695279,0.927761
0.0543019,22.2943,0.71372,0.937001
0.0567925,22.2943,0.731093,0.94505
0.059283,22.2943,0.74745,0.95206
0.0617736,22.2943,0.762841,0.958164
0.0642642,22.2943,0.777314,0.963479
0.0667547,22.2943,0.790918,0.968107
0.0692453,22.2943,0.803699,0.972138
0.0717358,22.2943,0.815702,0.975648
0.0742264,22.2943,0.826971,0.978707
0.076717,22.2943,0.837546,0.981372
0.0792075,22.2943,0.847469,0.983695
0.0816981,22.2943,0.856776,0.985722
0.0841887,22.2943,0.865505,0.987489
0.0866792,22.2943,0.87369,0.989032
0.0891698,22.2943,0.881364,0.990379
0.0916604,22.2943,0.888557,0.991556
0.0941509,22.2943,0.8953,0.992585
0.0966415,22.2943,0.90162,0.993484
0.0991321,22.2943,0.907543,0.994271
0.101623,22.2943,0.913095,0.99496
0.104113,22.2943,0.918298,0.995563
0.106604,22.2943,0.923175,0.996092
0.109094,22.2943,0.927747,0.996555
0.111585,22.2943,0.932031,0.996962
0.114075,22.2943,0.936048,0.997319
0.116566,22.2943,0.939814,0.997633
0.119057,22.2943,0.943345,0.997908
0.121547,22.2943,0.946656,0.99815
0.124038,22.2943,0.949761,0.998364
0.126528,22.2943,0.952673,0.998551
0.129019,22.2943,0.955405,0.998717
0.131509,22.2943,0.957968,0.998862
0.134,22.2943,0.960374,0.998991
0.136491,22.2943,0.962631,0.999104
0.138981,22.2943,0.964751,0.999204
0.141472,22.2943,0.96674,0.999293
0.143962,22.2943,0.968609,0.999371
0.146453,22.2943,0.970364,0.99944
0.148943,22.2943,0.972013,0.999502
0.151434,22.2943,0.973562,0.999556
0.153925,22.2943,0.975018,0.999604
0.156415,22.2943,0.976387,0.999647
0.158906,22.2943,0.977674,0.999685
0.161396,22.2943,0.978885,0.999718
0.163887,22.2943,0.980024,0.999748
0.166377,22.2943,0.981095,0.999775
0.168868,22.2943,0.982104,0.999798
0.171358,22.2943,0.983053,0.999819
0.173849,22.2943,0.983947,0.999838
0.17634,22.2943,0.984789,0.999855
0.17883,22.2943,0.985582,0.999869
0.181321,22.2943,0.986329,0.999883
0.183811,22.2943,0.987034,0.999895
0.186302,22.2943,0.987698,0.999905
0.188792,22.2943,0.988325,0.999915
0.191283,22.2943,0.988916,0.999923
0.193774,22.2943,0.989473,0.999931
0.196264,22.2943,0.989999,0.999938
0.198755,22.2943,0.990496,0.999944
0.002,23.4188,0.0437076,0.0864788
0.00449057,23.4188,0.0966158,0.18813
0.00698113,23.4188,0.14774,0.282406
0.0094717,23.4188,0.196993,0.368877
0.0119623,23.4188,0.244312,0.447395
0.0144528,23.4188,0.28965,0.518046
0.0169434,23.4188,0.33298,0.58111
0.019434,23.4188,0.37429,0.637003
0.0219245,23.4188,0.413586,0.686234
0.0244151,23.4188,0.450886,0.729366
0.0269057,23.4188,0.486221,0.766982
0.0293962,23.4188,0.519631,0.79966
0.0318868,23.4188,0.551166,0.827953
0.0343774,23.4188,0.580884,0.852384
0.0368679,23.4188,0.608847,0.873431
0.0393585,23.4188,0.635122,0.89153
0.0418491,23.4188,0.659779,0.90707
0.0443396,23.4188,0.682892,0.920397
0.0468302,23.4188,0.704532,0.931816
0.0493208,23.4188,0.724775,0.941594
0.0518113,23.4188,0.743693,0.949961
0.0543019,23.4188,0.761359,0.95712
0.0567925,23.4188,0.777844,0.963243
0.059283,23.4188,0.793216,0.968481
0.0617736,23.4188,0.807543,0.972961
0.0642642,23.4188,0.820888,0.976794
0.0667547,23.4188,0.833312,0.980074
0.0692453,23.4188,0.844876,0.982881
0.0717358,23.4188,0.855633,0.985285
0.0742264,23.4188,0.865639,0.987344
0.076717,23.4188,0.874942,0.989108
0.0792075,23.4188,0.88359,0.990621
0.0816981,23.4188,0.891629,0.991919
0.0841887,23.4188,0.899099,0.993033
0.0866792,23.4188,0.906041,0.993989
0.0891698,23.4188,0.912491,0.994811
0.0916604,23.4188,0.918483,0.995517
0.0941509,23.4188,0.924051,0.996125
0.0966415,23.4188,0.929225,0.996648
0.0991321,23.4188,0.934031,0.997098
0.101623,23.4188,0.938498,0.997487
0.104113,23.4188,0.942648,0.997821
0.106604,23.4188,0.946506,0.99811
0.109094,23.4188,0.950091,0.99836
0.111585,23.4188,0.953424,0.998575
0.114075,23.4188,0.956522,0.998762
0.116566,23.4188,0.959403,0.998923
0.119057,23.4188,0.962083,0.999062
0.121547,23.4188,0.964575,0.999183
0.124038,23.4188,0.966894,0.999288
0.126528,23.4188,0.969052,0.999379
0.129019,23.4188,0.97106,0.999458
0.131509,23.4188,0.972929,0.999526
0.134,23.4188,0.97467,0.999586
0.136491,23.4188,0.976292,0.999638
0.138981,23.4188,0.977802,0.999683
0.141472,23.4188,0.979209,0.999722
0.143962,23.4188,0.980521,0.999756
0.146453,23.4188,0.981744,0.999786
0.148943,23.4188,0.982884,0.999812
0.151434,23.4188,0.983948,0.999835
0.153925,23.4188,0.984941,0.999855
0.156415,23.4188,0.985867,0.999872
0.158906,23.4188,0.986732,0.999888
0.161396,23.4188,0.987539,0.999901
0.163887,23.4188,0.988293,0.999913
0.166377,23.4188,0.988998,0.999923
0.168868,23.4188,0.989657,0.999932
0.171358,23.4188,0.990272,0.99994
0.173849,23.4188,0.990848,0.999947
0.17634,23.4188,0.991387,0.999953
0.17883,23.4188,0.991891,0.999958
0.181321,23.4188,0.992363,0.999963
0.183811,23.4188,0.992804,0.999967
0.186302,23.4188,0.993218,0.999971
0.188792,23.4188,0.993606,0.999974
0.191283,23.4188,0.993969,0.999977
0.193774,23.4188,0.994309,0.99998
0.196264,23.4188,0.994629,0.999982
0.198755,23.4188,0.994928,0.999984
0.002,24.6,0.0494175,0.0975674
0.00449057,24.6,0.108949,0.211023
0.00698113,24.6,0.166128,0.314752
0.0094717,24.6,0.220853,0.408344
0.0119623,24.6,0.273051,0.491796
0.0144528,24.6,0.322679,0.565438
0.0169434,24.6,0.369723,0.629833
0.019434,24.6,0.414189,0.685705
0.0219245,24.6,0.45611,0.733859
0.0244151,24.6,0.495533,0.775129
0.0269057,24.6,0.532522,0.810333
0.0293962,24.6,0.567155,0.840246
0.0318868,24.6,0.599518,0.865582
0.0343774,24.6,0.629706,0.886987
0.0368679,24.6,0.65782,0.905033
0.0393585,24.6,0.683962,0.920223
0.0418491,24.6,0.708239,0.932993
0.0443396,24.6,0.730755,0.943719
0.0468302,24.6,0.751614,0.952722
0.0493208,24.6,0.770921,0.960276
0.0518113,24.6,0.788773,0.966612
0.0543019,24.6,0.805268,0.971927
0.0567925,24.6,0.820498,0.976385
0.059283,24.6,0.834552,0.980125
0.0617736,24.6,0.847513,0.983264
0.0642642,24.6,0.85946,0.985899
0.0667547,24.6,0.870469,0.988112
0.0692453,24.6,0.88061,0.989971
0.0717358,24.6,0.889948,0.991534
0.0742264,24.6,0.898546,0.992848
0.076717,24.6,0.90646,0.993955
0.0792075,24.6,0.913744,0.994886
0.0816981,24.6,0.920447,0.995671
0.0841887,24.6,0.926616,0.996333
0.0866792,24.6,0.932292,0.996891
0.0891698,24.6,0.937516,0.997362
0.0916604,24.6,0.942323,0.997761
0.0941509,24.6,0.946747,0.998097
0.0966415,24.6,0.950819,0.998382
0.0991321,24.6,0.954567,0.998623
0.101623,24.6,0.958018,0.998828
0.104113,24.6,0.961195,0.999001
0.106604,24.6,0.964121,0.999148
0.109094,24.6,0.966816,0.999273
0.111585,24.6,0.969299,0.999379
0.114075,24.6,0.971587,0.999469
0.116566,24.6,0.973696,0.999545
0.119057,24.6,0.97564,0.999611
0.121547,24.6,0.977433,0.999666
0.124038,24.6,0.979087,0.999714
0.126528,24.6,0.980612,0.999755
0.129019,24.6,0.98202,0.999789
0.131509,24.6,0.98332,0.999819
0.134,24.6,0.98452,0.999844
0.136491,24.6,0.985629,0.999866
0.138981,24.6,0.986653,0.999884
0.141472,24.6,0.987599,0.9999
0.143962,24.6,0.988474,0.999914
0.146453,24.6,0.989284,0.999926
0.148943,24.6,0.990032,0.999936
0.151434,24.6,0.990725,0.999944
0.153925,24.6,0.991366,0.999952
0.156415,24.6,0.99196,0.999958
0.158906,24.6,0.99251,0.999964
0.161396,24.6,0.99302,0.999969
0.163887,24.6,0.993493,0.999973
0.166377,24.6,0.993931,0.999976
0.168868,24.6,0.994337,0.999979
0.171358,24.6,0.994714,0.999982
0.173849,24.6,0.995064,0.999984
0.17634,24.6,0.995389,0.999986
0.17883,24.6,0.995691,0.999988
0.181321,24.6,0.995971,0.99999
0.183811,24.6,0.996232,0.999991
0.186302,24.6,0.996474,0.999992
0.188792,24.6,0.996699,0.999993
0.191283,24.6,0.996909,0.999994
0.193774,24.6,0.997104,0.999995
0.196264,24.6,0.997286,0.999995
0.198755,24.6,0.997455,0.999996
0.002,25.8408,0.0557603,0.109816
0.00449057,25.8408,0.122554,0.235918
0.00698113,25.8408,0.18626,0.349303
0.0094717,25.8408,0.246761,0.449679
0.0119623,25.8408,0.303987,0.537333
0.0144528,25.8408,0.35791,0.612981
0.0169434,25.8408,0.408542,0.677614
0.019434,25.8408,0.455928,0.732372
0.0219245,25.8408,0.500141,0.778442
0.0244151,25.8408,0.54128,0.816978
0.0269057,25.8408,0.57946,0.849064
0.0293962,25.8408,0.61481,0.875679
0.0318868,25.8408,0.647472,0.897691
0.0343774,25.8408,0.677591,0.915854
0.0368679,25.8408,0.705318,0.930816
0.0393585,25.8408,0.730802,0.943125
0.0418491,25.8408,0.754191,0.953241
0.0443396,25.8408,0.775632,0.961551
0.0468302,25.8408,0.795265,0.968374
0.0493208,25.8408,0.813225,0.973976
0.0518113,25.8408,0.82964,0.978575
0.0543019,25.8408,0.844632,0.982352
0.0567925,25.8408,0.858316,0.985455
0.059283,25.8408,0.870798,0.988004
0.0617736,25.8408,0.88218,0.9901
0.0642642,25.8408,0.892554,0.991824
0.0667547,25.8408,0.902007,0.993243
0.0692453,25.8408,0.910618,0.994411
0.0717358,25.8408,0.918461,0.995374
0.0742264,25.8408,0.925603,0.996168
0.076717,25.8408,0.932106,0.996823
0.0792075,25.8408,0.938028,0.997364
0.0816981,25.8408,0.94342,0.997811
0.0841887,25.8408,0.948329,0.998181
0.0866792,25.8408,0.9528,0.998487
0.0891698,25.8408,0.956872,0.998741
0.0916604,25.8408,0.960581,0.998951
0.0941509,25.8408,0.96396,0.999125
0.0966415,25.8408,0.967038,0.99927
0.0991321,25.8408,0.969844,0.99939
0.101623,25.8408,0.972401,0.99949
0.104113,25.8408,0.974733,0.999574
0.106604,25.8408,0.976859,0.999643
0.109094,25.8408,0.978799,0.999701
0.111585,25.8408,0.980568,0.999749
0.114075,25.8408,0.982184,0.999789
0.116566,25.8408,0.983659,0.999823
0.119057,25.8408,0.985005,0.999851
0.121547,25.8408,0.986236,0.999875
0.124038,25.8408,0.98736,0.999894
0.126528,25.8408,0.988388,0.999911
0.129019,25.8408,0.989328,0.999925
0.131509,25.8408,0.990188,0.999937
0.134,25.8408,0.990975,0.999946
0.136491,25.8408,0.991695,0.999955
0.138981,25.8408,0.992355,0.999962
0.141472,25.8408,0.992959,0.999967
0.143962,25.8408,0.993513,0.999972
0.146453,25.8408,0.99402,0.999977
0.148943,25.8408,0.994486,0.99998
0.151434,25.8408,0.994913,0.999983
0.153925,25.8408,0.995305,0.999986
0.156415,25.8408,0.995665,0.999988
0.158906,25.8408,0.995996,0.99999
0.161396,25.8408,0.996299,0.999991
0.163887,25.8408,0.996578,0.999992
0.166377,25.8408,0.996835,0.999993
0.168868,25.8408,0.997071,0.999994
0.171358,25.8408,0.997289,0.999995
0.173849,25.8408,0.997489,0.999996
0.17634,25.8408,0.997673,0.999996
0.17883,25.8408,0.997843,0.999997
0.181321,25.8408,0.997999,0.999997
0.183811,25.8408,0.998144,0.999998
0.186302,25.8408,0.998277,0.999998
0.188792,25.8408,0.9984,0.999998
0.191283,25.8408,0.998513,0.999999
0.193774,25.8408,0.998618,0.999999
0.196264,25.8408,0.998715,0.999999
0.198755,25.8408,0.998804,0.999999
0.002,27.1442,0.0627828,0.12329
0.00449057,27.1442,0.137495,0.262811
0.00698113,27.1442,0.208176,0.385868
0.0094717,27.1442,0.274701,0.492452
0.0119623,27.1442,0.337017,0.583344
0.0144528,27.1442,0.395133,0.659844
0.0169434,27.1442,0.44911,0.723534
0.019434,27.1442,0.499056,0.776092
0.0219245,27.1442,0.545114,0.819153
0.0244151,27.1442,0.587454,0.854233
0.0269057,27.1442,0.626268,0.882685
0.0293962,27.1442,0.661758,0.905681
0.0318868,27.1442,0.694137,0.92422
0.0343774,27.1442,0.723616,0.939136
0.0368679,27.1442,0.750407,0.951121
0.0393585,27.1442,0.774717,0.960743
0.0418491,27.1442,0.796744,0.968462
0.0443396,27.1442,0.816679,0.974654
0.0468302,27.1442,0.834701,0.97962
0.0493208,27.1442,0.850979,0.983604
0.0518113,27.1442,0.86567,0.9868
0.0543019,27.1442,0.87892,0.989366
0.0567925,27.1442,0.890865,0.991427
0.059283,27.1442,0.901627,0.993083
0.0617736,27.1442,0.91132,0.994415
0.0642642,27.1442,0.920049,0.995487
0.0667547,27.1442,0.927908,0.99635
0.0692453,27.1442,0.934981,0.997045
0.0717358,27.1442,0.941348,0.997606
0.0742264,27.1442,0.947079,0.998058
0.076717,27.1442,0.952237,0.998424
0.0792075,27.1442,0.95688,0.99872
0.0816981,27.1442,0.96106,0.998959
0.0841887,27.1442,0.964823,0.999153
0.0866792,27.1442,0.968212,0.99931
0.0891698,27.1442,0.971264,0.999437
0.0916604,27.1442,0.974014,0.999541
0.0941509,27.1442,0.976492,0.999625
0.0966415,27.1442,0.978725,0.999693
0.0991321,27.1442,0.980739,0.999749
0.101623,27.1442,0.982555,0.999794
0.104113,27.1442,0.984193,0.999831
0.106604,27.1442,0.985671,0.999862
0.109094,27.1442,0.987006,0.999886
0.111585,27.1442,0.988211,0.999907
0.114075,27.1442,0.9893,0.999923
0.116566,27.1442,0.990284,0.999937
0.119057,27.1442,0.991174,0.999948
0.121547,27.1442,0.991978,0.999957
0.124038,27.1442,0.992706,0.999964
0.126528,27.1442,0.993365,0.999971
0.129019,27.1442,0.993962,0.999976
0.131509,27.1442,0.994502,0.99998
0.134,27.1442,0.994992,0.999983
0.136491,27.1442,0.995436,0.999986
0.138981,27.1442,0.995838,0.999988
0.141472,27.1442,0.996204,0.99999
0.143962,27.1442,0.996535,0.999992
0.146453,27.1442,0.996837,0.999993
0.148943,27.1442,0.99711,0.999994
0.151434,27.1442,0.997359,0.999995
0.153925,27.1442,0.997585,0.999996
0.156415,27.1442,0.997791,0.999997
0.158906,27.1442,0.997978,0.999997
0.161396,27.1442,0.998148,0.999998
0.163887,27.1442,0.998303,0.999998
0.166377,27.1442,0.998445,0.999998
0.168868,27.1442,0.998574,0.999999
0.171358,27.1442,0.998692,0.999999
0.173849,27.1442,0.998799,0.999999
0.17634,27.1442,0.998897,0.999999
0.17883,27.1442,0.998986,0.999999
0.181321,27.1442,0.999068,0.999999
0.183811,27.1442,0.999143,1
0.186302,27.1442,0.999211,1
0.188792,27.1442,0.999274,1
0.191283,27.1442,0.999331,1
0.193774,27.1442,0.999383,1
0.196264,27.1442,0.999431,1
0.198755,27.1442,0.999475,1
0.002,28.5133,0.0705307,0.138046
0.00449057,28.5133,0.153828,0.291656
0.00698113,28.5133,0.231892,0.424177
0.0094717,28.5133,0.30461,0.536143
0.0119623,28.5133,0.371974,0.629102
0.0144528,28.5133,0.434057,0.705186
0.0169434,28.5133,0.49101,0.766745
0.019434,28.5133,0.543035,0.816099
0.0219245,28.5133,0.59038,0.855388
0.0244151,28.5133,0.633318,0.886495
0.0269057,28.5133,0.672141,0.911023
0.0293962,28.5133,0.707151,0.930305
0.0318868,28.5133,0.738647,0.94543
0.0343774,28.5133,0.766922,0.957277
0.0368679,28.5133,0.792261,0.966547
0.0393585,28.5133,0.814932,0.973798
0.0418491,28.5133,0.83519,0.979467
0.0443396,28.5133,0.85327,0.9839
0.0468302,28.5133,0.869391,0.987368
0.0493208,28.5133,0.883754,0.990081
0.0518113,28.5133,0.896542,0.992206
0.0543019,28.5133,0.907921,0.99387
0.0567925,28.5133,0.918042,0.995175
0.059283,28.5133,0.927042,0.996198
0.0617736,28.5133,0.935043,0.997002
0.0642642,28.5133,0.942155,0.997634
0.0667547,28.5133,0.948475,0.99813
0.0692453,28.5133,0.954093,0.998521
0.0717358,28.5133,0.959086,0.998829
0.0742264,28.5133,0.963525,0.999072
0.076717,28.5133,0.96747,0.999264
0.0792075,28.5133,0.970979,0.999416
0.0816981,28.5133,0.974099,0.999536
0.0841887,28.5133,0.976874,0.999631
0.0866792,28.5133,0.979344,0.999706
0.0891698,28.5133,0.981542,0.999766
0.0916604,28.5133,0.9835,0.999813
0.0941509,28.5133,0.985243,0.999851
0.0966415,28.5133,0.986796,0.999881
0.0991321,28.5133,0.98818,0.999904
0.101623,28.5133,0.989414,0.999923
0.104113,28.5133,0.990515,0.999939
0.106604,28.5133,0.991498,0.999951
0.109094,28.5133,0.992374,0.99996
0.111585,28.5133,0.993158,0.999968
0.114075,28.5133,0.993857,0.999974
0.116566,28.5133,0.994483,0.999979
0.119057,28.5133,0.995042,0.999983
0.121547,28.5133,0.995542,0.999986
0.124038,28.5133,0.99599,0.999989
0.126528,28.5133,0.996391,0.999991
0.129019,28.5133,0.996751,0.999993
0.131509,28.5133,0.997072,0.999994
0.134,28.5133,0.997361,0.999995
0.136491,28.5133,0.99762,0.999996
0.138981,28.5133,0.997853,0.999997
0.141472,28.5133,0.998061,0.999997
0.143962,28.5133,0.998249,0.999998
0.146453,28.5133,0.998418,0.999998
0.148943,28.5133,0.998569,0.999999
0.151434,28.5133,0.998706,0.999999
0.153925,28.5133,0.998828,0.999999
0.156415,28.5133,0.998939,0.999999
0.158906,28.5133,0.999038,0.999999
0.161396,28.5133,0.999128,0.999999
0.163887,28.5133,0.999209,1
0.166377,28.5133,0.999282,1
0.168868,28.5133,0.999348,1
0.171358,28.5133,0.999408,1
0.173849,28.5133,0.999462,1
0.17634,28.5133,0.99951,1
0.17883,28.5133,0.999554,1
0.181321,28.5133,0.999594,1
0.183811,28.5133,0.99963,1
0.186302,28.5133,0.999663,1
0.188792,28.5133,0.999693,1
0.191283,28.5133,0.99972,1
0.193774,28.5133,0.999744,1
0.196264,28.5133,0.999766,1
0.198755,28.5133,0.999786,1
0.002,29.9515,0.0790481,0.154129
0.00449057,29.9515,0.171593,0.322361
0.00698113,29.9515,0.257392,0.463889
0.0094717,29.9515,0.336377,0.580161
0.0119623,29.9515,0.408622,0.673857
0.0144528,29.9515,0.47432,0.748215
0.0169434,29.9515,0.53375,0.806524
0.019434,29.9515,0.587261,0.851835
0.0219245,29.9515,0.635243,0.886804
0.0244151,29.9515,0.67811,0.913657
0.0269057,29.9515,0.716286,0.934203
0.0293962,29.9515,0.75019,0.949884
0.0318868,29.9515,0.780227,0.961832
0.0343774,29.9515,0.806783,0.970927
0.0368679,29.9515,0.830221,0.977846
0.0393585,29.9515,0.850877,0.983109
0.0418491,29.9515,0.869057,0.987113
0.0443396,29.9515,0.885042,0.99016
0.0468302,29.9515,0.899086,0.992481
0.0493208,29.9515,0.911415,0.994249
0.0518113,29.9515,0.922234,0.995597
0.0543019,29.9515,0.931724,0.996626
0.0567925,29.9515,0.940046,0.997412
0.059283,29.9515,0.947342,0.998012
0.0617736,29.9515,0.953738,0.998472
0.0642642,29.9515,0.959346,0.998824
0.0667547,29.9515,0.964262,0.999094
0.0692453,29.9515,0.968572,0.999302
0.0717358,29.9515,0.972352,0.999461
0.0742264,29.9515,0.975668,0.999583
0.076717,29.9515,0.978577,0.999678
0.0792075,29.9515,0.981129,0.99975
0.0816981,29.9515,0.983371,0.999807
0.0841887,29.9515,0.985339,0.99985
0.0866792,29.9515,0.987068,0.999883
0.0891698,29.9515,0.988587,0.999909
0.0916604,29.9515,0.989924,0.999929
0.0941509,29.9515,0.991099,0.999945
0.0966415,29.9515,0.992133,0.999957
0.0991321,29.9515,0.993043,0.999966
0.101623,29.9515,0.993845,0.999974
0.104113,29.9515,0.994551,0.999979
0.106604,29.9515,0.995174,0.999984
0.109094,29.9515,0.995723,0.999987
0.111585,29.9515,0.996208,0.99999
0.114075,29.9515,0.996636,0.999992
0.116566,29.9515,0.997014,0.999994
0.119057,29.9515,0.997348,0.999995
0.121547,29.9515,0.997643,0.999996
0.124038,29.9515,0.997905,0.999997
0.126528,29.9515,0.998136,0.999998
0.129019,29.9515,0.998341,0.999998
0.131509,29.9515,0.998522,0.999998
0.134,29.9515,0.998683,0.999999
0.136491,29.9515,0.998826,0.999999
0.138981,29.9515,0.998953,0.999999
0.141472,29.9515,0.999065,0.999999
0.143962,29.9515,0.999165,1
0.146453,29.9515,0.999254,1
0.148943,29.9515,0.999333,1
0.151434,29.9515,0.999403,1
0.153925,29.9515,0.999465,1
0.156415,29.9515,0.999521,1
0.158906,29.9515,0.999571,1
0.161396,29.9515,0.999615,1
0.163887,29.9515,0.999655,1
0.166377,29.9515,0.99969,1
0.168868,29.9515,0.999721,1
0.171358,29.9515,0.99975,1
0.173849,29.9515,0.999775,1
0.17634,29.9515,0.999797,1
0.17883,29.9515,0.999817,1
0.181321,29.9515,0.999835,1
0.183811,29.9515,0.999852,1
0.186302,29.9515,0.999866,1
0.188792,29.9515,0.999879,1
0.191283,29.9515,0.999891,1
0.193774,29.9515,0.999901,1
0.196264,29.9515,0.999911,1
0.198755,29.9515,0.999919,1
0.002,31.4622,0.0883759,0.171573
0.00449057,31.4622,0.190815,0.354784
0.00698113,31.4622,0.284626,0.504593
0.0094717,31.4622,0.369836,0.623874
0.0119623,31.4622,0.446665,0.716878
0.0144528,31.4622,0.515487,0.788237
0.0169434,31.4622,0.576778,0.842332
0.019434,31.4622,0.631087,0.882979
0.0219245,31.4622,0.678995,0.913326
0.0244151,31.4622,0.721096,0.935883
0.0269057,31.4622,0.757971,0.952599
0.0293962,31.4622,0.79018,0.964962
0.0318868,31.4622,0.818246,0.974096
0.0343774,31.4622,0.842654,0.980841
0.0368679,31.4622,0.863845,0.98582
0.0393585,31.4622,0.882218,0.989498
0.0418491,31.4622,0.898132,0.992214
0.0443396,31.4622,0.911902,0.994223
0.0468302,31.4622,0.92381,0.995709
0.0493208,31.4622,0.934103,0.99681
0.0518113,31.4622,0.942996,0.997625
0.0543019,31.4622,0.950679,0.99823
0.0567925,31.4622,0.957314,0.99868
0.059283,31.4622,0.963045,0.999014
0.0617736,31.4622,0.967995,0.999263
0.0642642,31.4622,0.972272,0.999448
0.0667547,31.4622,0.975967,0.999586
0.0692453,31.4622,0.97916,0.99969
0.0717358,31.4622,0.981921,0.999767
0.0742264,31.4622,0.984308,0.999825
0.076717,31.4622,0.986374,0.999868
0.0792075,31.4622,0.988161,0.9999
0.0816981,31.4622,0.989709,0.999925
0.0841887,31.4622,0.991049,0.999943
0.0866792,31.4622,0.992211,0.999957
0.0891698,31.4622,0.993218,0.999967
0.0916604,31.4622,0.994091,0.999975
0.0941509,31.4622,0.994849,0.999981
0.0966415,31.4622,0.995508,0.999986
0.0991321,31.4622,0.996079,0.999989
0.101623,31.4622,0.996577,0.999992
0.104113,31.4622,0.997009,0.999994
0.106604,31.4622,0.997385,0.999995
0.109094,31.4622,0.997712,0.999996
0.111585,31.4622,0.997998,0.999997
0.114075,31.4622,0.998246,0.999998
0.116566,31.4622,0.998463,0.999998
0.119057,31.4622,0.998652,0.999999
0.121547,31.4622,0.998818,0.999999
0.124038,31.4622,0.998962,0.999999
0.126528,31.4622,0.999088,0.999999
0.129019,31.4622,0.999198,1
0.131509,31.4622,0.999295,1
0.134,31.4622,0.999379,1
0.136491,31.4622,0.999453,1
0.138981,31.4622,0.999518,1
0.141472,31.4622,0.999575,1
0.143962,31.4622,0.999625,1
0.146453,31.4622,0.999669,1
0.148943,31.4622,0.999708,1
0.151434,31.4622,0.999742,1
0.153925,31.4622,0.999771,1
0.156415,31.4622,0.999798,1
0.158906,31.4622,0.999821,1
0.161396,31.4622,0.999841,1
0.163887,31.4622,0.999859,1
0.166377,31.4622,0.999875,1
0.168868,31.4622,0.999889,1
0.171358,31.4622,0.999901,1
0.173849,31.4622,0.999912,1
0.17634,31.4622,0.999922,1
0.17883,31.4622,0.999931,1
0.181321,31.4622,0.999938,1
0.183811,31.4622,0.999945,1
0.186302,31.4622,0.999951,1
0.188792,31.4622,0.999956,1
0.191283,31.4622,0.999961,1
0.193774,31.4622,0.999965,1
0.196264,31.4622,0.999969,1
0.198755,31.4622,0.999972,1
0.002,33.0491,0.0985517,0.190397
0.00449057,33.0491,0.211502,0.388734
0.00698113,33.0491,0.313507,0.545825
0.0094717,33.0491,0.404769,0.666639
0.0119623,33.0491,0.485745,0.757498
0.0144528,33.0491,0.557073,0.824709
0.0169434,33.0491,0.619507,0.873839
0.019434,33.0491,0.673859,0.909454
0.0219245,33.0491,0.720956,0.935123
0.0244151,33.0491,0.761606,0.953555
0.0269057,33.0491,0.796577,0.966759
0.0293962,33.0491,0.826579,0.976205
0.0318868,33.0491,0.85226,0.982959
0.0343774,33.0491,0.874201,0.987787
0.0368679,33.0491,0.89292,0.99124
0.0393585,33.0491,0.908871,0.99371
0.0418491,33.0491,0.922452,0.995479
0.0443396,33.0491,0.934005,0.996747
0.0468302,33.0491,0.943831,0.997657
0.0493208,33.0491,0.952183,0.99831
0.0518113,33.0491,0.959283,0.99878
0.0543019,33.0491,0.965317,0.999118
0.0567925,33.0491,0.970446,0.999361
0.059283,33.0491,0.974805,0.999537
0.0617736,33.0491,0.978512,0.999664
0.0642642,33.0491,0.981665,0.999756
0.0667547,33.0491,0.984347,0.999822
0.0692453,33.0491,0.98663,0.999871
0.0717358,33.0491,0.988574,0.999906
0.0742264,33.0491,0.990229,0.999931
0.076717,33.0491,0.99164,0.99995
0.0792075,33.0491,0.992843,0.999963
0.0816981,33.0491,0.993869,0.999973
0.0841887,33.0491,0.994745,0.99998
0.0866792,33.0491,0.995493,0.999985
0.0891698,33.0491,0.996132,0.999989
0.0916604,33.0491,0.996679,0.999992
0.0941509,33.0491,0.997146,0.999994
0.0966415,33.0491,0.997546,0.999996
0.0991321,33.0491,0.997889,0.999997
0.101623,33.0491,0.998182,0.999998
0.104113,33.0491,0.998434,0.999998
0.106604,33.0491,0.99865,0.999999
0.109094,33.0491,0.998836,0.999999
0.111585,33.0491,0.998995,0.999999
0.114075,33.0491,0.999132,0.999999
0.116566,33.0491,0.99925,1
0.119057,33.0491,0.999351,1
0.121547,33.0491,0.999438,1
0.124038,33.0491,0.999514,1
0.126528,33.0491,0.999578,1
0.129019,33.0491,0.999634,1
0.131509,33.0491,0.999683,1
0.134,33.0491,0.999724,1
0.136491,33.0491,0.999761,1
0.138981,33.0491,0.999792,1
0.141472,33.0491,0.999819,1
0.143962,33.0491,0.999842,1
0.146453,33.0491,0.999863,1
0.148943,33.0491,0.99988,1
0.151434,33.0491,0.999895,1
0.153925,33.0491,0.999909,1
0.156415,33.0491,0.99992,1
0.158906,33.0491,0.99993,1
0.161396,33.0491,0.999939,1
0.163887,33.0491,0.999947,1
0.166377,33.0491,0.999953,1
0.168868,33.0491,0.999959,1
0.171358,33.0491,0.999964,1
0.173849,33.0491,0.999968,1
0.17634,33.0491,0.999972,1
0.17883,33.0491,0.999976,1
0.181321,33.0491,0.999978,1
0.183811,33.0491,0.999981,1
0.186302,33.0491,0.999983,1
0.188792,33.0491,0.999985,1
0.191283,33.0491,0.999987,1
0.193774,33.0491,0.999989,1
0.196264,33.0491,0.99999,1
0.198755,33.0491,0.999991,1
0.002,34.716,0.109608,0.210602
0.00449057,34.716,0.233638,0.42397
0.00698113,34.716,0.34391,0.587083
0.0094717,34.716,0.440912,0.707837
0.0119623,34.716,0.525457,0.795158
0.0144528,34.716,0.598559,0.857263
0.0169434,34.716,0.661342,0.900931
0.019434,34.716,0.714954,0.931402
0.0219245,34.716,0.760517,0.952559
0.0244151,34.716,0.799087,0.967205
0.0269057,34.716,0.831632,0.977327
0.0293962,34.716,0.859022,0.984318
0.0318868,34.716,0.882024,0.989144
0.0343774,34.716,0.901311,0.992478
0.0368679,34.716,0.917461,0.994783
0.0393585,34.716,0.930972,0.996377
0.0418491,34.716,0.942268,0.997481
0.0443396,34.716,0.951707,0.998247
0.0468302,34.716,0.959593,0.998778
0.0493208,34.716,0.966179,0.999147
0.0518113,34.716,0.971682,0.999404
0.0543019,34.716,0.976278,0.999583
0.0567925,34.716,0.980119,0.999708
0.059283,34.716,0.983329,0.999795
0.0617736,34.716,0.986014,0.999856
0.0642642,34.716,0.988259,0.999899
0.0667547,34.716,0.990138,0.999929
0.0692453,34.716,0.991711,0.99995
0.0717358,34.716,0.993029,0.999964
0.0742264,34.716,0.994134,0.999975
0.076717,34.716,0.99506,0.999982
0.0792075,34.716,0.995838,0.999987
0.0816981,34.716,0.99649,0.999991
0.0841887,34.716,0.997039,0.999994
0.0866792,34.716,0.9975,0.999995
0.0891698,34.716,0.997887,0.999997
0.0916604,34.716,0.998214,0.999998
0.0941509,34.716,0.998489,0.999998
0.0966415,34.716,0.99872,0.999999
0.0991321,34.716,0.998916,0.999999
0.101623,34.716,0.999081,0.999999
0.104113,34.716,0.99922,1
0.106604,34.716,0.999338,1
0.109094,34.716,0.999437,1
0.111585,34.716,0.999521,1
0.114075,34.716,0.999593,1
0.116566,34.716,0.999653,1
0.119057,34.716,0.999705,1
0.121547,34.716,0.999748,1
0.124038,34.716,0.999785,1
0.126528,34.716,0.999816,1
0.129019,34.716,0.999843,1
0.131509,34.716,0.999866,1
0.134,34.716,0.999885,1
0.136491,34.716,0.999902,1
0.138981,34.716,0.999916,1
0.141472,34.716,0.999928,1
0.143962,34.716,0.999938,1
0.146453,34.716,0.999947,1
0.148943,34.716,0.999954,1
0.151434,34.716,0.999961,1
0.153925,34.716,0.999966,1
0.156415,34.716,0.999971,1
0.158906,34.716,0.999975,1
0.161396,34.716,0.999978,1
0.163887,34.716,0.999981,1
0.166377,34.716,0.999984,1
0.168868,34.716,0.999986,1
0.171358,34.716,0.999988,1
0.173849,34.716,0.999989,1
0.17634,34.716,0.999991,1
0.17883,34.716,0.999992,1
0.181321,34.716,0.999993,1
0.183811,34.716,0.999994,1
0.186302,34.716,0.999995,1
0.188792,34.716,0.999995,1
0.191283,34.716,0.999996,1
0.193774,34.716,0.999997,1
0.196264,34.716,0.999997,1
0.198755,34.716,0.999997,1
0.002,36.4671,0.121573,0.232169
0.00449057,36.4671,0.257189,0.460211
0.00698113,36.4671,0.375669,0.627851
0.0094717,36.4671,0.477953,0.746905
0.0119623,36.4671,0.565359,0.829435
0.0144528,36.4671,0.639415,0.885719
0.0169434,36.4671,0.701712,0.923695
0.019434,36.4671,0.753811,0.949145
0.0219245,36.4671,0.797171,0.966133
0.0244151,36.4671,0.833121,0.977446
0.0269057,36.4671,0.862835,0.984973
0.0293962,36.4671,0.887335,0.98998
0.0318868,36.4671,0.907499,0.993312
0.0343774,36.4671,0.924071,0.995531
0.0368679,36.4671,0.937678,0.99701
0.0393585,36.4671,0.948841,0.997997
0.0418491,36.4671,0.957996,0.998656
0.0443396,36.4671,0.965502,0.999097
0.0468302,36.4671,0.971656,0.999392
0.0493208,36.4671,0.976702,0.999591
0.0518113,36.4671,0.98084,0.999724
0.0543019,36.4671,0.984234,0.999813
0.0567925,36.4671,0.987019,0.999874
0.059283,36.4671,0.989306,0.999914
0.0617736,36.4671,0.991184,0.999942
0.0642642,36.4671,0.992728,0.999961
0.0667547,36.4671,0.993997,0.999973
0.0692453,36.4671,0.995041,0.999982
0.0717358,36.4671,0.995901,0.999987
0.0742264,36.4671,0.996609,0.999991
0.076717,36.4671,0.997193,0.999994
0.0792075,36.4671,0.997675,0.999996
0.0816981,36.4671,0.998072,0.999997
0.0841887,36.4671,0.998401,0.999998
0.0866792,36.4671,0.998672,0.999999
0.0891698,36.4671,0.998897,0.999999
0.0916604,36.4671,0.999083,0.999999
0.0941509,36.4671,0.999237,1
0.0966415,36.4671,0.999364,1
0.0991321,36.4671,0.99947,1
0.101623,36.4671,0.999558,1
0.104113,36.4671,0.999631,1
0.106604,36.4671,0.999692,1
0.109094,36.4671,0.999742,1
0.111585,36.4671,0.999784,1
0.114075,36.4671,0.99982,1
0.116566,36.4671,0.999849,1
0.119057,36.4671,0.999873,1
0.121547,36.4671,0.999894,1
0.124038,36.4671,0.999911,1
0.126528,36.4671,0.999925,1
0.129019,36.4671,0.999937,1
0.131509,36.4671,0.999947,1
0.134,36.4671,0.999955,1
0.136491,36.4671,0.999962,1
0.138981,36.4671,0.999968,1
0.141472,36.4671,0.999973,1
0.143962,36.4671,0.999977,1
0.146453,36.4671,0.999981,1
0.148943,36.4671,0.999984,1
0.151434,36.4671,0.999986,1
0.153925,36.4671,0.999988,1
0.156415,36.4671,0.99999,1
0.158906,36.4671,0.999992,1
0.161396,36.4671,0.999993,1
0.163887,36.4671,0.999994,1
0.166377,36.4671,0.999995,1
0.168868,36.4671,0.999996,1
0.171358,36.4671,0.999996,1
0.173849,36.4671,0.999997,1
0.17634,36.4671,0.999997,1
0.17883,36.4671,0.999998,1
0.181321,36.4671,0.999998,1
0.183811,36.4671,0.999998,1
0.186302,36.4671,0.999999,1
0.188792,36.4671,0.999999,1
0.191283,36.4671,0.999999,1
0.193774,36.4671,0.999999,1
0.196264,36.4671,0.999999,1
0.198755,36.4671,0.999999,1
0.002,38.3064,0.134466,0.255063
0.00449057,38.3064,0.282093,0.497136
0.00698113,38.3064,0.408587,0.667618
0.0094717,38.3064,0.515547,0.783367
0.0119623,38.3064,0.604997,0.860057
0.0144528,38.3064,0.679124,0.910076
0.0169434,38.3064,0.7401,0.942383
0.019434,38.3064,0.789962,0.963131
0.0219245,38.3064,0.830543,0.976415
0.0244151,38.3064,0.863449,0.984906
0.0269057,38.3064,0.890057,0.990333
0.0293962,38.3064,0.911526,0.993802
0.0318868,38.3064,0.928822,0.996021
0.0343774,38.3064,0.942739,0.997442
0.0368679,38.3064,0.95393,0.998353
0.0393585,38.3064,0.962925,0.998938
0.0418491,38.3064,0.970153,0.999314
0.0443396,38.3064,0.975961,0.999557
0.0468302,38.3064,0.980629,0.999713
0.0493208,38.3064,0.984382,0.999814
0.0518113,38.3064,0.9874,0.999879
0.0543019,38.3064,0.989828,0.999921
0.0567925,38.3064,0.991783,0.999949
0.059283,38.3064,0.993357,0.999966
0.0617736,38.3064,0.994626,0.999978
0.0642642,38.3064,0.995649,0.999986
0.0667547,38.3064,0.996475,0.999991
0.0692453,38.3064,0.997141,0.999994
0.0717358,38.3064,0.99768,0.999996
0.0742264,38.3064,0.998116,0.999997
0.076717,38.3064,0.998469,0.999998
0.0792075,38.3064,0.998755,0.999999
0.0816981,38.3064,0.998986,0.999999
0.0841887,38.3064,0.999174,0.999999
0.0866792,38.3064,0.999326,1
0.0891698,38.3064,0.99945,1
0.0916604,38.3064,0.999551,1
0.0941509,38.3064,0.999633,1
0.0966415,38.3064,0.9997,1
0.0991321,38.3064,0.999754,1
0.101623,38.3064,0.999799,1
0.104113,38.3064,0.999835,1
0.106604,38.3064,0.999864,1
0.109094,38.3064,0.999889,1
0.111585,38.3064,0.999908,1
0.114075,38.3064,0.999925,1
0.116566,38.3064,0.999938,1
0.119057,38.3064,0.999949,1
0.121547,38.3064,0.999958,1
0.124038,38.3064,0.999965,1
0.126528,38.3064,0.999971,1
0.129019,38.3064,0.999976,1
0.131509,38.3064,0.99998,1
0.134,38.3064,0.999984,1
0.136491,38.3064,0.999986,1
0.138981,38.3064,0.999989,1
0.141472,38.3064,0.999991,1
0.143962,38.3064,0.999992,1
0.146453,38.3064,0.999994,1
0.148943,38.3064,0.999995,1
0.151434,38.3064,0.999996,1
0.153925,38.3064,0.999996,1
0.156415,38.3064,0.999997,1
0.158906,38.3064,0.999997,1
0.161396,38.3064,0.999998,1
0.163887,38.3064,0.999998,1
0.166377,38.3064,0.999998,1
0.168868,38.3064,0.999999,1
0.171358,38.3064,0.999999,1
0.173849,38.3064,0.999999,1
0.17634,38.3064,0.999999,1
0.17883,38.3064,0.999999,1
0.181321,38.3064,0.999999,1
0.183811,38.3064,1,1
0.186302,38.3064,1,1
0.188792,38.3064,1,1
0.191283,38.3064,1,1
0.193774,38.3064,1,1
0.196264,38.3064,1,1
0.198755,38.3064,1,1
0.002,40.2385,0.148303,0.279226
0.00449057,40.2385,0.308269,0.534401
0.00698113,40.2385,0.442431,0.705908
0.0094717,40.2385,0.553327,0.816857
0.0119623,40.2385,0.643912,0.886909
0.0144528,40.2385,0.717206,0.930491
0.0169434,40.2385,0.776064,0.957374
0.019434,40.2385,0.823051,0.973879
0.0219245,40.2385,0.860394,0.98399
0.0244151,40.2385,0.889971,0.99018
0.0269057,40.2385,0.913337,0.99397
0.0293962,40.2385,0.931763,0.996292
0.0318868,40.2385,0.946276,0.997717
0.0343774,40.2385,0.957697,0.998592
0.0368679,40.2385,0.96668,0.99913
0.0393585,40.2385,0.973746,0.999462
0.0418491,40.2385,0.979302,0.999666
0.0443396,40.2385,0.983674,0.999793
0.0468302,40.2385,0.987114,0.999871
0.0493208,40.2385,0.989822,0.99992
0.0518113,40.2385,0.991955,0.99995
0.0543019,40.2385,0.993636,0.999969
0.0567925,40.2385,0.994962,0.99998
0.059283,40.2385,0.996009,0.999988
0.0617736,40.2385,0.996835,0.999992
0.0642642,40.2385,0.997489,0.999995
0.0667547,40.2385,0.998005,0.999997
0.0692453,40.2385,0.998415,0.999998
0.0717358,40.2385,0.998739,0.999999
0.0742264,40.2385,0.998996,0.999999
0.076717,40.2385,0.9992,1
0.0792075,40.2385,0.999362,1
0.0816981,40.2385,0.99949,1
0.0841887,40.2385,0.999593,1
0.0866792,40.2385,0.999674,1
0.0891698,40.2385,0.999739,1
0.0916604,40.2385,0.999791,1
0.0941509,40.2385,0.999833,1
0.0966415,40.2385,0.999866,1
0.0991321,40.2385,0.999892,1
0.101623,40.2385,0.999913,1
0.104113,40.2385,0.99993,1
0.106604,40.2385,0.999944,1
0.109094,40.2385,0.999955,1
0.111585,40.2385,0.999963,1
0.114075,40.2385,0.99997,1
0.116566,40.2385,0.999976,1
0.119057,40.2385,0.999981,1
0.121547,40.2385,0.999984,1
0.124038,40.2385,0.999987,1
0.126528,40.2385,0.99999,1
0.129019,40.2385,0.999992,1
0.131509,40.2385,0.999993,1
0.134,40.2385,0.999994,1
0.136491,40.2385,0.999995,1
0.138981,40.2385,0.999996,1
0.141472,40.2385,0.999997,1
0.143962,40.2385,0.999998,1
0.146453,40.2385,0.999998,1
0.148943,40.2385,0.999998,1
0.151434,40.2385,0.999999,1
0.153925,40.2385,0.999999,1
0.156415,40.2385,0.999999,1
0.158906,40.2385,0.999999,1
0.161396,40.2385,0.999999,1
0.163887,40.2385,0.999999,1
0.166377,40.2385,1,1
0.168868,40.2385,1,1
0.171358,40.2385,1,1
0.173849,40.2385,1,1
0.17634,40.2385,1,1
0.17883,40.2385,1,1
0.181321,40.2385,1,1
0.183811,40.2385,1,1
0.186302,40.2385,1,1
0.188792,40.2385,1,1
0.191283,40.2385,1,1
0.193774,40.2385,1,1
0.196264,40.2385,1,1
0.198755,40.2385,1,1
0.002,42.2681,0.163088,0.304579
0.00449057,42.2681,0.335612,0.571645
0.00698113,42.2681,0.476944,0.742295
0.0094717,42.2681,0.590913,0.847126
0.0119623,42.2681,0.681671,0.91002
0.0144528,42.2681,0.753241,0.947246
0.0169434,42.2681,0.809256,0.96912
0.019434,42.2681,0.852849,0.981928
0.0219245,42.2681,0.886631,0.989417
0.0244151,42.2681,0.912729,0.993795
0.0269057,42.2681,0.932849,0.996357
0.0293962,42.2681,0.948336,0.997858
0.0318868,42.2681,0.960247,0.998738
0.0343774,42.2681,0.969402,0.999256
0.0368679,42.2681,0.976439,0.99956
0.0393585,42.2681,0.981847,0.999739
0.0418491,42.2681,0.986005,0.999845
0.0443396,42.2681,0.989203,0.999908
0.0468302,42.2681,0.991664,0.999945
0.0493208,42.2681,0.993559,0.999967
0.0518113,42.2681,0.995019,0.999981
0.0543019,42.2681,0.996144,0.999988
0.0567925,42.2681,0.997013,0.999993
0.059283,42.2681,0.997684,0.999996
0.0617736,42.2681,0.998203,0.999997
0.0642642,42.2681,0.998604,0.999998
0.0667547,42.2681,0.998915,0.999999
0.0692453,42.2681,0.999156,0.999999
0.0717358,42.2681,0.999342,1
0.0742264,42.2681,0.999487,1
0.076717,42.2681,0.9996,1
0.0792075,42.2681,0.999687,1
0.0816981,42.2681,0.999756,1
0.0841887,42.2681,0.999809,1
0.0866792,42.2681,0.99985,1
0.0891698,42.2681,0.999883,1
0.0916604,42.2681,0.999908,1
0.0941509,42.2681,0.999928,1
0.0966415,42.2681,0.999943,1
0.0991321,42.2681,0.999955,1
0.101623,42.2681,0.999965,1
0.104113,42.2681,0.999972,1
0.106604,42.2681,0.999978,1
0.109094,42.2681,0.999983,1
0.111585,42.2681,0.999986,1
0.114075,42.2681,0.999989,1
0.116566,42.2681,0.999991,1
0.119057,42.2681,0.999993,1
0.121547,42.2681,0.999995,1
0.124038,42.2681,0.999996,1
0.126528,42.2681,0.999997,1
0.129019,42.2681,0.999997,1
0.131509,42.2681,0.999998,1
0.134,42.2681,0.999998,1
0.136491,42.2681,0.999999,1
0.138981,42.2681,0.999999,1
0.141472,42.2681,0.999999,1
0.143962,42.2681,0.999999,1
0.146453,42.2681,0.999999,1
0.148943,42.2681,1,1
0.151434,42.2681,1,1
0.153925,42.2681,1,1
0.156415,42.2681,1,1
0.158906,42.2681,1,1
0.161396,42.2681,1,1
0.163887,42.2681,1,1
0.166377,42.2681,1,1
0.168868,42.2681,1,1
0.171358,42.2681,1,1
0.173849,42.2681,1,1
0.17634,42.2681,1,1
0.17883,42.2681,1,1
0.181321,42.2681,1,1
0.183811,42.2681,1,1
0.186302,42.2681,1,1
0.188792,42.2681,1,1
0.191283,42.2681,1,1
0.193774,42.2681,1,1
0.196264,42.2681,1,1
0.198755,42.2681,1,1
0.002,44.4001,0.178821,0.331025
0.00449057,44.4001,0.363993,0.608506
0.00698113,44.4001,0.511849,0.776418
0.0094717,44.4001,0.627928,0.874048
0.0119623,44.4001,0.717874,0.929543
0.0144528,44.4001,0.786882,0.960711
0.0169434,44.4001,0.839438,0.978111
0.019434,44.4001,0.879248,0.987801
0.0219245,44.4001,0.909287,0.993194
0.0244151,44.4001,0.931894,0.996198
0.0269057,44.4001,0.948877,0.997872
0.0293962,44.4001,0.961622,0.998807
0.0318868,44.4001,0.971181,0.99933
0.0343774,44.4001,0.978348,0.999623
0.0368679,44.4001,0.983723,0.999787
0.0393585,44.4001,0.987755,0.99988
0.0418491,44.4001,0.990781,0.999932
0.0443396,44.4001,0.993054,0.999961
0.0468302,44.4001,0.994762,0.999978
0.0493208,44.4001,0.996046,0.999988
0.0518113,44.4001,0.997013,0.999993
0.0543019,44.4001,0.997741,0.999996
0.0567925,44.4001,0.99829,0.999998
0.059283,44.4001,0.998704,0.999999
0.0617736,44.4001,0.999017,0.999999
0.0642642,44.4001,0.999254,1
0.0667547,44.4001,0.999433,1
0.0692453,44.4001,0.999569,1
0.0717358,44.4001,0.999672,1
0.0742264,44.4001,0.99975,1
0.076717,44.4001,0.999809,1
0.0792075,44.4001,0.999854,1
0.0816981,44.4001,0.999889,1
0.0841887,44.4001,0.999915,1
0.0866792,44.4001,0.999935,1
0.0891698,44.4001,0.99995,1
0.0916604,44.4001,0.999962,1
0.0941509,44.4001,0.99997,1
0.0966415,44.4001,0.999977,1
0.0991321,44.4001,0.999982,1
0.101623,44.4001,0.999986,1
0.104113,44.4001,0.99999,1
0.106604,44.4001,0.999992,1
0.109094,44.4001,0.999994,1
0.111585,44.4001,0.999995,1
0.114075,44.4001,0.999996,1
0.116566,44.4001,0.999997,1
0.119057,44.4001,0.999998,1
0.121547,44.4001,0.999998,1
0.124038,44.4001,0.999999,1
0.126528,44.4001,0.999999,1
0.129019,44.4001,0.999999,1
0.131509,44.4001,0.999999,1
0.134,44.4001,0.999999,1
0.136491,44.4001,1,1
0.138981,44.4001,1,1
0.141472,44.4001,1,1
0.143962,44.4001,1,1
0.146453,44.4001,1,1
0.148943,44.4001,1,1
0.151434,44.4001,1,1
0.153925,44.4001,1,1
0.156415,44.4001,1,1
0.158906,44.4001,1,1
0.161396,44.4001,1,1
0.163887,44.4001,1,1
0.166377,44.4001,1,1
0.168868,44.4001,1,1
0.171358,44.4001,1,1
0.173849,44.4001,1,1
0.17634,44.4001,1,1
0.17883,44.4001,1,1
0.181321,44.4001,1,1
0.183811,44.4001,1,1
0.186302,44.4001,1,1
0.188792,44.4001,1,1
0.191283,44.4001,1,1
0.193774,44.4001,1,1
0.196264,44.4001,1,1
0.198755,44.4001,1,1
0.002,46.6395,0.195493,0.358451
0.00449057,46.6395,0.393269,0.64463
0.00698113,46.6395,0.546859,0.808002
0.0094717,46.6395,0.664011,0.897611
0.0119623,46.6395,0.752174,0.945732
0.0144528,46.6395,0.817868,0.971303
0.0169434,46.6395,0.866474,0.984829
0.019434,46.6395,0.902257,0.991973
0.0219245,46.6395,0.928511,0.995747
0.0244151,46.6395,0.94773,0.997743
0.0269057,46.6395,0.961782,0.9988
0.0293962,46.6395,0.972047,0.99936
0.0318868,46.6395,0.979545,0.999659
0.0343774,46.6395,0.985022,0.999817
0.0368679,46.6395,0.989024,0.999902
0.0393585,46.6395,0.99195,0.999947
0.0418491,46.6395,0.994091,0.999972
0.0443396,46.6395,0.995658,0.999985
0.0468302,46.6395,0.996807,0.999992
0.0493208,46.6395,0.997649,0.999996
0.0518113,46.6395,0.998267,0.999998
0.0543019,46.6395,0.998722,0.999999
0.0567925,46.6395,0.999056,0.999999
0.059283,46.6395,0.999302,1
0.0617736,46.6395,0.999484,1
0.0642642,46.6395,0.999617,1
0.0667547,46.6395,0.999716,1
0.0692453,46.6395,0.999789,1
0.0717358,46.6395,0.999843,1
0.0742264,46.6395,0.999884,1
0.076717,46.6395,0.999913,1
0.0792075,46.6395,0.999935,1
0.0816981,46.6395,0.999952,1
0.0841887,46.6395,0.999964,1
0.0866792,46.6395,0.999973,1
0.0891698,46.6395,0.99998,1
0.0916604,46.6395,0.999985,1
0.0941509,46.6395,0.999989,1
0.0966415,46.6395,0.999991,1
0.0991321,46.6395,0.999994,1
0.101623,46.6395,0.999995,1
0.104113,46.6395,0.999996,1
0.106604,46.6395,0.999997,1
0.109094,46.6395,0.999998,1
0.111585,46.6395,0.999998,1
0.114075,46.6395,0.999999,1
0.116566,46.6395,0.999999,1
0.119057,46.6395,0.999999,1
0.121547,46.6395,0.999999,1
0.124038,46.6395,1,1
0.126528,46.6395,1,1
0.129019,46.6395,1,1
0.131509,46.6395,1,1
0.134,46.6395,1,1
0.136491,46.6395,1,1
0.138981,46.6395,1,1
0.141472,46.6395,1,1
0.143962,46.6395,1,1
0.146453,46.6395,1,1
0.148943,46.6395,1,1
0.151434,46.6395,1,1
0.153925,46.6395,1,1
0.156415,46.6395,1,1
0.158906,46.6395,1,1
0.161396,46.6395,1,1
0.163887,46.6395,1,1
0.166377,46.6395,1,1
0.168868,46.6395,1,1
0.171358,46.6395,1,1
0.173849,46.6395,1,1
0.17634,46.6395,1,1
0.17883,46.6395,1,1
0.181321,46.6395,1,1
0.183811,46.6395,1,1
0.186302,46.6395,1,1
0.188792,46.6395,1,1
0.191283,46.6395,1,1
0.193774,46.6395,1,1
0.196264,46.6395,1,1
0.198755,46.6395,1,1
0.002,48.992,0.213085,0.386724
0.00449057,48.992,0.423275,0.679685
0.00698113,48.992,0.581682,0.836851
0.0094717,48.992,0.69883,0.917907
0.0119623,48.992,0.784288,0.958904
0.0144528,48.992,0.846028,0.979458
0.0169434,48.992,0.890334,0.989728
0.019434,48.992,0.921987,0.994857
0.0219245,48.992,0.944535,0.997421
0.0244151,48.992,0.960569,0.998704
0.0269057,48.992,0.971961,0.999347
0.0293962,48.992,0.980051,0.999671
0.0318868,48.992,0.985797,0.999833
0.0343774,48.992,0.98988,0.999916
0.0368679,48.992,0.992782,0.999957
0.0393585,48.992,0.994847,0.999978
0.0418491,48.992,0.996318,0.999989
0.0443396,48.992,0.997366,0.999994
0.0468302,48.992,0.998114,0.999997
0.0493208,48.992,0.998648,0.999998
0.0518113,48.992,0.99903,0.999999
0.0543019,48.992,0.999303,1
0.0567925,48.992,0.999498,1
0.059283,48.992,0.999639,1
0.0617736,48.992,0.99974,1
0.0642642,48.992,0.999812,1
0.0667547,48.992,0.999864,1
0.0692453,48.992,0.999902,1
0.0717358,48.992,0.999929,1
0.0742264,48.992,0.999948,1
0.076717,48.992,0.999963,1
0.0792075,48.992,0.999973,1
0.0816981,48.992,0.99998,1
0.0841887,48.992,0.999986,1
0.0866792,48.992,0.999989,1
0.0891698,48.992,0.999992,1
0.0916604,48.992,0.999994,1
0.0941509,48.992,0.999996,1
0.0966415,48.992,0.999997,1
0.0991321,48.992,0.999998,1
0.101623,48.992,0.999998,1
0.104113,48.992,0.999999,1
0.106604,48.992,0.999999,1
0.109094,48.992,0.999999,1
0.111585,48.992,1,1
0.114075,48.992,1,1
0.116566,48.992,1,1
0.119057,48.992,1,1
0.121547,48.992,1,1
0.124038,48.992,1,1
0.126528,48.992,1,1
0.129019,48.992,1,1
0.131509,48.992,1,1
0.134,48.992,1,1
0.136491,48.992,1,1
0.138981,48.992,1,1
0.141472,48.992,1,1
0.143962,48.992,1,1
0.146453,48.992,1,1
0.148943,48.992,1,1
0.151434,48.992,1,1
0.153925,48.992,1,1
0.156415,48.992,1,1
0.158906,48.992,1,1
0.161396,48.992,1,1
0.163887,48.992,1,1
0.166377,48.992,1,1
0.168868,48.992,1,1
0.171358,48.992,1,1
0.173849,48.992,1,1
0.17634,48.992,1,1
0.17883,48.992,1,1
0.181321,48.992,1,1
0.183811,48.992,1,1
0.186302,48.992,1,1
0.188792,48.992,1,1
0.191283,48.992,1,1
0.193774,48.992,1,1
0.196264,48.992,1,1
0.198755,48.992,1,1
0.002,51.4631,0.231571,0.415699
0.00449057,51.4631,0.453839,0.713369
0.00698113,51.4631,0.616031,0.86286
0.0094717,51.4631,0.732088,0.935109
0.0119623,51.4631,0.814,0.969421
0.0144528,51.4631,0.871277,0.9856
0.0169434,51.4631,0.91108,0.993213
0.019434,51.4631,0.938632,0.996796
0.0219245,51.4631,0.957658,0.998484
0.0244151,51.4631,0.97078,0.999281
0.0269057,51.4631,0.979825,0.999658
0.0293962,51.4631,0.986061,0.999837
0.0318868,51.4631,0.990361,0.999922
0.0343774,51.4631,0.993328,0.999963
0.0368679,51.4631,0.995377,0.999982
0.0393585,51.4631,0.996793,0.999991
0.0418491,51.4631,0.997773,0.999996
0.0443396,51.4631,0.998452,0.999998
0.0468302,51.4631,0.998922,0.999999
0.0493208,51.4631,0.999249,1
0.0518113,51.4631,0.999476,1
0.0543019,51.4631,0.999634,1
0.0567925,51.4631,0.999744,1
0.059283,51.4631,0.999821,1
0.0617736,51.4631,0.999874,1
0.0642642,51.4631,0.999912,1
0.0667547,51.4631,0.999938,1
0.0692453,51.4631,0.999956,1
0.0717358,51.4631,0.999969,1
0.0742264,51.4631,0.999978,1
0.076717,51.4631,0.999985,1
0.0792075,51.4631,0.999989,1
0.0816981,51.4631,0.999992,1
0.0841887,51.4631,0.999995,1
0.0866792,51.4631,0.999996,1
0.0891698,51.4631,0.999997,1
0.0916604,51.4631,0.999998,1
0.0941509,51.4631,0.999999,1
0.0966415,51.4631,0.999999,1
0.0991321,51.4631,0.999999,1
0.101623,51.4631,0.999999,1
0.104113,51.4631,1,1
0.106604,51.4631,1,1
0.109094,51.4631,1,1
0.111585,51.4631,1,1
0.114075,51.4631,1,1
0.116566,51.4631,1,1
0.119057,51.4631,1,1
0.121547,51.4631,1,1
0.124038,51.4631,1,1
0.126528,51.4631,1,1
0.129019,51.4631,1,1
0.131509,51.4631,1,1
0.134,51.4631,1,1
0.136491,51.4631,1,1
0.138981,51.4631,1,1
0.141472,51.4631,1,1
0.143962,51.4631,1,1
0.146453,51.4631,1,1
0.148943,51.4631,1,1
0.151434,51.4631,1,1
0.153925,51.4631,1,1
0.156415,51.4631,1,1
0.158906,51.4631,1,1
0.161396,51.4631,1,1
0.163887,51.4631,1,1
0.166377,51.4631,1,1
0.168868,51.4631,1,1
0.171358,51.4631,1,1
0.173849,51.4631,1,1
0.17634,51.4631,1,1
0.17883,51.4631,1,1
0.181321,51.4631,1,1
0.183811,51.4631,1,1
0.186302,51.4631,1,1
0.188792,51.4631,1,1
0.191283,51.4631,1,1
0.193774,51.4631,1,1
0.196264,51.4631,1,1
0.198755,51.4631,1,1
0.002,54.0588,0.250919,0.44522
0.00449057,54.0588,0.484774,0.745421
0.00698113,54.0588,0.649633,0.886001
0.0094717,54.0588,0.763533,0.949455
0.0119623,54.0588,0.841167,0.977657
0.0144528,54.0588,0.893614,0.990123
0.0169434,54.0588,0.92885,0.995628
0.019434,54.0588,0.952443,0.998061
0.0219245,54.0588,0.968212,0.999138
0.0244151,54.0588,0.978743,0.999616
0.0269057,54.0588,0.985775,0.999828
0.0293962,54.0588,0.990472,0.999923
0.0318868,54.0588,0.993612,0.999965
0.0343774,54.0588,0.995712,0.999984
0.0368679,54.0588,0.997119,0.999993
0.0393585,54.0588,0.998061,0.999997
0.0418491,54.0588,0.998694,0.999999
0.0443396,54.0588,0.999119,0.999999
0.0468302,54.0588,0.999405,1
0.0493208,54.0588,0.999598,1
0.0518113,54.0588,0.999728,1
0.0543019,54.0588,0.999815,1
0.0567925,54.0588,0.999875,1
0.059283,54.0588,0.999915,1
0.0617736,54.0588,0.999942,1
0.0642642,54.0588,0.99996,1
0.0667547,54.0588,0.999973,1
0.0692453,54.0588,0.999982,1
0.0717358,54.0588,0.999987,1
0.0742264,54.0588,0.999991,1
0.076717,54.0588,0.999994,1
0.0792075,54.0588,0.999996,1
0.0816981,54.0588,0.999997,1
0.0841887,54.0588,0.999998,1
0.0866792,54.0588,0.999999,1
0.0891698,54.0588,0.999999,1
0.0916604,54.0588,0.999999,1
0.0941509,54.0588,1,1
0.0966415,54.0588,1,1
0.0991321,54.0588,1,1
0.101623,54.0588,1,1
0.104113,54.0588,1,1
0.106604,54.0588,1,1
0.109094,54.0588,1,1
0.111585,54.0588,1,1
0.114075,54.0588,1,1
0.116566,54.0588,1,1
0.119057,54.0588,1,1
0.121547,54.0588,1,1
0.124038,54.0588,1,1
0.126528,54.0588,1,1
0.129019,54.0588,1,1
0.131509,54.0588,1,1
0.134,54.0588,1,1
0.136491,54.0588,1,1
0.138981,54.0588,1,1
0.141472,54.0588,1,1
0.143962,54.0588,1,1
0.146453,54.0588,1,1
0.148943,54.0588,1,1
0.151434,54.0588,1,1
0.153925,54.0588,1,1
0.156415,54.0588,1,1
0.158906,54.0588,1,1
0.161396,54.0588,1,1
0.163887,54.0588,1,1
0.166377,54.0588,1,1
0.168868,54.0588,1,1
0.171358,54.0588,1,1
0.173849,54.0588,1,1
0.17634,54.0588,1,1
0.17883,54.0588,1,1
0.181321,54.0588,1,1
0.183811,54.0588,1,1
0.186302,54.0588,1,1
0.188792,54.0588,1,1
0.191283,54.0588,1,1
0.193774,54.0588,1,1
0.196264,54.0588,1,1
0.198755,54.0588,1,1
0.002,56.7854,0.271086,0.475125
0.00449057,56.7854,0.515892,0.775622
0.00698113,56.7854,0.682233,0.906322
0.0094717,56.7854,0.792966,0.961223
0.0119623,56.7854,0.865712,0.983981
0.0144528,56.7854,0.913111,0.993378
0.0169434,56.7854,0.943843,0.997257
0.019434,56.7854,0.963714,0.998861
0.0219245,56.7854,0.976547,0.999526
0.0244151,56.7854,0.984831,0.999802
0.0269057,56.7854,0.99018,0.999917
0.0293962,56.7854,0.993636,0.999965
0.0318868,56.7854,0.99587,0.999985
0.0343774,56.7854,0.997317,0.999994
0.0368679,56.7854,0.998255,0.999997
0.0393585,56.7854,0.998863,0.999999
0.0418491,56.7854,0.999259,1
0.0443396,56.7854,0.999516,1
0.0468302,56.7854,0.999683,1
0.0493208,56.7854,0.999793,1
0.0518113,56.7854,0.999864,1
0.0543019,56.7854,0.999911,1
0.0567925,56.7854,0.999941,1
0.059283,56.7854,0.999961,1
0.0617736,56.7854,0.999974,1
0.0642642,56.7854,0.999983,1
0.0667547,56.7854,0.999989,1
0.0692453,56.7854,0.999993,1
0.0717358,56.7854,0.999995,1
0.0742264,56.7854,0.999997,1
0.076717,56.7854,0.999998,1
0.0792075,56.7854,0.999999,1
0.0816981,56.7854,0.999999,1
0.0841887,56.7854,0.999999,1
0.0866792,56.7854,1,1
0.0891698,56.7854,1,1
0.0916604,56.7854,1,1
0.0941509,56.7854,1,1
0.0966415,56.7854,1,1
0.0991321,56.7854,1,1
0.101623,56.7854,1,1
0.104113,56.7854,1,1
0.106604,56.7854,1,1
0.109094,56.7854,1,1
0.111585,56.7854,1,1
0.114075,56.7854,1,1
0.116566,56.7854,1,1
0.119057,56.7854,1,1
0.121547,56.7854,1,1
0.124038,56.7854,1,1
0.126528,56.7854,1,1
0.129019,56.7854,1,1
0.131509,56.7854,1,1
0.134,56.7854,1,1
0.136491,56.7854,1,1
0.138981,56.7854,1,1
0.141472,56.7854,1,1
0.143962,56.7854,1,1
0.146453,56.7854,1,1
0.148943,56.7854,1,1
0.151434,56.7854,1,1
0.153925,56.7854,1,1
0.156415,56.7854,1,1
0.158906,56.7854,1,1
0.161396,56.7854,1,1
0.163887,56.7854,1,1
0.166377,56.7854,1,1
0.168868,56.7854,1,1
0.171358,56.7854,1,1
0.173849,56.7854,1,1
0.17634,56.7854,1,1
0.17883,56.7854,1,1
0.181321,56.7854,1,1
0.183811,56.7854,1,1
0.186302,56.7854,1,1
0.188792,56.7854,1,1
0.191283,56.7854,1,1
0.193774,56.7854,1,1
0.196264,56.7854,1,1
0.198755,56.7854,1,1
0.002,59.6496,0.292026,0.505243
0.00449057,59.6496,0.547,0.803804
0.00698113,59.6496,0.713601,0.92393
0.0094717,59.6496,0.820237,0.970718
0.0119623,59.6496,0.887628,0.98874
0.0144528,59.6496,0.929898,0.995664
0.0169434,59.6496,0.9563,0.998327
0.019434,59.6496,0.972756,0.999353
0.0219245,59.6496,0.983006,0.999749
0.0244151,59.6496,0.989389,0.999902
0.0269057,59.6496,0.993368,0.999962
0.0293962,59.6496,0.995849,0.999985
0.0318868,59.6496,0.997399,0.999994
0.0343774,59.6496,0.998368,0.999998
0.0368679,59.6496,0.998974,0.999999
0.0393585,59.6496,0.999355,1
0.0418491,59.6496,0.999593,1
0.0443396,59.6496,0.999743,1
0.0468302,59.6496,0.999838,1
0.0493208,59.6496,0.999897,1
0.0518113,59.6496,0.999935,1
0.0543019,59.6496,0.999959,1
0.0567925,59.6496,0.999974,1
0.059283,59.6496,0.999983,1
0.0617736,59.6496,0.999989,1
0.0642642,59.6496,0.999993,1
0.0667547,59.6496,0.999996,1
0.0692453,59.6496,0.999997,1
0.0717358,59.6496,0.999998,1
0.0742264,59.6496,0.999999,1
0.076717,59.6496,0.999999,1
0.0792075,59.6496,1,1
0.0816981,59.6496,1,1
0.0841887,59.6496,1,1
0.0866792,59.6496,1,1
0.0891698,59.6496,1,1
0.0916604,59.6496,1,1
0.0941509,59.6496,1,1
0.0966415,59.6496,1,1
0.0991321,59.6496,1,1
0.101623,59.6496,1,1
0.104113,59.6496,1,1
0.106604,59.6496,1,1
0.109094,59.6496,1,1
0.111585,59.6496,1,1
0.114075,59.6496,1,1
0.116566,59.6496,1,1
0.119057,59.6496,1,1
0.121547,59.6496,1,1
0.124038,59.6496,1,1
0.126528,59.6496,1,1
0.129019,59.6496,1,1
0.131509,59.6496,1,1
0.134,59.6496,1,1
0.136491,59.6496,1,1
0.138981,59.6496,1,1
0.141472,59.6496,1,1
0.143962,59.6496,1,1
0.146453,59.6496,1,1
0.148943,59.6496,1,1
0.151434,59.6496,1,1
0.153925,59.6496,1,1
0.156415,59.6496,1,1
0.158906,59.6496,1,1
0.161396,59.6496,1,1
0.163887,59.6496,1,1
0.166377,59.6496,1,1
0.168868,59.6496,1,1
0.171358,59.6496,1,1
0.173849,59.6496,1,1
0.17634,59.6496,1,1
0.17883,59.6496,1,1
0.181321,59.6496,1,1
0.183811,59.6496,1,1
0.186302,59.6496,1,1
0.188792,59.6496,1,1
0.191283,59.6496,1,1
0.193774,59.6496,1,1
0.196264,59.6496,1,1
0.198755,59.6496,1,1
0.002,62.6583,0.313684,0.535404
0.00449057,62.6583,0.577907,0.829844
0.00698113,62.6583,0.743536,0.938985
0.0094717,62.6583,0.84525,0.978248
0.0119623,62.6583,0.906963,0.992246
0.0144528,62.6583,0.944155,0.997231
0.0169434,62.6583,0.966491,0.999008
0.019434,62.6583,0.979886,0.999644
0.0219245,62.6583,0.987916,0.999872
0.0244151,62.6583,0.992732,0.999954
0.0269057,62.6583,0.995623,0.999983
0.0293962,62.6583,0.99736,0.999994
0.0318868,62.6583,0.998406,0.999998
0.0343774,62.6583,0.999036,0.999999
0.0368679,62.6583,0.999416,1
0.0393585,62.6583,0.999646,1
0.0418491,62.6583,0.999785,1
0.0443396,62.6583,0.999869,1
0.0468302,62.6583,0.99992,1
0.0493208,62.6583,0.999951,1
0.0518113,62.6583,0.99997,1
0.0543019,62.6583,0.999982,1
0.0567925,62.6583,0.999989,1
0.059283,62.6583,0.999993,1
0.0617736,62.6583,0.999996,1
0.0642642,62.6583,0.999997,1
0.0667547,62.6583,0.999998,1
0.0692453,62.6583,0.999999,1
0.0717358,62.6583,0.999999,1
0.0742264,62.6583,1,1
0.076717,62.6583,1,1
0.0792075,62.6583,1,1
0.0816981,62.6583,1,1
0.0841887,62.6583,1,1
0.0866792,62.6583,1,1
0.0891698,62.6583,1,1
0.0916604,62.6583,1,1
0.0941509,62.6583,1,1
0.0966415,62.6583,1,1
0.0991321,62.6583,1,1
0.101623,62.6583,1,1
0.104113,62.6583,1,1
0.106604,62.6583,1,1
0.109094,62.6583,1,1
0.111585,62.6583,1,1
0.114075,62.6583,1,1
0.116566,62.6583,1,1
0.119057,62.6583,1,1
0.121547,62.6583,1,1
0.124038,62.6583,1,1
0.126528,62.6583,1,1
0.129019,62.6583,1,1
0.131509,62.6583,1,1
0.134,62.6583,1,1
0.136491,62.6583,1,1
0.138981,62.6583,1,1
0.141472,62.6583,1,1
0.143962,62.6583,1,1
0.146453,62.6583,1,1
0.148943,62.6583,1,1
0.151434,62.6583,1,1
0.153925,62.6583,1,1
0.156415,62.6583,1,1
0.158906,62.6583,1,1
0.161396,62.6583,1,1
0.163887,62.6583,1,1
0.166377,62.6583,1,1
0.168868,62.6583,1,1
0.171358,62.6583,1,1
0.173849,62.6583,1,1
0.17634,62.6583,1,1
0.17883,62.6583,1,1
0.181321,62.6583,1,1
0.183811,62.6583,1,1
0.186302,62.6583,1,1
0.188792,62.6583,1,1
0.191283,62.6583,1,1
0.193774,62.6583,1,1
0.196264,62.6583,1,1
0.198755,62.6583,1,1
0.002,65.8187,0.336001,0.565436
0.00449057,65.8187,0.608429,0.853671
0.00698113,65.8187,0.771871,0.951681
0.0094717,65.8187,0.86796,0.984116
0.0119623,65.8187,0.923816,0.994774
0.0144528,65.8187,0.956095,0.998277
0.0169434,65.8187,0.974696,0.99943
0.019434,65.8187,0.985407,0.999811
0.0219245,65.8187,0.991575,0.999937
0.0244151,65.8187,0.995129,0.999979
0.0269057,65.8187,0.99718,0.999993
0.0293962,65.8187,0.998365,0.999998
0.0318868,65.8187,0.99905,0.999999
0.0343774,65.8187,0.999448,1
0.0368679,65.8187,0.999678,1
0.0393585,65.8187,0.999812,1
0.0418491,65.8187,0.99989,1
0.0443396,65.8187,0.999936,1
0.0468302,65.8187,0.999962,1
0.0493208,65.8187,0.999978,1
0.0518113,65.8187,0.999987,1
0.0543019,65.8187,0.999992,1
0.0567925,65.8187,0.999995,1
0.059283,65.8187,0.999997,1
0.0617736,65.8187,0.999998,1
0.0642642,65.8187,0.999999,1
0.0667547,65.8187,0.999999,1
0.0692453,65.8187,1,1
0.0717358,65.8187,1,1
0.0742264,65.8187,1,1
0.076717,65.8187,1,1
0.0792075,65.8187,1,1
0.0816981,65.8187,1,1
0.0841887,65.8187,1,1
0.0866792,65.8187,1,1
0.0891698,65.8187,1,1
0.0916604,65.8187,1,1
0.0941509,65.8187,1,1
0.0966415,65.8187,1,1
0.0991321,65.8187,1,1
0.101623,65.8187,1,1
0.104113,65.8187,1,1
0.106604,65.8187,1,1
0.109094,65.8187,1,1
0.111585,65.8187,1,1
0.114075,65.8187,1,1
0.116566,65.8187,1,1
0.119057,65.8187,1,1
0.121547,65.8187,1,1
0.124038,65.8187,1,1
0.126528,65.8187,1,1
0.129019,65.8187,1,1
0.131509,65.8187,1,1
0.134,65.8187,1,1
0.136491,65.8187,1,1
0.138981,65.8187,1,1
0.141472,65.8187,1,1
0.143962,65.8187,1,1
0.146453,65.8187,1,1
0.148943,65.8187,1,1
0.151434,65.8187,1,1
0.153925,65.8187,1,1
0.156415,65.8187,1,1
0.158906,65.8187,1,1
0.161396,65.8187,1,1
0.163887,65.8187,1,1
0.166377,65.8187,1,1
0.168868,65.8187,1,1
0.171358,65.8187,1,1
0.173849,65.8187,1,1
0.17634,65.8187,1,1
0.17883,65.8187,1,1
0.181321,65.8187,1,1
0.183811,65.8187,1,1
0.186302,65.8187,1,1
0.188792,65.8187,1,1
0.191283,65.8187,1,1
0.193774,65.8187,1,1
0.196264,65.8187,1,1
0.198755,65.8187,1,1
0.002,69.1385,0.358911,0.595174
0.00449057,69.1385,0.638387,0.875258
0.00698113,69.1385,0.79847,0.962241
0.0094717,69.1385,0.888367,0.988606
0.0119623,69.1385,0.938326,0.996557
0.0144528,69.1385,0.965951,0.998957
0.0169434,69.1385,0.981195,0.999683
0.019434,69.1385,0.989604,0.999903
0.0219245,69.1385,0.994245,0.99997
0.0244151,69.1385,0.99681,0.999991
0.0269057,69.1385,0.998228,0.999997
0.0293962,69.1385,0.999015,0.999999
0.0318868,69.1385,0.999451,1
0.0343774,69.1385,0.999694,1
0.0368679,69.1385,0.999829,1
0.0393585,69.1385,0.999904,1
0.0418491,69.1385,0.999946,1
0.0443396,69.1385,0.99997,1
0.0468302,69.1385,0.999983,1
0.0493208,69.1385,0.99999,1
0.0518113,69.1385,0.999995,1
0.0543019,69.1385,0.999997,1
0.0567925,69.1385,0.999998,1
0.059283,69.1385,0.999999,1
0.0617736,69.1385,0.999999,1
0.0642642,69.1385,1,1
0.0667547,69.1385,1,1
0.0692453,69.1385,1,1
0.0717358,69.1385,1,1
0.0742264,69.1385,1,1
0.076717,69.1385,1,1
0.0792075,69.1385,1,1
0.0816981,69.1385,1,1
0.0841887,69.1385,1,1
0.0866792,69.1385,1,1
0.0891698,69.1385,1,1
0.0916604,69.1385,1,1
0.0941509,69.1385,1,1
0.0966415,69.1385,1,1
0.0991321,69.1385,1,1
0.101623,69.1385,1,1
0.104113,69.1385,1,1
0.106604,69.1385,1,1
0.109094,69.1385,1,1
0.111585,69.1385,1,1
0.114075,69.1385,1,1
0.116566,69.1385,1,1
0.119057,69.1385,1,1
0.121547,69.1385,1,1
0.124038,69.1385,1,1
0.126528,69.1385,1,1
0.129019,69.1385,1,1
0.131509,69.1385,1,1
0.134,69.1385,1,1
0.136491,69.1385,1,1
0.138981,69.1385,1,1
0.141472,69.1385,1,1
0.143962,69.1385,1,1
0.146453,69.1385,1,1
0.148943,69.1385,1,1
0.151434,69.1385,1,1
0.153925,69.1385,1,1
0.156415,69.1385,1,1
0.158906,69.1385,1,1
0.161396,69.1385,1,1
0.163887,69.1385,1,1
0.166377,69.1385,1,1
0.168868,69.1385,1,1
0.171358,69.1385,1,1
0.173849,69.1385,1,1
0.17634,69.1385,1,1
0.17883,69.1385,1,1
0.181321,69.1385,1,1
0.183811,69.1385,1,1
0.186302,69.1385,1,1
0.188792,69.1385,1,1
0.191283,69.1385,1,1
0.193774,69.1385,1,1
0.196264,69.1385,1,1
0.198755,69.1385,1,1
0.002,72.6257,0.382344,0.624456
0.00449057,72.6257,0.667615,0.894621
0.00698113,72.6257,0.823234,0.970899
0.0094717,72.6257,0.906515,0.991978
0.0119623,72.6257,0.950663,0.997784
0.0144528,72.6257,0.973969,0.999386
0.0169434,72.6257,0.986256,0.999829
0.019434,72.6257,0.992734,0.999952
0.0219245,72.6257,0.996153,0.999987
0.0244151,72.6257,0.99796,0.999996
0.0269057,72.6257,0.998916,0.999999
0.0293962,72.6257,0.999423,1
0.0318868,72.6257,0.999692,1
0.0343774,72.6257,0.999836,1
0.0368679,72.6257,0.999912,1
0.0393585,72.6257,0.999953,1
0.0418491,72.6257,0.999975,1
0.0443396,72.6257,0.999986,1
0.0468302,72.6257,0.999993,1
0.0493208,72.6257,0.999996,1
0.0518113,72.6257,0.999998,1
0.0543019,72.6257,0.999999,1
0.0567925,72.6257,0.999999,1
0.059283,72.6257,1,1
0.0617736,72.6257,1,1
0.0642642,72.6257,1,1
0.0667547,72.6257,1,1
0.0692453,72.6257,1,1
0.0717358,72.6257,1,1
0.0742264,72.6257,1,1
0.076717,72.6257,1,1
0.0792075,72.6257,1,1
0.0816981,72.6257,1,1
0.0841887,72.6257,1,1
0.0866792,72.6257,1,1
0.0891698,72.6257,1,1
0.0916604,72.6257,1,1
0.0941509,72.6257,1,1
0.0966415,72.6257,1,1
0.0991321,72.6257,1,1
0.101623,72.6257,1,1
0.104113,72.6257,1,1
0.106604,72.6257,1,1
0.109094,72.6257,1,1
0.111585,72.6257,1,1
0.114075,72.6257,1,1
0.116566,72.6257,1,1
0.119057,72.6257,1,1
0.121547,72.6257,1,1
0.124038,72.6257,1,1
0.126528,72.6257,1,1
0.129019,72.6257,1,1
0.131509,72.6257,1,1
0.134,72.6257,1,1
0.136491,72.6257,1,1
0.138981,72.6257,1,1
0.141472,72.6257,1,1
0.143962,72.6257,1,1
0.146453,72.6257,1,1
0.148943,72.6257,1,1
0.151434,72.6257,1,1
0.153925,72.6257,1,1
0.156415,72.6257,1,1
0.158906,72.6257,1,1
0.161396,72.6257,1,1
0.163887,72.6257,1,1
0.166377,72.6257,1,1
0.168868,72.6257,1,1
0.171358,72.6257,1,1
0.173849,72.6257,1,1
0.17634,72.6257,1,1
0.17883,72.6257,1,1
0.181321,72.6257,1,1
0.183811,72.6257,1,1
0.186302,72.6257,1,1
0.188792,72.6257,1,1
0.191283,72.6257,1,1
0.193774,72.6257,1,1
0.196264,72.6257,1,1
0.198755,72.6257,1,1
0.002,76.2889,0.406228,0.653128
0.00449057,76.2889,0.695958,0.911813
0.00698113,76.2889,0.846098,0.977892
0.0094717,76.2889,0.922483,0.994462
0.0119623,76.2889,0.961018,0.998609
0.0144528,76.2889,0.980393,0.999649
0.0169434,76.2889,0.990128,0.999911
0.019434,76.2889,0.995022,0.999977
0.0219245,76.2889,0.997486,0.999994
0.0244151,76.2889,0.998728,0.999999
0.0269057,76.2889,0.999355,1
0.0293962,76.2889,0.999672,1
0.0318868,76.2889,0.999833,1
0.0343774,76.2889,0.999915,1
0.0368679,76.2889,0.999957,1
0.0393585,76.2889,0.999978,1
0.0418491,76.2889,0.999989,1
0.0443396,76.2889,0.999994,1
0.0468302,76.2889,0.999997,1
0.0493208,76.2889,0.999998,1
0.0518113,76.2889,0.999999,1
0.0543019,76.2889,1,1
0.0567925,76.2889,1,1
0.059283,76.2889,1,1
0.0617736,76.2889,1,1
0.0642642,76.2889,1,1
0.0667547,76.2889,1,1
0.0692453,76.2889,1,1
0.0717358,76.2889,1,1
0.0742264,76.2889,1,1
0.076717,76.2889,1,1
0.0792075,76.2889,1,1
0.0816981,76.2889,1,1
0.0841887,76.2889,1,1
0.0866792,76.2889,1,1
0.0891698,76.2889,1,1
0.0916604,76.2889,1,1
0.0941509,76.2889,1,1
0.0966415,76.2889,1,1
0.0991321,76.2889,1,1
0.101623,76.2889,1,1
0.104113,76.2889,1,1
0.106604,76.2889,1,1
0.109094,76.2889,1,1
0.111585,76.2889,1,1
0.114075,76.2889,1,1
0.116566,76.2889,1,1
0.119057,76.2889,1,1
0.121547,76.2889,1,1
0.124038,76.2889,1,1
0.126528,76.2889,1,1
0.129019,76.2889,1,1
0.131509,76.2889,1,1
0.134,76.2889,1,1
0.136491,76.2889,1,1
0.138981,76.2889,1,1
0.141472,76.2889,1,1
0.143962,76.2889,1,1
0.146453,76.2889,1,1
0.148943,76.2889,1,1
0.151434,76.2889,1,1
0.153925,76.2889,1,1
0.156415,76.2889,1,1
0.158906,76.2889,1,1
0.161396,76.2889,1,1
0.163887,76.2889,1,1
0.166377,76.2889,1,1
0.168868,76.2889,1,1
0.171358,76.2889,1,1
0.173849,76.2889,1,1
0.17634,76.2889,1,1
0.17883,76.2889,1,1
0.181321,76.2889,1,1
0.183811,76.2889,1,1
0.186302,76.2889,1,1
0.188792,76.2889,1,1
0.191283,76.2889,1,1
0.193774,76.2889,1,1
0.196264,76.2889,1,1
0.198755,76.2889,1,1
0.002,80.1368,0.430485,0.681047
0.00449057,80.1368,0.723278,0.926919
0.00698113,80.1368,0.867029,0.983457
0.0094717,80.1368,0.936382,0.996254
0.0119623,80.1368,0.969594,0.999149
0.0144528,80.1368,0.98546,0.999806
0.0169434,80.1368,0.993037,0.999956
0.019434,80.1368,0.99666,0.99999
0.0219245,80.1368,0.998395,0.999998
0.0244151,80.1368,0.999227,0.999999
0.0269057,80.1368,0.999627,1
0.0293962,80.1368,0.99982,1
0.0318868,80.1368,0.999913,1
0.0343774,80.1368,0.999958,1
0.0368679,80.1368,0.999979,1
0.0393585,80.1368,0.99999,1
0.0418491,80.1368,0.999995,1
0.0443396,80.1368,0.999998,1
0.0468302,80.1368,0.999999,1
0.0493208,80.1368,0.999999,1
0.0518113,80.1368,1,1
0.0543019,80.1368,1,1
0.0567925,80.1368,1,1
0.059283,80.1368,1,1
0.0617736,80.1368,1,1
0.0642642,80.1368,1,1
0.0667547,80.1368,1,1
0.0692453,80.1368,1,1
0.0717358,80.1368,1,1
0.0742264,80.1368,1,1
0.076717,80.1368,1,1
0.0792075,80.1368,1,1
0.0816981,80.1368,1,1
0.0841887,80.1368,1,1
0.0866792,80.1368,1,1
0.0891698,80.1368,1,1
0.0916604,80.1368,1,1
0.0941509,80.1368,1,1
0.0966415,80.1368,1,1
0.0991321,80.1368,1,1
0.101623,80.1368,1,1
0.104113,80.1368,1,1
0.106604,80.1368,1,1
0.109094,80.1368,1,1
0.111585,80.1368,1,1
0.114075,80.1368,1,1
0.116566,80.1368,1,1
0.119057,80.1368,1,1
0.121547,80.1368,1,1
0.124038,80.1368,1,1
0.126528,80.1368,1,1
0.129019,80.1368,1,1
0.131509,80.1368,1,1
0.134,80.1368,1,1
0.136491,80.1368,1,1
0.138981,80.1368,1,1
0.141472,80.1368,1,1
0.143962,80.1368,1,1
0.146453,80.1368,1,1
0.148943,80.1368,1,1
0.151434,80.1368,1,1
0.153925,80.1368,1,1
0.156415,80.1368,1,1
0.158906,80.1368,1,1
0.161396,80.1368,1,1
0.163887,80.1368,1,1
0.166377,80.1368,1,1
0.168868,80.1368,1,1
0.171358,80.1368,1,1
0.173849,80.1368,1,1
0.17634,80.1368,1,1
0.17883,80.1368,1,1
0.181321,80.1368,1,1
0.183811,80.1368,1,1
0.186302,80.1368,1,1
0.188792,80.1368,1,1
0.191283,80.1368,1,1
0.193774,80.1368,1,1
0.196264,80.1368,1,1
0.198755,80.1368,1,1
0.002,84.1788,0.455035,0.708081
0.00449057,84.1788,0.74945,0.940051
0.00698113,84.1788,0.886025,0.987814
0.0094717,84.1788,0.948345,0.99752
0.0119623,84.1788,0.976601,0.999493
0.0144528,84.1788,0.989391,0.999896
0.0169434,84.1788,0.995182,0.999979
0.019434,84.1788,0.997808,0.999996
0.0219245,84.1788,0.999,0.999999
0.0244151,84.1788,0.999543,1
0.0269057,84.1788,0.999791,1
0.0293962,84.1788,0.999904,1
0.0318868,84.1788,0.999956,1
0.0343774,84.1788,0.99998,1
0.0368679,84.1788,0.999991,1
0.0393585,84.1788,0.999996,1
0.0418491,84.1788,0.999998,1
0.0443396,84.1788,0.999999,1
0.0468302,84.1788,1,1
0.0493208,84.1788,1,1
0.0518113,84.1788,1,1
0.0543019,84.1788,1,1
0.0567925,84.1788,1,1
0.059283,84.1788,1,1
0.0617736,84.1788,1,1
0.0642642,84.1788,1,1
0.0667547,84.1788,1,1
0.0692453,84.1788,1,1
0.0717358,84.1788,1,1
0.0742264,84.1788,1,1
0.076717,84.1788,1,1
0.0792075,84.1788,1,1
0.0816981,84.1788,1,1
0.0841887,84.1788,1,1
0.0866792,84.1788,1,1
0.0891698,84.1788,1,1
0.0916604,84.1788,1,1
0.0941509,84.1788,1,1
0.0966415,84.1788,1,1
0.0991321,84.1788,1,1
0.101623,84.1788,1,1
0.104113,84.1788,1,1
0.106604,84.1788,1,1
0.109094,84.1788,1,1
0.111585,84.1788,1,1
0.114075,84.1788,1,1
0.116566,84.1788,1,1
0.119057,84.1788,1,1
0.121547,84.1788,1,1
0.124038,84.1788,1,1
0.126528,84.1788,1,1
0.129019,84.1788,1,1
0.131509,84.1788,1,1
0.134,84.1788,1,1
0.136491,84.1788,1,1
0.138981,84.1788,1,1
0.141472,84.1788,1,1
0.143962,84.1788,1,1
0.146453,84.1788,1,1
0.148943,84.1788,1,1
0.151434,84.1788,1,1
0.153925,84.1788,1,1
0.156415,84.1788,1,1
0.158906,84.1788,1,1
0.161396,84.1788,1,1
0.163887,84.1788,1,1
0.166377,84.1788,1,1
0.168868,84.1788,1,1
0.171358,84.1788,1,1
0.173849,84.1788,1,1
0.17634,84.1788,1,1
0.17883,84.1788,1,1
0.181321,84.1788,1,1
0.183811,84.1788,1,1
0.186302,84.1788,1,1
0.188792,84.1788,1,1
0.191283,84.1788,1,1
0.193774,84.1788,1,1
0.196264,84.1788,1,1
0.198755,84.1788,1,1
0.002,88.4246,0.479798,0.73411
0.00449057,88.4246,0.774368,0.951343
0.00698113,88.4246,0.903114,0.99117
0.0094717,88.4246,0.958525,0.998394
0.0119623,88.4246,0.982245,0.999707
0.0144528,88.4246,0.992389,0.999946
0.0169434,88.4246,0.996732,0.99999
0.019434,88.4246,0.998593,0.999998
0.0219245,88.4246,0.999393,1
0.0244151,88.4246,0.999738,1
0.0269057,88.4246,0.999886,1
0.0293962,88.4246,0.999951,1
0.0318868,88.4246,0.999979,1
0.0343774,88.4246,0.999991,1
0.0368679,88.4246,0.999996,1
0.0393585,88.4246,0.999998,1
0.0418491,88.4246,0.999999,1
0.0443396,88.4246,1,1
0.0468302,88.4246,1,1
0.0493208,88.4246,1,1
0.0518113,88.4246,1,1
0.0543019,88.4246,1,1
0.0567925,88.4246,1,1
0.059283,88.4246,1,1
0.0617736,88.4246,1,1
0.0642642,88.4246,1,1
0.0667547,88.4246,1,1
0.0692453,88.4246,1,1
0.0717358,88.4246,1,1
0.0742264,88.4246,1,1
0.076717,88.4246,1,1
0.0792075,88.4246,1,1
0.0816981,88.4246,1,1
0.0841887,88.4246,1,1
0.0866792,88.4246,1,1
0.0891698,88.4246,1,1
0.0916604,88.4246,1,1
0.0941509,88.4246,1,1
0.0966415,88.4246,1,1
0.0991321,88.4246,1,1
0.101623,88.4246,1,1
0.104113,88.4246,1,1
0.106604,88.4246,1,1
0.109094,88.4246,1,1
0.111585,88.4246,1,1
0.114075,88.4246,1,1
0.116566,88.4246,1,1
0.119057,88.4246,1,1
0.121547,88.4246,1,1
0.124038,88.4246,1,1
0.126528,88.4246,1,1
0.129019,88.4246,1,1
0.131509,88.4246,1,1
0.134,88.4246,1,1
0.136491,88.4246,1,1
0.138981,88.4246,1,1
0.141472,88.4246,1,1
0.143962,88.4246,1,1
0.146453,88.4246,1,1
0.148943,88.4246,1,1
0.151434,88.4246,1,1
0.153925,88.4246,1,1
0.156415,88.4246,1,1
0.158906,88.4246,1,1
0.161396,88.4246,1,1
0.163887,88.4246,1,1
0.166377,88.4246,1,1
0.168868,88.4246,1,1
0.171358,88.4246,1,1
0.173849,88.4246,1,1
0.17634,88.4246,1,1
0.17883,88.4246,1,1
0.181321,88.4246,1,1
0.183811,88.4246,1,1
0.186302,88.4246,1,1
0.188792,88.4246,1,1
0.191283,88.4246,1,1
0.193774,88.4246,1,1
0.196264,88.4246,1,1
0.198755,88.4246,1,1
0.002,92.8847,0.504688,0.759029
0.00449057,92.8847,0.797944,0.960943
0.00698113,92.8847,0.918348,0.993711
0.0094717,92.8847,0.967084,0.998984
0.0119623,92.8847,0.986724,0.999835
0.0144528,92.8847,0.994637,0.999973
0.0169434,92.8847,0.997829,0.999996
0.019434,92.8847,0.999119,0.999999
0.0219245,92.8847,0.999642,1
0.0244151,92.8847,0.999854,1
0.0269057,92.8847,0.99994,1
0.0293962,92.8847,0.999976,1
0.0318868,92.8847,0.99999,1
0.0343774,92.8847,0.999996,1
0.0368679,92.8847,0.999998,1
0.0393585,92.8847,0.999999,1
0.0418491,92.8847,1,1
0.0443396,92.8847,1,1
0.0468302,92.8847,1,1
0.0493208,92.8847,1,1
0.0518113,92.8847,1,1
0.0543019,92.8847,1,1
0.0567925,92.8847,1,1
0.059283,92.8847,1,1
0.0617736,92.8847,1,1
0.0642642,92.8847,1,1
0.0667547,92.8847,1,1
0.0692453,92.8847,1,1
0.0717358,92.8847,1,1
0.0742264,92.8847,1,1
0.076717,92.8847,1,1
0.0792075,92.8847,1,1
0.0816981,92.8847,1,1
0.0841887,92.8847,1,1
0.0866792,92.8847,1,1
0.0891698,92.8847,1,1
0.0916604,92.8847,1,1
0.0941509,92.8847,1,1
0.0966415,92.8847,1,1
0.0991321,92.8847,1,1
0.101623,92.8847,1,1
0.104113,92.8847,1,1
0.106604,92.8847,1,1
0.109094,92.8847,1,1
0.111585,92.8847,1,1
0.114075,92.8847,1,1
0.116566,92.8847,1,1
0.119057,92.8847,1,1
0.121547,92.8847,1,1
0.124038,92.8847,1,1
0.126528,92.8847,1,1
0.129019,92.8847,1,1
0.131509,92.8847,1,1
0.134,92.8847,1,1
0.136491,92.8847,1,1
0.138981,92.8847,1,1
0.141472,92.8847,1,1
0.143962,92.8847,1,1
0.146453,92.8847,1,1
0.148943,92.8847,1,1
0.151434,92.8847,1,1
0.153925,92.8847,1,1
0.156415,92.8847,1,1
0.158906,92.8847,1,1
0.161396,92.8847,1,1
0.163887,92.8847,1,1
0.166377,92.8847,1,1
0.168868,92.8847,1,1
0.171358,92.8847,1,1
0.173849,92.8847,1,1
0.17634,92.8847,1,1
0.17883,92.8847,1,1
0.181321,92.8847,1,1
0.183811,92.8847,1,1
0.186302,92.8847,1,1
0.188792,92.8847,1,1
0.191283,92.8847,1,1
0.193774,92.8847,1,1
0.196264,92.8847,1,1
0.198755,92.8847,1,1
0.002,97.5696,0.529621,0.782746
0.00449057,97.5696,0.820109,0.96901
0.00698113,97.5696,0.931804,0.995601
0.0094717,97.5696,0.974193,0.999373
0.0119623,97.5696,0.990225,0.99991
0.0144528,97.5696,0.99629,0.999987
0.0169434,97.5696,0.998589,0.999998
0.019434,97.5696,0.999462,1
0.0219245,97.5696,0.999794,1
0.0244151,97.5696,0.999921,1
0.0269057,97.5696,0.99997,1
0.0293962,97.5696,0.999988,1
0.0318868,97.5696,0.999995,1
0.0343774,97.5696,0.999998,1
0.0368679,97.5696,0.999999,1
0.0393585,97.5696,1,1
0.0418491,97.5696,1,1
0.0443396,97.5696,1,1
0.0468302,97.5696,1,1
0.0493208,97.5696,1,1
0.0518113,97.5696,1,1
0.0543019,97.5696,1,1
0.0567925,97.5696,1,1
0.059283,97.5696,1,1
0.0617736,97.5696,1,1
0.0642642,97.5696,1,1
0.0667547,97.5696,1,1
0.0692453,97.5696,1,1
0.0717358,97.5696,1,1
0.0742264,97.5696,1,1
0.076717,97.5696,1,1
0.0792075,97.5696,1,1
0.0816981,97.5696,1,1
0.0841887,97.5696,1,1
0.0866792,97.5696,1,1
0.0891698,97.5696,1,1
0.0916604,97.5696,1,1
0.0941509,97.5696,1,1
0.0966415,97.5696,1,1
0.0991321,97.5696,1,1
0.101623,97.5696,1,1
0.104113,97.5696,1,1
0.106604,97.5696,1,1
0.109094,97.5696,1,1
0.111585,97.5696,1,1
0.114075,97.5696,1,1
0.116566,97.5696,1,1
0.119057,97.5696,1,1
0.121547,97.5696,1,1
0.124038,97.5696,1,1
0.126528,97.5696,1,1
0.129019,97.5696,1,1
0.131509,97.5696,1,1
0.134,97.5696,1,1
0.136491,97.5696,1,1
0.138981,97.5696,1,1
0.141472,97.5696,1,1
0.143962,97.5696,1,1
0.146453,97.5696,1,1
0.148943,97.5696,1,1
0.151434,97.5696,1,1
0.153925,97.5696,1,1
0.156415,97.5696,1,1
0.158906,97.5696,1,1
0.161396,97.5696,1,1
0.163887,97.5696,1,1
0.166377,97.5696,1,1
0.168868,97.5696,1,1
0.171358,97.5696,1,1
0.173849,97.5696,1,1
0.17634,97.5696,1,1
0.17883,97.5696,1,1
0.181321,97.5696,1,1
0.183811,97.5696,1,1
0.186302,97.5696,1,1
0.188792,97.5696,1,1
0.191283,97.5696,1,1
0.193774,97.5696,1,1
0.196264,97.5696,1,1
0.198755,97.5696,1,1
