liquid,chitosan_fraction,hydration,E_GPa
neutral,0,0,9.0001
neutral,0,0.025,8.79756
neutral,0,0.05,8.59501
neutral,0,0.075,8.39246
neutral,0,0.1,8.18991
neutral,0,0.125,7.98736
neutral,0,0.15,7.78481
neutral,0,0.175,7.58226
neutral,0,0.2,7.37971
neutral,0,0.225,7.17716
neutral,0,0.25,6.97461
neutral,0,0.275,6.77206
neutral,0,0.3,6.56952
neutral,0,0.325,6.36697
neutral,0,0.35,6.16442
neutral,0,0.375,5.96187
neutral,0,0.4,5.75932
neutral,0,0.425,5.55677
neutral,0,0.45,5.35422
neutral,0,0.475,5.15167
neutral,0,0.5,4.94912
neutral,0,0.525,4.74657
neutral,0,0.55,4.54403
neutral,0,0.575,4.34148
neutral,0,0.6,4.13893
neutral,0,0.625,3.93638
neutral,0,0.65,3.73383
neutral,0,0.675,3.53128
neutral,0,0.7,3.32873
neutral,0,0.725,3.12618
neutral,0,0.75,2.92363
neutral,0,0.775,2.72108
neutral,0,0.8,2.51854
neutral,0,0.825,2.31599
neutral,0,0.85,2.11344
neutral,0,0.875,1.91089
neutral,0,0.9,1.70834
neutral,0,0.925,1.50579
neutral,0,0.95,1.30324
neutral,0,0.975,1.10069
neutral,0,1,0.898143
neutral,0.01,0,8.61592
neutral,0.01,0.025,8.42816
neutral,0.01,0.05,8.24039
neutral,0.01,0.075,8.05263
neutral,0.01,0.1,7.86486
neutral,0.01,0.125,7.6771
neutral,0.01,0.15,7.48933
neutral,0.01,0.175,7.30157
neutral,0.01,0.2,7.1138
neutral,0.01,0.225,6.92604
neutral,0.01,0.25,6.73828
neutral,0.01,0.275,6.55051
neutral,0.01,0.3,6.36275
neutral,0.01,0.325,6.17498
neutral,0.01,0.35,5.98722
neutral,0.01,0.375,5.79945
neutral,0.01,0.4,5.61169
neutral,0.01,0.425,5.42392
neutral,0.01,0.45,5.23616
neutral,0.01,0.475,5.04839
neutral,0.01,0.5,4.86063
neutral,0.01,0.525,4.67286
neutral,0.01,0.55,4.4851
neutral,0.01,0.575,4.29734
neutral,0.01,0.6,4.10957
neutral,0.01,0.625,3.92181
neutral,0.01,0.65,3.73404
neutral,0.01,0.675,3.54628
neutral,0.01,0.7,3.35851
neutral,0.01,0.725,3.17075
neutral,0.01,0.75,2.98298
neutral,0.01,0.775,2.79522
neutral,0.01,0.8,2.60745
neutral,0.01,0.825,2.41969
neutral,0.01,0.85,2.23192
neutral,0.01,0.875,2.04416
neutral,0.01,0.9,1.8564
neutral,0.01,0.925,1.66863
neutral,0.01,0.95,1.48087
neutral,0.01,0.975,1.2931
neutral,0.01,1,1.10534
neutral,0.02,0,8.29645
neutral,0.02,0.025,8.12109
neutral,0.02,0.05,7.94572
neutral,0.02,0.075,7.77036
neutral,0.02,0.1,7.595
neutral,0.02,0.125,7.41963
neutral,0.02,0.15,7.24427
neutral,0.02,0.175,7.0689
neutral,0.02,0.2,6.89354
neutral,0.02,0.225,6.71818
neutral,0.02,0.25,6.54281
neutral,0.02,0.275,6.36745
neutral,0.02,0.3,6.19209
neutral,0.02,0.325,6.01672
neutral,0.02,0.35,5.84136
neutral,0.02,0.375,5.666
neutral,0.02,0.4,5.49063
neutral,0.02,0.425,5.31527
neutral,0.02,0.45,5.1399
neutral,0.02,0.475,4.96454
neutral,0.02,0.5,4.78918
neutral,0.02,0.525,4.61381
neutral,0.02,0.55,4.43845
neutral,0.02,0.575,4.26309
neutral,0.02,0.6,4.08772
neutral,0.02,0.625,3.91236
neutral,0.02,0.65,3.737
neutral,0.02,0.675,3.56163
neutral,0.02,0.7,3.38627
neutral,0.02,0.725,3.2109
neutral,0.02,0.75,3.03554
neutral,0.02,0.775,2.86018
neutral,0.02,0.8,2.68481
neutral,0.02,0.825,2.50945
neutral,0.02,0.85,2.33409
neutral,0.02,0.875,2.15872
neutral,0.02,0.9,1.98336
neutral,0.02,0.925,1.80799
neutral,0.02,0.95,1.63263
neutral,0.02,0.975,1.45727
neutral,0.02,1,1.2819
neutral,0.03,0,8.02947
neutral,0.03,0.025,7.86459
neutral,0.03,0.05,7.69971
neutral,0.03,0.075,7.53483
neutral,0.03,0.1,7.36995
neutral,0.03,0.125,7.20507
neutral,0.03,0.15,7.04019
neutral,0.03,0.175,6.8753
neutral,0.03,0.2,6.71042
neutral,0.03,0.225,6.54554
neutral,0.03,0.25,6.38066
neutral,0.03,0.275,6.21578
neutral,0.03,0.3,6.0509
neutral,0.03,0.325,5.88602
neutral,0.03,0.35,5.72114
neutral,0.03,0.375,5.55626
neutral,0.03,0.4,5.39137
neutral,0.03,0.425,5.22649
neutral,0.03,0.45,5.06161
neutral,0.03,0.475,4.89673
neutral,0.03,0.5,4.73185
neutral,0.03,0.525,4.56697
neutral,0.03,0.55,4.40209
neutral,0.03,0.575,4.23721
neutral,0.03,0.6,4.07232
neutral,0.03,0.625,3.90744
neutral,0.03,0.65,3.74256
neutral,0.03,0.675,3.57768
neutral,0.03,0.7,3.4128
neutral,0.03,0.725,3.24792
neutral,0.03,0.75,3.08304
neutral,0.03,0.775,2.91816
neutral,0.03,0.8,2.75327
neutral,0.03,0.825,2.58839
neutral,0.03,0.85,2.42351
neutral,0.03,0.875,2.25863
neutral,0.03,0.9,2.09375
neutral,0.03,0.925,1.92887
neutral,0.03,0.95,1.76399
neutral,0.03,0.975,1.59911
neutral,0.03,1,1.43422
neutral,0.04,0,7.80508
neutral,0.04,0.025,7.64912
neutral,0.04,0.05,7.49317
neutral,0.04,0.075,7.33722
neutral,0.04,0.1,7.18127
neutral,0.04,0.125,7.02532
neutral,0.04,0.15,6.86936
neutral,0.04,0.175,6.71341
neutral,0.04,0.2,6.55746
neutral,0.04,0.225,6.40151
neutral,0.04,0.25,6.24556
neutral,0.04,0.275,6.0896
neutral,0.04,0.3,5.93365
neutral,0.04,0.325,5.7777
neutral,0.04,0.35,5.62175
neutral,0.04,0.375,5.4658
neutral,0.04,0.4,5.30984
neutral,0.04,0.425,5.15389
neutral,0.04,0.45,4.99794
neutral,0.04,0.475,4.84199
neutral,0.04,0.5,4.68604
neutral,0.04,0.525,4.53008
neutral,0.04,0.55,4.37413
neutral,0.04,0.575,4.21818
neutral,0.04,0.6,4.06223
neutral,0.04,0.625,3.90627
neutral,0.04,0.65,3.75032
neutral,0.04,0.675,3.59437
neutral,0.04,0.7,3.43842
neutral,0.04,0.725,3.28247
neutral,0.04,0.75,3.12651
neutral,0.04,0.775,2.97056
neutral,0.04,0.8,2.81461
neutral,0.04,0.825,2.65866
neutral,0.04,0.85,2.50271
neutral,0.04,0.875,2.34675
neutral,0.04,0.9,2.1908
neutral,0.04,0.925,2.03485
neutral,0.04,0.95,1.8789
neutral,0.04,0.975,1.72295
neutral,0.04,1,1.56699
neutral,0.05,0,7.61522
neutral,0.05,0.025,7.46693
neutral,0.05,0.05,7.31864
neutral,0.05,0.075,7.17035
neutral,0.05,0.1,7.02206
neutral,0.05,0.125,6.87378
neutral,0.05,0.15,6.72549
neutral,0.05,0.175,6.5772
neutral,0.05,0.2,6.42891
neutral,0.05,0.225,6.28062
neutral,0.05,0.25,6.13233
neutral,0.05,0.275,5.98405
neutral,0.05,0.3,5.83576
neutral,0.05,0.325,5.68747
neutral,0.05,0.35,5.53918
neutral,0.05,0.375,5.39089
neutral,0.05,0.4,5.2426
neutral,0.05,0.425,5.09432
neutral,0.05,0.45,4.94603
neutral,0.05,0.475,4.79774
neutral,0.05,0.5,4.64945
neutral,0.05,0.525,4.50116
neutral,0.05,0.55,4.35287
neutral,0.05,0.575,4.20459
neutral,0.05,0.6,4.0563
neutral,0.05,0.625,3.90801
neutral,0.05,0.65,3.75972
neutral,0.05,0.675,3.61143
neutral,0.05,0.7,3.46315
neutral,0.05,0.725,3.31486
neutral,0.05,0.75,3.16657
neutral,0.05,0.775,3.01828
neutral,0.05,0.8,2.86999
neutral,0.05,0.825,2.7217
neutral,0.05,0.85,2.57342
neutral,0.05,0.875,2.42513
neutral,0.05,0.9,2.27684
neutral,0.05,0.925,2.12855
neutral,0.05,0.95,1.98026
neutral,0.05,0.975,1.83197
neutral,0.05,1,1.68369
neutral,0.06,0,7.45337
neutral,0.06,0.025,7.31171
neutral,0.06,0.05,7.17004
neutral,0.06,0.075,7.02838
neutral,0.06,0.1,6.88672
neutral,0.06,0.125,6.74506
neutral,0.06,0.15,6.6034
neutral,0.06,0.175,6.46174
neutral,0.06,0.2,6.32007
neutral,0.06,0.225,6.17841
neutral,0.06,0.25,6.03675
neutral,0.06,0.275,5.89509
neutral,0.06,0.3,5.75343
neutral,0.06,0.325,5.61176
neutral,0.06,0.35,5.4701
neutral,0.06,0.375,5.32844
neutral,0.06,0.4,5.18678
neutral,0.06,0.425,5.04512
neutral,0.06,0.45,4.90346
neutral,0.06,0.475,4.76179
neutral,0.06,0.5,4.62013
neutral,0.06,0.525,4.47847
neutral,0.06,0.55,4.33681
neutral,0.06,0.575,4.19515
neutral,0.06,0.6,4.05348
neutral,0.06,0.625,3.91182
neutral,0.06,0.65,3.77016
neutral,0.06,0.675,3.6285
neutral,0.06,0.7,3.48684
neutral,0.06,0.725,3.34518
neutral,0.06,0.75,3.20351
neutral,0.06,0.775,3.06185
neutral,0.06,0.8,2.92019
neutral,0.06,0.825,2.77853
neutral,0.06,0.85,2.63687
neutral,0.06,0.875,2.4952
neutral,0.06,0.9,2.35354
neutral,0.06,0.925,2.21188
neutral,0.06,0.95,2.07022
neutral,0.06,0.975,1.92856
neutral,0.06,1,1.7869
neutral,0.07,0,7.31423
neutral,0.07,0.025,7.17834
neutral,0.07,0.05,7.04245
neutral,0.07,0.075,6.90656
neutral,0.07,0.1,6.77067
neutral,0.07,0.125,6.63478
neutral,0.07,0.15,6.49888
neutral,0.07,0.175,6.36299
neutral,0.07,0.2,6.2271
neutral,0.07,0.225,6.09121
neutral,0.07,0.25,5.95532
neutral,0.07,0.275,5.81943
neutral,0.07,0.3,5.68354
neutral,0.07,0.325,5.54765
neutral,0.07,0.35,5.41176
neutral,0.07,0.375,5.27586
neutral,0.07,0.4,5.13997
neutral,0.07,0.425,5.00408
neutral,0.07,0.45,4.86819
neutral,0.07,0.475,4.7323
neutral,0.07,0.5,4.59641
neutral,0.07,0.525,4.46052
neutral,0.07,0.55,4.32463
neutral,0.07,0.575,4.18874
neutral,0.07,0.6,4.05284
neutral,0.07,0.625,3.91695
neutral,0.07,0.65,3.78106
neutral,0.07,0.675,3.64517
neutral,0.07,0.7,3.50928
neutral,0.07,0.725,3.37339
neutral,0.07,0.75,3.2375
neutral,0.07,0.775,3.10161
neutral,0.07,0.8,2.96572
neutral,0.07,0.825,2.82982
neutral,0.07,0.85,2.69393
neutral,0.07,0.875,2.55804
neutral,0.07,0.9,2.42215
neutral,0.07,0.925,2.28626
neutral,0.07,0.95,2.15037
neutral,0.07,0.975,2.01448
neutral,0.07,1,1.87859
neutral,0.08,0,7.19351
neutral,0.08,0.025,7.06268
neutral,0.08,0.05,6.93185
neutral,0.08,0.075,6.80102
neutral,0.08,0.1,6.67019
neutral,0.08,0.125,6.53936
neutral,0.08,0.15,6.40853
neutral,0.08,0.175,6.27769
neutral,0.08,0.2,6.14686
neutral,0.08,0.225,6.01603
neutral,0.08,0.25,5.8852
neutral,0.08,0.275,5.75437
neutral,0.08,0.3,5.62354
neutral,0.08,0.325,5.49271
neutral,0.08,0.35,5.36188
neutral,0.08,0.375,5.23104
neutral,0.08,0.4,5.10021
neutral,0.08,0.425,4.96938
neutral,0.08,0.45,4.83855
neutral,0.08,0.475,4.70772
neutral,0.08,0.5,4.57689
neutral,0.08,0.525,4.44606
neutral,0.08,0.55,4.31523
neutral,0.08,0.575,4.18439
neutral,0.08,0.6,4.05356
neutral,0.08,0.625,3.92273
neutral,0.08,0.65,3.7919
neutral,0.08,0.675,3.66107
neutral,0.08,0.7,3.53024
neutral,0.08,0.725,3.39941
neutral,0.08,0.75,3.26858
neutral,0.08,0.775,3.13774
neutral,0.08,0.8,3.00691
neutral,0.08,0.825,2.87608
neutral,0.08,0.85,2.74525
neutral,0.08,0.875,2.61442
neutral,0.08,0.9,2.48359
neutral,0.08,0.925,2.35276
neutral,0.08,0.95,2.22193
neutral,0.08,0.975,2.0911
neutral,0.08,1,1.96026
neutral,0.09,0,7.08773
neutral,0.09,0.025,6.96136
neutral,0.09,0.05,6.835
neutral,0.09,0.075,6.70863
neutral,0.09,0.1,6.58227
neutral,0.09,0.125,6.4559
neutral,0.09,0.15,6.32953
neutral,0.09,0.175,6.20317
neutral,0.09,0.2,6.0768
neutral,0.09,0.225,5.95044
neutral,0.09,0.25,5.82407
neutral,0.09,0.275,5.69771
neutral,0.09,0.3,5.57134
neutral,0.09,0.325,5.44498
neutral,0.09,0.35,5.31861
neutral,0.09,0.375,5.19224
neutral,0.09,0.4,5.06588
neutral,0.09,0.425,4.93951
neutral,0.09,0.45,4.81315
neutral,0.09,0.475,4.68678
neutral,0.09,0.5,4.56042
neutral,0.09,0.525,4.43405
neutral,0.09,0.55,4.30769
neutral,0.09,0.575,4.18132
neutral,0.09,0.6,4.05495
neutral,0.09,0.625,3.92859
neutral,0.09,0.65,3.80222
neutral,0.09,0.675,3.67586
neutral,0.09,0.7,3.54949
neutral,0.09,0.725,3.42313
neutral,0.09,0.75,3.29676
neutral,0.09,0.775,3.17039
neutral,0.09,0.8,3.04403
neutral,0.09,0.825,2.91766
neutral,0.09,0.85,2.7913
neutral,0.09,0.875,2.66493
neutral,0.09,0.9,2.53857
neutral,0.09,0.925,2.4122
neutral,0.09,0.95,2.28584
neutral,0.09,0.975,2.15947
neutral,0.09,1,2.0331
neutral,0.1,0,6.99405
neutral,0.1,0.025,6.87165
neutral,0.1,0.05,6.74925
neutral,0.1,0.075,6.62685
neutral,0.1,0.1,6.50445
neutral,0.1,0.125,6.38205
neutral,0.1,0.15,6.25965
neutral,0.1,0.175,6.13725
neutral,0.1,0.2,6.01485
neutral,0.1,0.225,5.89245
neutral,0.1,0.25,5.77005
neutral,0.1,0.275,5.64765
neutral,0.1,0.3,5.52525
neutral,0.1,0.325,5.40285
neutral,0.1,0.35,5.28045
neutral,0.1,0.375,5.15805
neutral,0.1,0.4,5.03565
neutral,0.1,0.425,4.91325
neutral,0.1,0.45,4.79085
neutral,0.1,0.475,4.66845
neutral,0.1,0.5,4.54605
neutral,0.1,0.525,4.42365
neutral,0.1,0.55,4.30125
neutral,0.1,0.575,4.17885
neutral,0.1,0.6,4.05645
neutral,0.1,0.625,3.93405
neutral,0.1,0.65,3.81165
neutral,0.1,0.675,3.68925
neutral,0.1,0.7,3.56685
neutral,0.1,0.725,3.44445
neutral,0.1,0.75,3.32205
neutral,0.1,0.775,3.19965
neutral,0.1,0.8,3.07725
neutral,0.1,0.825,2.95485
neutral,0.1,0.85,2.83245
neutral,0.1,0.875,2.71005
neutral,0.1,0.9,2.58765
neutral,0.1,0.925,2.46525
neutral,0.1,0.95,2.34285
neutral,0.1,0.975,2.22045
neutral,0.1,1,2.09805
neutral,0.11,0,6.91018
neutral,0.11,0.025,6.79133
neutral,0.11,0.05,6.67247
neutral,0.11,0.075,6.55361
neutral,0.11,0.1,6.43475
neutral,0.11,0.125,6.31589
neutral,0.11,0.15,6.19704
neutral,0.11,0.175,6.07818
neutral,0.11,0.2,5.95932
neutral,0.11,0.225,5.84046
neutral,0.11,0.25,5.7216
neutral,0.11,0.275,5.60275
neutral,0.11,0.3,5.48389
neutral,0.11,0.325,5.36503
neutral,0.11,0.35,5.24617
neutral,0.11,0.375,5.12731
neutral,0.11,0.4,5.00846
neutral,0.11,0.425,4.8896
neutral,0.11,0.45,4.77074
neutral,0.11,0.475,4.65188
neutral,0.11,0.5,4.53302
neutral,0.11,0.525,4.41417
neutral,0.11,0.55,4.29531
neutral,0.11,0.575,4.17645
neutral,0.11,0.6,4.05759
neutral,0.11,0.625,3.93873
neutral,0.11,0.65,3.81988
neutral,0.11,0.675,3.70102
neutral,0.11,0.7,3.58216
neutral,0.11,0.725,3.4633
neutral,0.11,0.75,3.34444
neutral,0.11,0.775,3.22559
neutral,0.11,0.8,3.10673
neutral,0.11,0.825,2.98787
neutral,0.11,0.85,2.86901
neutral,0.11,0.875,2.75015
neutral,0.11,0.9,2.6313
neutral,0.11,0.925,2.51244
neutral,0.11,0.95,2.39358
neutral,0.11,0.975,2.27472
neutral,0.11,1,2.15586
neutral,0.12,0,6.83427
neutral,0.12,0.025,6.7186
neutral,0.12,0.05,6.60292
neutral,0.12,0.075,6.48724
neutral,0.12,0.1,6.37157
neutral,0.12,0.125,6.25589
neutral,0.12,0.15,6.14021
neutral,0.12,0.175,6.02453
neutral,0.12,0.2,5.90886
neutral,0.12,0.225,5.79318
neutral,0.12,0.25,5.6775
neutral,0.12,0.275,5.56183
neutral,0.12,0.3,5.44615
neutral,0.12,0.325,5.33047
neutral,0.12,0.35,5.21479
neutral,0.12,0.375,5.09912
neutral,0.12,0.4,4.98344
neutral,0.12,0.425,4.86776
neutral,0.12,0.45,4.75209
neutral,0.12,0.475,4.63641
neutral,0.12,0.5,4.52073
neutral,0.12,0.525,4.40506
neutral,0.12,0.55,4.28938
neutral,0.12,0.575,4.1737
neutral,0.12,0.6,4.05802
neutral,0.12,0.625,3.94235
neutral,0.12,0.65,3.82667
neutral,0.12,0.675,3.71099
neutral,0.12,0.7,3.59532
neutral,0.12,0.725,3.47964
neutral,0.12,0.75,3.36396
neutral,0.12,0.775,3.24828
neutral,0.12,0.8,3.13261
neutral,0.12,0.825,3.01693
neutral,0.12,0.85,2.90125
neutral,0.12,0.875,2.78558
neutral,0.12,0.9,2.6699
neutral,0.12,0.925,2.55422
neutral,0.12,0.95,2.43855
neutral,0.12,0.975,2.32287
neutral,0.12,1,2.20719
neutral,0.13,0,6.76481
neutral,0.13,0.025,6.652
neutral,0.13,0.05,6.5392
neutral,0.13,0.075,6.42639
neutral,0.13,0.1,6.31359
neutral,0.13,0.125,6.20078
neutral,0.13,0.15,6.08798
neutral,0.13,0.175,5.97517
neutral,0.13,0.2,5.86236
neutral,0.13,0.225,5.74956
neutral,0.13,0.25,5.63675
neutral,0.13,0.275,5.52395
neutral,0.13,0.3,5.41114
neutral,0.13,0.325,5.29834
neutral,0.13,0.35,5.18553
neutral,0.13,0.375,5.07272
neutral,0.13,0.4,4.95992
neutral,0.13,0.425,4.84711
neutral,0.13,0.45,4.73431
neutral,0.13,0.475,4.6215
neutral,0.13,0.5,4.5087
neutral,0.13,0.525,4.39589
neutral,0.13,0.55,4.28308
neutral,0.13,0.575,4.17028
neutral,0.13,0.6,4.05747
neutral,0.13,0.625,3.94467
neutral,0.13,0.65,3.83186
neutral,0.13,0.675,3.71906
neutral,0.13,0.7,3.60625
neutral,0.13,0.725,3.49344
neutral,0.13,0.75,3.38064
neutral,0.13,0.775,3.26783
neutral,0.13,0.8,3.15503
neutral,0.13,0.825,3.04222
neutral,0.13,0.85,2.92942
neutral,0.13,0.875,2.81661
neutral,0.13,0.9,2.7038
neutral,0.13,0.925,2.591
neutral,0.13,0.95,2.47819
neutral,0.13,0.975,2.36539
neutral,0.13,1,2.25258
neutral,0.14,0,6.70057
neutral,0.14,0.025,6.59037
neutral,0.14,0.05,6.48017
neutral,0.14,0.075,6.36997
neutral,0.14,0.1,6.25976
neutral,0.14,0.125,6.14956
neutral,0.14,0.15,6.03936
neutral,0.14,0.175,5.92916
neutral,0.14,0.2,5.81896
neutral,0.14,0.225,5.70876
neutral,0.14,0.25,5.59856
neutral,0.14,0.275,5.48835
neutral,0.14,0.3,5.37815
neutral,0.14,0.325,5.26795
neutral,0.14,0.35,5.15775
neutral,0.14,0.375,5.04755
neutral,0.14,0.4,4.93735
neutral,0.14,0.425,4.82715
neutral,0.14,0.45,4.71695
neutral,0.14,0.475,4.60674
neutral,0.14,0.5,4.49654
neutral,0.14,0.525,4.38634
neutral,0.14,0.55,4.27614
neutral,0.14,0.575,4.16594
neutral,0.14,0.6,4.05574
neutral,0.14,0.625,3.94554
neutral,0.14,0.65,3.83533
neutral,0.14,0.675,3.72513
neutral,0.14,0.7,3.61493
neutral,0.14,0.725,3.50473
neutral,0.14,0.75,3.39453
neutral,0.14,0.775,3.28433
neutral,0.14,0.8,3.17413
neutral,0.14,0.825,3.06392
neutral,0.14,0.85,2.95372
neutral,0.14,0.875,2.84352
neutral,0.14,0.9,2.73332
neutral,0.14,0.925,2.62312
neutral,0.14,0.95,2.51292
neutral,0.14,0.975,2.40272
neutral,0.14,1,2.29252
neutral,0.15,0,6.64056
neutral,0.15,0.025,6.53273
neutral,0.15,0.05,6.42491
neutral,0.15,0.075,6.31708
neutral,0.15,0.1,6.20925
neutral,0.15,0.125,6.10142
neutral,0.15,0.15,5.99359
neutral,0.15,0.175,5.88576
neutral,0.15,0.2,5.77793
neutral,0.15,0.225,5.67011
neutral,0.15,0.25,5.56228
neutral,0.15,0.275,5.45445
neutral,0.15,0.3,5.34662
neutral,0.15,0.325,5.23879
neutral,0.15,0.35,5.13096
neutral,0.15,0.375,5.02313
neutral,0.15,0.4,4.91531
neutral,0.15,0.425,4.80748
neutral,0.15,0.45,4.69965
neutral,0.15,0.475,4.59182
neutral,0.15,0.5,4.48399
neutral,0.15,0.525,4.37616
neutral,0.15,0.55,4.26833
neutral,0.15,0.575,4.1605
neutral,0.15,0.6,4.05268
neutral,0.15,0.625,3.94485
neutral,0.15,0.65,3.83702
neutral,0.15,0.675,3.72919
neutral,0.15,0.7,3.62136
neutral,0.15,0.725,3.51353
neutral,0.15,0.75,3.4057
neutral,0.15,0.775,3.29788
neutral,0.15,0.8,3.19005
neutral,0.15,0.825,3.08222
neutral,0.15,0.85,2.97439
neutral,0.15,0.875,2.86656
neutral,0.15,0.9,2.75873
neutral,0.15,0.925,2.6509
neutral,0.15,0.95,2.54308
neutral,0.15,0.975,2.43525
neutral,0.15,1,2.32742
neutral,0.16,0,6.58399
neutral,0.16,0.025,6.47833
neutral,0.16,0.05,6.37267
neutral,0.16,0.075,6.26701
neutral,0.16,0.1,6.16136
neutral,0.16,0.125,6.0557
neutral,0.16,0.15,5.95004
neutral,0.16,0.175,5.84438
neutral,0.16,0.2,5.73872
neutral,0.16,0.225,5.63307
neutral,0.16,0.25,5.52741
neutral,0.16,0.275,5.42175
neutral,0.16,0.3,5.31609
neutral,0.16,0.325,5.21043
neutral,0.16,0.35,5.10478
neutral,0.16,0.375,4.99912
neutral,0.16,0.4,4.89346
neutral,0.16,0.425,4.7878
neutral,0.16,0.45,4.68215
neutral,0.16,0.475,4.57649
neutral,0.16,0.5,4.47083
neutral,0.16,0.525,4.36517
neutral,0.16,0.55,4.25951
neutral,0.16,0.575,4.15386
neutral,0.16,0.6,4.0482
neutral,0.16,0.625,3.94254
neutral,0.16,0.65,3.83688
neutral,0.16,0.675,3.73123
neutral,0.16,0.7,3.62557
neutral,0.16,0.725,3.51991
neutral,0.16,0.75,3.41425
neutral,0.16,0.775,3.30859
neutral,0.16,0.8,3.20294
neutral,0.16,0.825,3.09728
neutral,0.16,0.85,2.99162
neutral,0.16,0.875,2.88596
neutral,0.16,0.9,2.7803
neutral,0.16,0.925,2.67465
neutral,0.16,0.95,2.56899
neutral,0.16,0.975,2.46333
neutral,0.16,1,2.35767
neutral,0.17,0,6.53019
neutral,0.17,0.025,6.42652
neutral,0.17,0.05,6.32286
neutral,0.17,0.075,6.2192
neutral,0.17,0.1,6.11553
neutral,0.17,0.125,6.01187
neutral,0.17,0.15,5.9082
neutral,0.17,0.175,5.80454
neutral,0.17,0.2,5.70088
neutral,0.17,0.225,5.59721
neutral,0.17,0.25,5.49355
neutral,0.17,0.275,5.38989
neutral,0.17,0.3,5.28622
neutral,0.17,0.325,5.18256
neutral,0.17,0.35,5.07889
neutral,0.17,0.375,4.97523
neutral,0.17,0.4,4.87157
neutral,0.17,0.425,4.7679
neutral,0.17,0.45,4.66424
neutral,0.17,0.475,4.56057
neutral,0.17,0.5,4.45691
neutral,0.17,0.525,4.35325
neutral,0.17,0.55,4.24958
neutral,0.17,0.575,4.14592
neutral,0.17,0.6,4.04226
neutral,0.17,0.625,3.93859
neutral,0.17,0.65,3.83493
neutral,0.17,0.675,3.73126
neutral,0.17,0.7,3.6276
neutral,0.17,0.725,3.52394
neutral,0.17,0.75,3.42027
neutral,0.17,0.775,3.31661
neutral,0.17,0.8,3.21294
neutral,0.17,0.825,3.10928
neutral,0.17,0.85,3.00562
neutral,0.17,0.875,2.90195
neutral,0.17,0.9,2.79829
neutral,0.17,0.925,2.69463
neutral,0.17,0.95,2.59096
neutral,0.17,0.975,2.4873
neutral,0.17,1,2.38363
neutral,0.18,0,6.47864
neutral,0.18,0.025,6.37682
neutral,0.18,0.05,6.27499
neutral,0.18,0.075,6.17316
neutral,0.18,0.1,6.07134
neutral,0.18,0.125,5.96951
neutral,0.18,0.15,5.86769
neutral,0.18,0.175,5.76586
neutral,0.18,0.2,5.66404
neutral,0.18,0.225,5.56221
neutral,0.18,0.25,5.46039
neutral,0.18,0.275,5.35856
neutral,0.18,0.3,5.25673
neutral,0.18,0.325,5.15491
neutral,0.18,0.35,5.05308
neutral,0.18,0.375,4.95126
neutral,0.18,0.4,4.84943
neutral,0.18,0.425,4.74761
neutral,0.18,0.45,4.64578
neutral,0.18,0.475,4.54396
neutral,0.18,0.5,4.44213
neutral,0.18,0.525,4.3403
neutral,0.18,0.55,4.23848
neutral,0.18,0.575,4.13665
neutral,0.18,0.6,4.03483
neutral,0.18,0.625,3.933
neutral,0.18,0.65,3.83118
neutral,0.18,0.675,3.72935
neutral,0.18,0.7,3.62753
neutral,0.18,0.725,3.5257
neutral,0.18,0.75,3.42388
neutral,0.18,0.775,3.32205
neutral,0.18,0.8,3.22022
neutral,0.18,0.825,3.1184
neutral,0.18,0.85,3.01657
neutral,0.18,0.875,2.91475
neutral,0.18,0.9,2.81292
neutral,0.18,0.925,2.7111
neutral,0.18,0.95,2.60927
neutral,0.18,0.975,2.50745
neutral,0.18,1,2.40562
neutral,0.19,0,6.42892
neutral,0.19,0.025,6.32879
neutral,0.19,0.05,6.22867
neutral,0.19,0.075,6.12854
neutral,0.19,0.1,6.02842
neutral,0.19,0.125,5.92829
neutral,0.19,0.15,5.82817
neutral,0.19,0.175,5.72804
neutral,0.19,0.2,5.62792
neutral,0.19,0.225,5.52779
neutral,0.19,0.25,5.42767
neutral,0.19,0.275,5.32755
neutral,0.19,0.3,5.22742
neutral,0.19,0.325,5.1273
neutral,0.19,0.35,5.02717
neutral,0.19,0.375,4.92705
neutral,0.19,0.4,4.82692
neutral,0.19,0.425,4.7268
neutral,0.19,0.45,4.62667
neutral,0.19,0.475,4.52655
neutral,0.19,0.5,4.42642
neutral,0.19,0.525,4.3263
neutral,0.19,0.55,4.22617
neutral,0.19,0.575,4.12605
neutral,0.19,0.6,4.02593
neutral,0.19,0.625,3.9258
neutral,0.19,0.65,3.82568
neutral,0.19,0.675,3.72555
neutral,0.19,0.7,3.62543
neutral,0.19,0.725,3.5253
neutral,0.19,0.75,3.42518
neutral,0.19,0.775,3.32505
neutral,0.19,0.8,3.22493
neutral,0.19,0.825,3.1248
neutral,0.19,0.85,3.02468
neutral,0.19,0.875,2.92455
neutral,0.19,0.9,2.82443
neutral,0.19,0.925,2.72431
neutral,0.19,0.95,2.62418
neutral,0.19,0.975,2.52406
neutral,0.19,1,2.42393
neutral,0.2,0,6.38067
neutral,0.2,0.025,6.28212
neutral,0.2,0.05,6.18358
neutral,0.2,0.075,6.08503
neutral,0.2,0.1,5.98649
neutral,0.2,0.125,5.88794
neutral,0.2,0.15,5.78939
neutral,0.2,0.175,5.69085
neutral,0.2,0.2,5.5923
neutral,0.2,0.225,5.49376
neutral,0.2,0.25,5.39521
neutral,0.2,0.275,5.29667
neutral,0.2,0.3,5.19812
neutral,0.2,0.325,5.09957
neutral,0.2,0.35,5.00103
neutral,0.2,0.375,4.90248
neutral,0.2,0.4,4.80394
neutral,0.2,0.425,4.70539
neutral,0.2,0.45,4.60685
neutral,0.2,0.475,4.5083
neutral,0.2,0.5,4.40976
neutral,0.2,0.525,4.31121
neutral,0.2,0.55,4.21266
neutral,0.2,0.575,4.11412
neutral,0.2,0.6,4.01557
neutral,0.2,0.625,3.91703
neutral,0.2,0.65,3.81848
neutral,0.2,0.675,3.71994
neutral,0.2,0.7,3.62139
neutral,0.2,0.725,3.52285
neutral,0.2,0.75,3.4243
neutral,0.2,0.775,3.32575
neutral,0.2,0.8,3.22721
neutral,0.2,0.825,3.12866
neutral,0.2,0.85,3.03012
neutral,0.2,0.875,2.93157
neutral,0.2,0.9,2.83303
neutral,0.2,0.925,2.73448
neutral,0.2,0.95,2.63594
neutral,0.2,0.975,2.53739
neutral,0.2,1,2.43884
neutral,0.21,0,6.33361
neutral,0.21,0.025,6.23654
neutral,0.21,0.05,6.13946
neutral,0.21,0.075,6.04239
neutral,0.21,0.1,5.94531
neutral,0.21,0.125,5.84824
neutral,0.21,0.15,5.75116
neutral,0.21,0.175,5.65409
neutral,0.21,0.2,5.55701
neutral,0.21,0.225,5.45994
neutral,0.21,0.25,5.36286
neutral,0.21,0.275,5.26579
neutral,0.21,0.3,5.16871
neutral,0.21,0.325,5.07164
neutral,0.21,0.35,4.97456
neutral,0.21,0.375,4.87749
neutral,0.21,0.4,4.78041
neutral,0.21,0.425,4.68334
neutral,0.21,0.45,4.58626
neutral,0.21,0.475,4.48919
neutral,0.21,0.5,4.39211
neutral,0.21,0.525,4.29504
neutral,0.21,0.55,4.19796
neutral,0.21,0.575,4.10089
neutral,0.21,0.6,4.00382
neutral,0.21,0.625,3.90674
neutral,0.21,0.65,3.80967
neutral,0.21,0.675,3.71259
neutral,0.21,0.7,3.61552
neutral,0.21,0.725,3.51844
neutral,0.21,0.75,3.42137
neutral,0.21,0.775,3.32429
neutral,0.21,0.8,3.22722
neutral,0.21,0.825,3.13014
neutral,0.21,0.85,3.03307
neutral,0.21,0.875,2.93599
neutral,0.21,0.9,2.83892
neutral,0.21,0.925,2.74184
neutral,0.21,0.95,2.64477
neutral,0.21,0.975,2.54769
neutral,0.21,1,2.45062
neutral,0.22,0,6.28753
neutral,0.22,0.025,6.19183
neutral,0.22,0.05,6.09613
neutral,0.22,0.075,6.00043
neutral,0.22,0.1,5.90472
neutral,0.22,0.125,5.80902
neutral,0.22,0.15,5.71332
neutral,0.22,0.175,5.61762
neutral,0.22,0.2,5.52192
neutral,0.22,0.225,5.42622
neutral,0.22,0.25,5.33052
neutral,0.22,0.275,5.23482
neutral,0.22,0.3,5.13912
neutral,0.22,0.325,5.04341
neutral,0.22,0.35,4.94771
neutral,0.22,0.375,4.85201
neutral,0.22,0.4,4.75631
neutral,0.22,0.425,4.66061
neutral,0.22,0.45,4.56491
neutral,0.22,0.475,4.46921
neutral,0.22,0.5,4.37351
neutral,0.22,0.525,4.27781
neutral,0.22,0.55,4.1821
neutral,0.22,0.575,4.0864
neutral,0.22,0.6,3.9907
neutral,0.22,0.625,3.895
neutral,0.22,0.65,3.7993
neutral,0.22,0.675,3.7036
neutral,0.22,0.7,3.6079
neutral,0.22,0.725,3.5122
neutral,0.22,0.75,3.4165
neutral,0.22,0.775,3.3208
neutral,0.22,0.8,3.22509
neutral,0.22,0.825,3.12939
neutral,0.22,0.85,3.03369
neutral,0.22,0.875,2.93799
neutral,0.22,0.9,2.84229
neutral,0.22,0.925,2.74659
neutral,0.22,0.95,2.65089
neutral,0.22,0.975,2.55519
neutral,0.22,1,2.45949
neutral,0.23,0,6.24223
neutral,0.23,0.025,6.14781
neutral,0.23,0.05,6.0534
neutral,0.23,0.075,5.95899
neutral,0.23,0.1,5.86457
neutral,0.23,0.125,5.77016
neutral,0.23,0.15,5.67574
neutral,0.23,0.175,5.58133
neutral,0.23,0.2,5.48692
neutral,0.23,0.225,5.3925
neutral,0.23,0.25,5.29809
neutral,0.23,0.275,5.20368
neutral,0.23,0.3,5.10926
neutral,0.23,0.325,5.01485
neutral,0.23,0.35,4.92043
neutral,0.23,0.375,4.82602
neutral,0.23,0.4,4.73161
neutral,0.23,0.425,4.63719
neutral,0.23,0.45,4.54278
neutral,0.23,0.475,4.44837
neutral,0.23,0.5,4.35395
neutral,0.23,0.525,4.25954
neutral,0.23,0.55,4.16512
neutral,0.23,0.575,4.07071
neutral,0.23,0.6,3.9763
neutral,0.23,0.625,3.88188
neutral,0.23,0.65,3.78747
neutral,0.23,0.675,3.69306
neutral,0.23,0.7,3.59864
neutral,0.23,0.725,3.50423
neutral,0.23,0.75,3.40981
neutral,0.23,0.775,3.3154
neutral,0.23,0.8,3.22099
neutral,0.23,0.825,3.12657
neutral,0.23,0.85,3.03216
neutral,0.23,0.875,2.93775
neutral,0.23,0.9,2.84333
neutral,0.23,0.925,2.74892
neutral,0.23,0.95,2.6545
neutral,0.23,0.975,2.56009
neutral,0.23,1,2.46568
neutral,0.24,0,6.19756
neutral,0.24,0.025,6.10436
neutral,0.24,0.05,6.01115
neutral,0.24,0.075,5.91795
neutral,0.24,0.1,5.82474
neutral,0.24,0.125,5.73154
neutral,0.24,0.15,5.63834
neutral,0.24,0.175,5.54513
neutral,0.24,0.2,5.45193
neutral,0.24,0.225,5.35872
neutral,0.24,0.25,5.26552
neutral,0.24,0.275,5.17232
neutral,0.24,0.3,5.07911
neutral,0.24,0.325,4.98591
neutral,0.24,0.35,4.8927
neutral,0.24,0.375,4.7995
neutral,0.24,0.4,4.7063
neutral,0.24,0.425,4.61309
neutral,0.24,0.45,4.51989
neutral,0.24,0.475,4.42668
neutral,0.24,0.5,4.33348
neutral,0.24,0.525,4.24028
neutral,0.24,0.55,4.14707
neutral,0.24,0.575,4.05387
neutral,0.24,0.6,3.96066
neutral,0.24,0.625,3.86746
neutral,0.24,0.65,3.77425
neutral,0.24,0.675,3.68105
neutral,0.24,0.7,3.58785
neutral,0.24,0.725,3.49464
neutral,0.24,0.75,3.40144
neutral,0.24,0.775,3.30823
neutral,0.24,0.8,3.21503
neutral,0.24,0.825,3.12183
neutral,0.24,0.85,3.02862
neutral,0.24,0.875,2.93542
neutral,0.24,0.9,2.84221
neutral,0.24,0.925,2.74901
neutral,0.24,0.95,2.65581
neutral,0.24,0.975,2.5626
neutral,0.24,1,2.4694
neutral,0.25,0,6.15341
neutral,0.25,0.025,6.06134
neutral,0.25,0.05,5.96928
neutral,0.25,0.075,5.87721
neutral,0.25,0.1,5.78515
neutral,0.25,0.125,5.69308
neutral,0.25,0.15,5.60102
neutral,0.25,0.175,5.50896
neutral,0.25,0.2,5.41689
neutral,0.25,0.225,5.32483
neutral,0.25,0.25,5.23276
neutral,0.25,0.275,5.1407
neutral,0.25,0.3,5.04864
neutral,0.25,0.325,4.95657
neutral,0.25,0.35,4.86451
neutral,0.25,0.375,4.77244
neutral,0.25,0.4,4.68038
neutral,0.25,0.425,4.58832
neutral,0.25,0.45,4.49625
neutral,0.25,0.475,4.40419
neutral,0.25,0.5,4.31212
neutral,0.25,0.525,4.22006
neutral,0.25,0.55,4.128
neutral,0.25,0.575,4.03593
neutral,0.25,0.6,3.94387
neutral,0.25,0.625,3.8518
neutral,0.25,0.65,3.75974
neutral,0.25,0.675,3.66768
neutral,0.25,0.7,3.57561
neutral,0.25,0.725,3.48355
neutral,0.25,0.75,3.39148
neutral,0.25,0.775,3.29942
neutral,0.25,0.8,3.20736
neutral,0.25,0.825,3.11529
neutral,0.25,0.85,3.02323
neutral,0.25,0.875,2.93116
neutral,0.25,0.9,2.8391
neutral,0.25,0.925,2.74704
neutral,0.25,0.95,2.65497
neutral,0.25,0.975,2.56291
neutral,0.25,1,2.47084
neutral,0.26,0,6.10967
neutral,0.26,0.025,6.01868
neutral,0.26,0.05,5.92769
neutral,0.26,0.075,5.83671
neutral,0.26,0.1,5.74572
neutral,0.26,0.125,5.65473
neutral,0.26,0.15,5.56374
neutral,0.26,0.175,5.47276
neutral,0.26,0.2,5.38177
neutral,0.26,0.225,5.29078
neutral,0.26,0.25,5.1998
neutral,0.26,0.275,5.10881
neutral,0.26,0.3,5.01782
neutral,0.26,0.325,4.92684
neutral,0.26,0.35,4.83585
neutral,0.26,0.375,4.74486
neutral,0.26,0.4,4.65388
neutral,0.26,0.425,4.56289
neutral,0.26,0.45,4.4719
neutral,0.26,0.475,4.38092
neutral,0.26,0.5,4.28993
neutral,0.26,0.525,4.19894
neutral,0.26,0.55,4.10796
neutral,0.26,0.575,4.01697
neutral,0.26,0.6,3.92598
neutral,0.26,0.625,3.835
neutral,0.26,0.65,3.74401
neutral,0.26,0.675,3.65302
neutral,0.26,0.7,3.56203
neutral,0.26,0.725,3.47105
neutral,0.26,0.75,3.38006
neutral,0.26,0.775,3.28907
neutral,0.26,0.8,3.19809
neutral,0.26,0.825,3.1071
neutral,0.26,0.85,3.01611
neutral,0.26,0.875,2.92513
neutral,0.26,0.9,2.83414
neutral,0.26,0.925,2.74315
neutral,0.26,0.95,2.65217
neutral,0.26,0.975,2.56118
neutral,0.26,1,2.47019
neutral,0.27,0,6.06626
neutral,0.27,0.025,5.9763
neutral,0.27,0.05,5.88633
neutral,0.27,0.075,5.79636
neutral,0.27,0.1,5.7064
neutral,0.27,0.125,5.61643
neutral,0.27,0.15,5.52647
neutral,0.27,0.175,5.4365
neutral,0.27,0.2,5.34653
neutral,0.27,0.225,5.25657
neutral,0.27,0.25,5.1666
neutral,0.27,0.275,5.07663
neutral,0.27,0.3,4.98667
neutral,0.27,0.325,4.8967
neutral,0.27,0.35,4.80674
neutral,0.27,0.375,4.71677
neutral,0.27,0.4,4.6268
neutral,0.27,0.425,4.53684
neutral,0.27,0.45,4.44687
neutral,0.27,0.475,4.3569
neutral,0.27,0.5,4.26694
neutral,0.27,0.525,4.17697
neutral,0.27,0.55,4.087
neutral,0.27,0.575,3.99704
neutral,0.27,0.6,3.90707
neutral,0.27,0.625,3.81711
neutral,0.27,0.65,3.72714
neutral,0.27,0.675,3.63717
neutral,0.27,0.7,3.54721
neutral,0.27,0.725,3.45724
neutral,0.27,0.75,3.36727
neutral,0.27,0.775,3.27731
neutral,0.27,0.8,3.18734
neutral,0.27,0.825,3.09738
neutral,0.27,0.85,3.00741
neutral,0.27,0.875,2.91744
neutral,0.27,0.9,2.82748
neutral,0.27,0.925,2.73751
neutral,0.27,0.95,2.64754
neutral,0.27,0.975,2.55758
neutral,0.27,1,2.46761
neutral,0.28,0,6.02313
neutral,0.28,0.025,5.93413
neutral,0.28,0.05,5.84514
neutral,0.28,0.075,5.75614
neutral,0.28,0.1,5.66714
neutral,0.28,0.125,5.57815
neutral,0.28,0.15,5.48915
neutral,0.28,0.175,5.40015
neutral,0.28,0.2,5.31116
neutral,0.28,0.225,5.22216
neutral,0.28,0.25,5.13316
neutral,0.28,0.275,5.04417
neutral,0.28,0.3,4.95517
neutral,0.28,0.325,4.86617
neutral,0.28,0.35,4.77718
neutral,0.28,0.375,4.68818
neutral,0.28,0.4,4.59918
neutral,0.28,0.425,4.51019
neutral,0.28,0.45,4.42119
neutral,0.28,0.475,4.33219
neutral,0.28,0.5,4.24319
neutral,0.28,0.525,4.1542
neutral,0.28,0.55,4.0652
neutral,0.28,0.575,3.9762
neutral,0.28,0.6,3.88721
neutral,0.28,0.625,3.79821
neutral,0.28,0.65,3.70921
neutral,0.28,0.675,3.62022
neutral,0.28,0.7,3.53122
neutral,0.28,0.725,3.44222
neutral,0.28,0.75,3.35323
neutral,0.28,0.775,3.26423
neutral,0.28,0.8,3.17523
neutral,0.28,0.825,3.08624
neutral,0.28,0.85,2.99724
neutral,0.28,0.875,2.90824
neutral,0.28,0.9,2.81925
neutral,0.28,0.925,2.73025
neutral,0.28,0.95,2.64125
neutral,0.28,0.975,2.55225
neutral,0.28,1,2.46326
neutral,0.29,0,5.98022
neutral,0.29,0.025,5.89215
neutral,0.29,0.05,5.80407
neutral,0.29,0.075,5.716
neutral,0.29,0.1,5.62793
neutral,0.29,0.125,5.53985
neutral,0.29,0.15,5.45178
neutral,0.29,0.175,5.3637
neutral,0.29,0.2,5.27563
neutral,0.29,0.225,5.18756
neutral,0.29,0.25,5.09948
neutral,0.29,0.275,5.01141
neutral,0.29,0.3,4.92334
neutral,0.29,0.325,4.83526
neutral,0.29,0.35,4.74719
neutral,0.29,0.375,4.65912
neutral,0.29,0.4,4.57104
neutral,0.29,0.425,4.48297
neutral,0.29,0.45,4.39489
neutral,0.29,0.475,4.30682
neutral,0.29,0.5,4.21875
neutral,0.29,0.525,4.13067
neutral,0.29,0.55,4.0426
neutral,0.29,0.575,3.95453
neutral,0.29,0.6,3.86645
neutral,0.29,0.625,3.77838
neutral,0.29,0.65,3.69031
neutral,0.29,0.675,3.60223
neutral,0.29,0.7,3.51416
neutral,0.29,0.725,3.42608
neutral,0.29,0.75,3.33801
neutral,0.29,0.775,3.24994
neutral,0.29,0.8,3.16186
neutral,0.29,0.825,3.07379
neutral,0.29,0.85,2.98572
neutral,0.29,0.875,2.89764
neutral,0.29,0.9,2.80957
neutral,0.29,0.925,2.72149
neutral,0.29,0.95,2.63342
neutral,0.29,0.975,2.54535
neutral,0.29,1,2.45727
neutral,0.3,0,5.93749
neutral,0.3,0.025,5.85029
neutral,0.3,0.05,5.7631
neutral,0.3,0.075,5.67591
neutral,0.3,0.1,5.58872
neutral,0.3,0.125,5.50153
neutral,0.3,0.15,5.41433
neutral,0.3,0.175,5.32714
neutral,0.3,0.2,5.23995
neutral,0.3,0.225,5.15276
neutral,0.3,0.25,5.06556
neutral,0.3,0.275,4.97837
neutral,0.3,0.3,4.89118
neutral,0.3,0.325,4.80399
neutral,0.3,0.35,4.71679
neutral,0.3,0.375,4.6296
neutral,0.3,0.4,4.54241
neutral,0.3,0.425,4.45522
neutral,0.3,0.45,4.36802
neutral,0.3,0.475,4.28083
neutral,0.3,0.5,4.19364
neutral,0.3,0.525,4.10645
neutral,0.3,0.55,4.01926
neutral,0.3,0.575,3.93206
neutral,0.3,0.6,3.84487
neutral,0.3,0.625,3.75768
neutral,0.3,0.65,3.67049
neutral,0.3,0.675,3.58329
neutral,0.3,0.7,3.4961
neutral,0.3,0.725,3.40891
neutral,0.3,0.75,3.32172
neutral,0.3,0.775,3.23452
neutral,0.3,0.8,3.14733
neutral,0.3,0.825,3.06014
neutral,0.3,0.85,2.97295
neutral,0.3,0.875,2.88575
neutral,0.3,0.9,2.79856
neutral,0.3,0.925,2.71137
neutral,0.3,0.95,2.62418
neutral,0.3,0.975,2.53699
neutral,0.3,1,2.44979
neutral,0.31,0,5.8949
neutral,0.31,0.025,5.80855
neutral,0.31,0.05,5.7222
neutral,0.31,0.075,5.63585
neutral,0.31,0.1,5.5495
neutral,0.31,0.125,5.46315
neutral,0.31,0.15,5.3768
neutral,0.31,0.175,5.29045
neutral,0.31,0.2,5.20411
neutral,0.31,0.225,5.11776
neutral,0.31,0.25,5.03141
neutral,0.31,0.275,4.94506
neutral,0.31,0.3,4.85871
neutral,0.31,0.325,4.77236
neutral,0.31,0.35,4.68601
neutral,0.31,0.375,4.59966
neutral,0.31,0.4,4.51331
neutral,0.31,0.425,4.42696
neutral,0.31,0.45,4.34062
neutral,0.31,0.475,4.25427
neutral,0.31,0.5,4.16792
neutral,0.31,0.525,4.08157
neutral,0.31,0.55,3.99522
neutral,0.31,0.575,3.90887
neutral,0.31,0.6,3.82252
neutral,0.31,0.625,3.73617
neutral,0.31,0.65,3.64982
neutral,0.31,0.675,3.56347
neutral,0.31,0.7,3.47713
neutral,0.31,0.725,3.39078
neutral,0.31,0.75,3.30443
neutral,0.31,0.775,3.21808
neutral,0.31,0.8,3.13173
neutral,0.31,0.825,3.04538
neutral,0.31,0.85,2.95903
neutral,0.31,0.875,2.87268
neutral,0.31,0.9,2.78633
neutral,0.31,0.925,2.69998
neutral,0.31,0.95,2.61364
neutral,0.31,0.975,2.52729
neutral,0.31,1,2.44094
neutral,0.32,0,5.85242
neutral,0.32,0.025,5.76688
neutral,0.32,0.05,5.68134
neutral,0.32,0.075,5.5958
neutral,0.32,0.1,5.51026
neutral,0.32,0.125,5.42472
neutral,0.32,0.15,5.33918
neutral,0.32,0.175,5.25364
neutral,0.32,0.2,5.1681
neutral,0.32,0.225,5.08256
neutral,0.32,0.25,4.99702
neutral,0.32,0.275,4.91148
neutral,0.32,0.3,4.82594
neutral,0.32,0.325,4.7404
neutral,0.32,0.35,4.65486
neutral,0.32,0.375,4.56932
neutral,0.32,0.4,4.48378
neutral,0.32,0.425,4.39824
neutral,0.32,0.45,4.3127
neutral,0.32,0.475,4.22716
neutral,0.32,0.5,4.14162
neutral,0.32,0.525,4.05608
neutral,0.32,0.55,3.97054
neutral,0.32,0.575,3.885
neutral,0.32,0.6,3.79946
neutral,0.32,0.625,3.71392
neutral,0.32,0.65,3.62838
neutral,0.32,0.675,3.54284
neutral,0.32,0.7,3.4573
neutral,0.32,0.725,3.37176
neutral,0.32,0.75,3.28622
neutral,0.32,0.775,3.20068
neutral,0.32,0.8,3.11514
neutral,0.32,0.825,3.0296
neutral,0.32,0.85,2.94406
neutral,0.32,0.875,2.85852
neutral,0.32,0.9,2.77298
neutral,0.32,0.925,2.68744
neutral,0.32,0.95,2.6019
neutral,0.32,0.975,2.51636
neutral,0.32,1,2.43082
neutral,0.33,0,5.81004
neutral,0.33,0.025,5.72528
neutral,0.33,0.05,5.64052
neutral,0.33,0.075,5.55576
neutral,0.33,0.1,5.471
neutral,0.33,0.125,5.38623
neutral,0.33,0.15,5.30147
neutral,0.33,0.175,5.21671
neutral,0.33,0.2,5.13195
neutral,0.33,0.225,5.04718
neutral,0.33,0.25,4.96242
neutral,0.33,0.275,4.87766
neutral,0.33,0.3,4.7929
neutral,0.33,0.325,4.70814
neutral,0.33,0.35,4.62337
neutral,0.33,0.375,4.53861
neutral,0.33,0.4,4.45385
neutral,0.33,0.425,4.36909
neutral,0.33,0.45,4.28432
neutral,0.33,0.475,4.19956
neutral,0.33,0.5,4.1148
neutral,0.33,0.525,4.03004
neutral,0.33,0.55,3.94527
neutral,0.33,0.575,3.86051
neutral,0.33,0.6,3.77575
neutral,0.33,0.625,3.69099
neutral,0.33,0.65,3.60623
neutral,0.33,0.675,3.52146
neutral,0.33,0.7,3.4367
neutral,0.33,0.725,3.35194
neutral,0.33,0.75,3.26718
neutral,0.33,0.775,3.18241
neutral,0.33,0.8,3.09765
neutral,0.33,0.825,3.01289
neutral,0.33,0.85,2.92813
neutral,0.33,0.875,2.84337
neutral,0.33,0.9,2.7586
neutral,0.33,0.925,2.67384
neutral,0.33,0.95,2.58908
neutral,0.33,0.975,2.50432
neutral,0.33,1,2.41955
neutral,0.34,0,5.76774
neutral,0.34,0.025,5.68373
neutral,0.34,0.05,5.59972
neutral,0.34,0.075,5.5157
neutral,0.34,0.1,5.43169
neutral,0.34,0.125,5.34768
neutral,0.34,0.15,5.26366
neutral,0.34,0.175,5.17965
neutral,0.34,0.2,5.09564
neutral,0.34,0.225,5.01163
neutral,0.34,0.25,4.92761
neutral,0.34,0.275,4.8436
neutral,0.34,0.3,4.75959
neutral,0.34,0.325,4.67557
neutral,0.34,0.35,4.59156
neutral,0.34,0.375,4.50755
neutral,0.34,0.4,4.42354
neutral,0.34,0.425,4.33952
neutral,0.34,0.45,4.25551
neutral,0.34,0.475,4.1715
neutral,0.34,0.5,4.08748
neutral,0.34,0.525,4.00347
neutral,0.34,0.55,3.91946
neutral,0.34,0.575,3.83544
neutral,0.34,0.6,3.75143
neutral,0.34,0.625,3.66742
neutral,0.34,0.65,3.58341
neutral,0.34,0.675,3.49939
neutral,0.34,0.7,3.41538
neutral,0.34,0.725,3.33137
neutral,0.34,0.75,3.24735
neutral,0.34,0.775,3.16334
neutral,0.34,0.8,3.07933
neutral,0.34,0.825,2.99532
neutral,0.34,0.85,2.9113
neutral,0.34,0.875,2.82729
neutral,0.34,0.9,2.74328
neutral,0.34,0.925,2.65926
neutral,0.34,0.95,2.57525
neutral,0.34,0.975,2.49124
neutral,0.34,1,2.40723
neutral,0.35,0,5.7255
neutral,0.35,0.025,5.64221
neutral,0.35,0.05,5.55892
neutral,0.35,0.075,5.47563
neutral,0.35,0.1,5.39234
neutral,0.35,0.125,5.30905
neutral,0.35,0.15,5.22576
neutral,0.35,0.175,5.14247
neutral,0.35,0.2,5.05919
neutral,0.35,0.225,4.9759
neutral,0.35,0.25,4.89261
neutral,0.35,0.275,4.80932
neutral,0.35,0.3,4.72603
neutral,0.35,0.325,4.64274
neutral,0.35,0.35,4.55945
neutral,0.35,0.375,4.47616
neutral,0.35,0.4,4.39287
neutral,0.35,0.425,4.30958
neutral,0.35,0.45,4.22629
neutral,0.35,0.475,4.143
neutral,0.35,0.5,4.05971
neutral,0.35,0.525,3.97642
neutral,0.35,0.55,3.89314
neutral,0.35,0.575,3.80985
neutral,0.35,0.6,3.72656
neutral,0.35,0.625,3.64327
neutral,0.35,0.65,3.55998
neutral,0.35,0.675,3.47669
neutral,0.35,0.7,3.3934
neutral,0.35,0.725,3.31011
neutral,0.35,0.75,3.22682
neutral,0.35,0.775,3.14353
neutral,0.35,0.8,3.06024
neutral,0.35,0.825,2.97695
neutral,0.35,0.85,2.89366
neutral,0.35,0.875,2.81038
neutral,0.35,0.9,2.72709
neutral,0.35,0.925,2.6438
neutral,0.35,0.95,2.56051
neutral,0.35,0.975,2.47722
neutral,0.35,1,2.39393
neutral,0.36,0,5.68331
neutral,0.36,0.025,5.60072
neutral,0.36,0.05,5.51813
neutral,0.36,0.075,5.43554
neutral,0.36,0.1,5.35295
neutral,0.36,0.125,5.27036
neutral,0.36,0.15,5.18777
neutral,0.36,0.175,5.10518
neutral,0.36,0.2,5.02259
neutral,0.36,0.225,4.94001
neutral,0.36,0.25,4.85742
neutral,0.36,0.275,4.77483
neutral,0.36,0.3,4.69224
neutral,0.36,0.325,4.60965
neutral,0.36,0.35,4.52706
neutral,0.36,0.375,4.44447
neutral,0.36,0.4,4.36188
neutral,0.36,0.425,4.27929
neutral,0.36,0.45,4.1967
neutral,0.36,0.475,4.11411
neutral,0.36,0.5,4.03153
neutral,0.36,0.525,3.94894
neutral,0.36,0.55,3.86635
neutral,0.36,0.575,3.78376
neutral,0.36,0.6,3.70117
neutral,0.36,0.625,3.61858
neutral,0.36,0.65,3.53599
neutral,0.36,0.675,3.4534
neutral,0.36,0.7,3.37081
neutral,0.36,0.725,3.28822
neutral,0.36,0.75,3.20564
neutral,0.36,0.775,3.12305
neutral,0.36,0.8,3.04046
neutral,0.36,0.825,2.95787
neutral,0.36,0.85,2.87528
neutral,0.36,0.875,2.79269
neutral,0.36,0.9,2.7101
neutral,0.36,0.925,2.62751
neutral,0.36,0.95,2.54492
neutral,0.36,0.975,2.46233
neutral,0.36,1,2.37974
neutral,0.37,0,5.64115
neutral,0.37,0.025,5.55924
neutral,0.37,0.05,5.47733
neutral,0.37,0.075,5.39542
neutral,0.37,0.1,5.31351
neutral,0.37,0.125,5.2316
neutral,0.37,0.15,5.14969
neutral,0.37,0.175,5.06778
neutral,0.37,0.2,4.98587
neutral,0.37,0.225,4.90396
neutral,0.37,0.25,4.82205
neutral,0.37,0.275,4.74014
neutral,0.37,0.3,4.65823
neutral,0.37,0.325,4.57632
neutral,0.37,0.35,4.49441
neutral,0.37,0.375,4.4125
neutral,0.37,0.4,4.33059
neutral,0.37,0.425,4.24868
neutral,0.37,0.45,4.16677
neutral,0.37,0.475,4.08486
neutral,0.37,0.5,4.00295
neutral,0.37,0.525,3.92104
neutral,0.37,0.55,3.83913
neutral,0.37,0.575,3.75722
neutral,0.37,0.6,3.67531
neutral,0.37,0.625,3.5934
neutral,0.37,0.65,3.51149
neutral,0.37,0.675,3.42958
neutral,0.37,0.7,3.34767
neutral,0.37,0.725,3.26576
neutral,0.37,0.75,3.18385
neutral,0.37,0.775,3.10194
neutral,0.37,0.8,3.02003
neutral,0.37,0.825,2.93812
neutral,0.37,0.85,2.85621
neutral,0.37,0.875,2.7743
neutral,0.37,0.9,2.69239
neutral,0.37,0.925,2.61048
neutral,0.37,0.95,2.52857
neutral,0.37,0.975,2.44666
neutral,0.37,1,2.36475
neutral,0.38,0,5.59903
neutral,0.38,0.025,5.51778
neutral,0.38,0.05,5.43653
neutral,0.38,0.075,5.35528
neutral,0.38,0.1,5.27403
neutral,0.38,0.125,5.19278
neutral,0.38,0.15,5.11153
neutral,0.38,0.175,5.03028
neutral,0.38,0.2,4.94903
neutral,0.38,0.225,4.86778
neutral,0.38,0.25,4.78653
neutral,0.38,0.275,4.70528
neutral,0.38,0.3,4.62403
neutral,0.38,0.325,4.54278
neutral,0.38,0.35,4.46153
neutral,0.38,0.375,4.38028
neutral,0.38,0.4,4.29902
neutral,0.38,0.425,4.21777
neutral,0.38,0.45,4.13652
neutral,0.38,0.475,4.05527
neutral,0.38,0.5,3.97402
neutral,0.38,0.525,3.89277
neutral,0.38,0.55,3.81152
neutral,0.38,0.575,3.73027
neutral,0.38,0.6,3.64902
neutral,0.38,0.625,3.56777
neutral,0.38,0.65,3.48652
neutral,0.38,0.675,3.40527
neutral,0.38,0.7,3.32402
neutral,0.38,0.725,3.24277
neutral,0.38,0.75,3.16152
neutral,0.38,0.775,3.08027
neutral,0.38,0.8,2.99902
neutral,0.38,0.825,2.91776
neutral,0.38,0.85,2.83651
neutral,0.38,0.875,2.75526
neutral,0.38,0.9,2.67401
neutral,0.38,0.925,2.59276
neutral,0.38,0.95,2.51151
neutral,0.38,0.975,2.43026
neutral,0.38,1,2.34901
neutral,0.39,0,5.55694
neutral,0.39,0.025,5.47633
neutral,0.39,0.05,5.39572
neutral,0.39,0.075,5.31511
neutral,0.39,0.1,5.23451
neutral,0.39,0.125,5.1539
neutral,0.39,0.15,5.07329
neutral,0.39,0.175,4.99268
neutral,0.39,0.2,4.91207
neutral,0.39,0.225,4.83146
neutral,0.39,0.25,4.75085
neutral,0.39,0.275,4.67025
neutral,0.39,0.3,4.58964
neutral,0.39,0.325,4.50903
neutral,0.39,0.35,4.42842
neutral,0.39,0.375,4.34781
neutral,0.39,0.4,4.2672
neutral,0.39,0.425,4.18659
neutral,0.39,0.45,4.10598
neutral,0.39,0.475,4.02538
neutral,0.39,0.5,3.94477
neutral,0.39,0.525,3.86416
neutral,0.39,0.55,3.78355
neutral,0.39,0.575,3.70294
neutral,0.39,0.6,3.62233
neutral,0.39,0.625,3.54172
neutral,0.39,0.65,3.46111
neutral,0.39,0.675,3.38051
neutral,0.39,0.7,3.2999
neutral,0.39,0.725,3.21929
neutral,0.39,0.75,3.13868
neutral,0.39,0.775,3.05807
neutral,0.39,0.8,2.97746
neutral,0.39,0.825,2.89685
neutral,0.39,0.85,2.81625
neutral,0.39,0.875,2.73564
neutral,0.39,0.9,2.65503
neutral,0.39,0.925,2.57442
neutral,0.39,0.95,2.49381
neutral,0.39,0.975,2.4132
neutral,0.39,1,2.33259
neutral,0.4,0,5.51487
neutral,0.4,0.025,5.43488
neutral,0.4,0.05,5.3549
neutral,0.4,0.075,5.27492
neutral,0.4,0.1,5.19494
neutral,0.4,0.125,5.11495
neutral,0.4,0.15,5.03497
neutral,0.4,0.175,4.95499
neutral,0.4,0.2,4.87501
neutral,0.4,0.225,4.79502
neutral,0.4,0.25,4.71504
neutral,0.4,0.275,4.63506
neutral,0.4,0.3,4.55507
neutral,0.4,0.325,4.47509
neutral,0.4,0.35,4.39511
neutral,0.4,0.375,4.31513
neutral,0.4,0.4,4.23514
neutral,0.4,0.425,4.15516
neutral,0.4,0.45,4.07518
neutral,0.4,0.475,3.99519
neutral,0.4,0.5,3.91521
neutral,0.4,0.525,3.83523
neutral,0.4,0.55,3.75525
neutral,0.4,0.575,3.67526
neutral,0.4,0.6,3.59528
neutral,0.4,0.625,3.5153
neutral,0.4,0.65,3.43532
neutral,0.4,0.675,3.35533
neutral,0.4,0.7,3.27535
neutral,0.4,0.725,3.19537
neutral,0.4,0.75,3.11538
neutral,0.4,0.775,3.0354
neutral,0.4,0.8,2.95542
neutral,0.4,0.825,2.87544
neutral,0.4,0.85,2.79545
neutral,0.4,0.875,2.71547
neutral,0.4,0.9,2.63549
neutral,0.4,0.925,2.5555
neutral,0.4,0.95,2.47552
neutral,0.4,0.975,2.39554
neutral,0.4,1,2.31556
neutral,0.41,0,5.47281
neutral,0.41,0.025,5.39344
neutral,0.41,0.05,5.31407
neutral,0.41,0.075,5.2347
neutral,0.41,0.1,5.15533
neutral,0.41,0.125,5.07595
neutral,0.41,0.15,4.99658
neutral,0.41,0.175,4.91721
neutral,0.41,0.2,4.83784
neutral,0.41,0.225,4.75847
neutral,0.41,0.25,4.6791
neutral,0.41,0.275,4.59973
neutral,0.41,0.3,4.52035
neutral,0.41,0.325,4.44098
neutral,0.41,0.35,4.36161
neutral,0.41,0.375,4.28224
neutral,0.41,0.4,4.20287
neutral,0.41,0.425,4.1235
neutral,0.41,0.45,4.04412
neutral,0.41,0.475,3.96475
neutral,0.41,0.5,3.88538
neutral,0.41,0.525,3.80601
neutral,0.41,0.55,3.72664
neutral,0.41,0.575,3.64727
neutral,0.41,0.6,3.5679
neutral,0.41,0.625,3.48852
neutral,0.41,0.65,3.40915
neutral,0.41,0.675,3.32978
neutral,0.41,0.7,3.25041
neutral,0.41,0.725,3.17104
neutral,0.41,0.75,3.09167
neutral,0.41,0.775,3.0123
neutral,0.41,0.8,2.93292
neutral,0.41,0.825,2.85355
neutral,0.41,0.85,2.77418
neutral,0.41,0.875,2.69481
neutral,0.41,0.9,2.61544
neutral,0.41,0.925,2.53607
neutral,0.41,0.95,2.45669
neutral,0.41,0.975,2.37732
neutral,0.41,1,2.29795
neutral,0.42,0,5.43077
neutral,0.42,0.025,5.352
neutral,0.42,0.05,5.27322
neutral,0.42,0.075,5.19445
neutral,0.42,0.1,5.11568
neutral,0.42,0.125,5.0369
neutral,0.42,0.15,4.95813
neutral,0.42,0.175,4.87936
neutral,0.42,0.2,4.80058
neutral,0.42,0.225,4.72181
neutral,0.42,0.25,4.64303
neutral,0.42,0.275,4.56426
neutral,0.42,0.3,4.48549
neutral,0.42,0.325,4.40671
neutral,0.42,0.35,4.32794
neutral,0.42,0.375,4.24917
neutral,0.42,0.4,4.17039
neutral,0.42,0.425,4.09162
neutral,0.42,0.45,4.01285
neutral,0.42,0.475,3.93407
neutral,0.42,0.5,3.8553
neutral,0.42,0.525,3.77653
neutral,0.42,0.55,3.69775
neutral,0.42,0.575,3.61898
neutral,0.42,0.6,3.54021
neutral,0.42,0.625,3.46143
neutral,0.42,0.65,3.38266
neutral,0.42,0.675,3.30388
neutral,0.42,0.7,3.22511
neutral,0.42,0.725,3.14634
neutral,0.42,0.75,3.06756
neutral,0.42,0.775,2.98879
neutral,0.42,0.8,2.91002
neutral,0.42,0.825,2.83124
neutral,0.42,0.85,2.75247
neutral,0.42,0.875,2.6737
neutral,0.42,0.9,2.59492
neutral,0.42,0.925,2.51615
neutral,0.42,0.95,2.43738
neutral,0.42,0.975,2.3586
neutral,0.42,1,2.27983
neutral,0.43,0,5.38874
neutral,0.43,0.025,5.31055
neutral,0.43,0.05,5.23236
neutral,0.43,0.075,5.15418
neutral,0.43,0.1,5.07599
neutral,0.43,0.125,4.9978
neutral,0.43,0.15,4.91961
neutral,0.43,0.175,4.84143
neutral,0.43,0.2,4.76324
neutral,0.43,0.225,4.68505
neutral,0.43,0.25,4.60686
neutral,0.43,0.275,4.52868
neutral,0.43,0.3,4.45049
neutral,0.43,0.325,4.3723
neutral,0.43,0.35,4.29411
neutral,0.43,0.375,4.21592
neutral,0.43,0.4,4.13774
neutral,0.43,0.425,4.05955
neutral,0.43,0.45,3.98136
neutral,0.43,0.475,3.90317
neutral,0.43,0.5,3.82499
neutral,0.43,0.525,3.7468
neutral,0.43,0.55,3.66861
neutral,0.43,0.575,3.59042
neutral,0.43,0.6,3.51224
neutral,0.43,0.625,3.43405
neutral,0.43,0.65,3.35586
neutral,0.43,0.675,3.27767
neutral,0.43,0.7,3.19949
neutral,0.43,0.725,3.1213
neutral,0.43,0.75,3.04311
neutral,0.43,0.775,2.96492
neutral,0.43,0.8,2.88673
neutral,0.43,0.825,2.80855
neutral,0.43,0.85,2.73036
neutral,0.43,0.875,2.65217
neutral,0.43,0.9,2.57398
neutral,0.43,0.925,2.4958
neutral,0.43,0.95,2.41761
neutral,0.43,0.975,2.33942
neutral,0.43,1,2.26123
neutral,0.44,0,5.34672
neutral,0.44,0.025,5.2691
neutral,0.44,0.05,5.19149
neutral,0.44,0.075,5.11388
neutral,0.44,0.1,5.03627
neutral,0.44,0.125,4.95865
neutral,0.44,0.15,4.88104
neutral,0.44,0.175,4.80343
neutral,0.44,0.2,4.72582
neutral,0.44,0.225,4.6482
neutral,0.44,0.25,4.57059
neutral,0.44,0.275,4.49298
neutral,0.44,0.3,4.41536
neutral,0.44,0.325,4.33775
neutral,0.44,0.35,4.26014
neutral,0.44,0.375,4.18253
neutral,0.44,0.4,4.10491
neutral,0.44,0.425,4.0273
neutral,0.44,0.45,3.94969
neutral,0.44,0.475,3.87207
neutral,0.44,0.5,3.79446
neutral,0.44,0.525,3.71685
neutral,0.44,0.55,3.63924
neutral,0.44,0.575,3.56162
neutral,0.44,0.6,3.48401
neutral,0.44,0.625,3.4064
neutral,0.44,0.65,3.32879
neutral,0.44,0.675,3.25117
neutral,0.44,0.7,3.17356
neutral,0.44,0.725,3.09595
neutral,0.44,0.75,3.01833
neutral,0.44,0.775,2.94072
neutral,0.44,0.8,2.86311
neutral,0.44,0.825,2.7855
neutral,0.44,0.85,2.70788
neutral,0.44,0.875,2.63027
neutral,0.44,0.9,2.55266
neutral,0.44,0.925,2.47505
neutral,0.44,0.95,2.39743
neutral,0.44,0.975,2.31982
neutral,0.44,1,2.24221
neutral,0.45,0,5.3047
neutral,0.45,0.025,5.22765
neutral,0.45,0.05,5.15061
neutral,0.45,0.075,5.07356
neutral,0.45,0.1,4.99651
neutral,0.45,0.125,4.91946
neutral,0.45,0.15,4.84241
neutral,0.45,0.175,4.76537
neutral,0.45,0.2,4.68832
neutral,0.45,0.225,4.61127
neutral,0.45,0.25,4.53422
neutral,0.45,0.275,4.45718
neutral,0.45,0.3,4.38013
neutral,0.45,0.325,4.30308
neutral,0.45,0.35,4.22603
neutral,0.45,0.375,4.14898
neutral,0.45,0.4,4.07194
neutral,0.45,0.425,3.99489
neutral,0.45,0.45,3.91784
neutral,0.45,0.475,3.84079
neutral,0.45,0.5,3.76374
neutral,0.45,0.525,3.6867
neutral,0.45,0.55,3.60965
neutral,0.45,0.575,3.5326
neutral,0.45,0.6,3.45555
neutral,0.45,0.625,3.3785
neutral,0.45,0.65,3.30146
neutral,0.45,0.675,3.22441
neutral,0.45,0.7,3.14736
neutral,0.45,0.725,3.07031
neutral,0.45,0.75,2.99327
neutral,0.45,0.775,2.91622
neutral,0.45,0.8,2.83917
neutral,0.45,0.825,2.76212
neutral,0.45,0.85,2.68507
neutral,0.45,0.875,2.60803
neutral,0.45,0.9,2.53098
neutral,0.45,0.925,2.45393
neutral,0.45,0.95,2.37688
neutral,0.45,0.975,2.29983
neutral,0.45,1,2.22279
neutral,0.46,0,5.26269
neutral,0.46,0.025,5.1862
neutral,0.46,0.05,5.10971
neutral,0.46,0.075,5.03322
neutral,0.46,0.1,4.95672
neutral,0.46,0.125,4.88023
neutral,0.46,0.15,4.80374
neutral,0.46,0.175,4.72725
neutral,0.46,0.2,4.65076
neutral,0.46,0.225,4.57426
neutral,0.46,0.25,4.49777
neutral,0.46,0.275,4.42128
neutral,0.46,0.3,4.34479
neutral,0.46,0.325,4.2683
neutral,0.46,0.35,4.1918
neutral,0.46,0.375,4.11531
neutral,0.46,0.4,4.03882
neutral,0.46,0.425,3.96233
neutral,0.46,0.45,3.88583
neutral,0.46,0.475,3.80934
neutral,0.46,0.5,3.73285
neutral,0.46,0.525,3.65636
neutral,0.46,0.55,3.57987
neutral,0.46,0.575,3.50337
neutral,0.46,0.6,3.42688
neutral,0.46,0.625,3.35039
neutral,0.46,0.65,3.2739
neutral,0.46,0.675,3.1974
neutral,0.46,0.7,3.12091
neutral,0.46,0.725,3.04442
neutral,0.46,0.75,2.96793
neutral,0.46,0.775,2.89144
neutral,0.46,0.8,2.81494
neutral,0.46,0.825,2.73845
neutral,0.46,0.85,2.66196
neutral,0.46,0.875,2.58547
neutral,0.46,0.9,2.50898
neutral,0.46,0.925,2.43248
neutral,0.46,0.95,2.35599
neutral,0.46,0.975,2.2795
neutral,0.46,1,2.20301
neutral,0.47,0,5.22069
neutral,0.47,0.025,5.14474
neutral,0.47,0.05,5.0688
neutral,0.47,0.075,4.99285
neutral,0.47,0.1,4.91691
neutral,0.47,0.125,4.84097
neutral,0.47,0.15,4.76502
neutral,0.47,0.175,4.68908
neutral,0.47,0.2,4.61313
neutral,0.47,0.225,4.53719
neutral,0.47,0.25,4.46124
neutral,0.47,0.275,4.3853
neutral,0.47,0.3,4.30935
neutral,0.47,0.325,4.23341
neutral,0.47,0.35,4.15746
neutral,0.47,0.375,4.08152
neutral,0.47,0.4,4.00557
neutral,0.47,0.425,3.92963
neutral,0.47,0.45,3.85368
neutral,0.47,0.475,3.77774
neutral,0.47,0.5,3.70179
neutral,0.47,0.525,3.62585
neutral,0.47,0.55,3.5499
neutral,0.47,0.575,3.47396
neutral,0.47,0.6,3.39801
neutral,0.47,0.625,3.32207
neutral,0.47,0.65,3.24613
neutral,0.47,0.675,3.17018
neutral,0.47,0.7,3.09424
neutral,0.47,0.725,3.01829
neutral,0.47,0.75,2.94235
neutral,0.47,0.775,2.8664
neutral,0.47,0.8,2.79046
neutral,0.47,0.825,2.71451
neutral,0.47,0.85,2.63857
neutral,0.47,0.875,2.56262
neutral,0.47,0.9,2.48668
neutral,0.47,0.925,2.41073
neutral,0.47,0.95,2.33479
neutral,0.47,0.975,2.25884
neutral,0.47,1,2.1829
neutral,0.48,0,5.17869
neutral,0.48,0.025,5.10328
neutral,0.48,0.05,5.02788
neutral,0.48,0.075,4.95247
neutral,0.48,0.1,4.87707
neutral,0.48,0.125,4.80166
neutral,0.48,0.15,4.72626
neutral,0.48,0.175,4.65085
neutral,0.48,0.2,4.57545
neutral,0.48,0.225,4.50004
neutral,0.48,0.25,4.42464
neutral,0.48,0.275,4.34923
neutral,0.48,0.3,4.27383
neutral,0.48,0.325,4.19842
neutral,0.48,0.35,4.12302
neutral,0.48,0.375,4.04761
neutral,0.48,0.4,3.97221
neutral,0.48,0.425,3.89681
neutral,0.48,0.45,3.8214
neutral,0.48,0.475,3.746
neutral,0.48,0.5,3.67059
neutral,0.48,0.525,3.59519
neutral,0.48,0.55,3.51978
neutral,0.48,0.575,3.44438
neutral,0.48,0.6,3.36897
neutral,0.48,0.625,3.29357
neutral,0.48,0.65,3.21816
neutral,0.48,0.675,3.14276
neutral,0.48,0.7,3.06735
neutral,0.48,0.725,2.99195
neutral,0.48,0.75,2.91654
neutral,0.48,0.775,2.84114
neutral,0.48,0.8,2.76573
neutral,0.48,0.825,2.69033
neutral,0.48,0.85,2.61492
neutral,0.48,0.875,2.53952
neutral,0.48,0.9,2.46411
neutral,0.48,0.925,2.38871
neutral,0.48,0.95,2.3133
neutral,0.48,0.975,2.2379
neutral,0.48,1,2.16249
neutral,0.49,0,5.13669
neutral,0.49,0.025,5.06182
neutral,0.49,0.05,4.98695
neutral,0.49,0.075,4.91208
neutral,0.49,0.1,4.8372
neutral,0.49,0.125,4.76233
neutral,0.49,0.15,4.68746
neutral,0.49,0.175,4.61259
neutral,0.49,0.2,4.53772
neutral,0.49,0.225,4.46284
neutral,0.49,0.25,4.38797
neutral,0.49,0.275,4.3131
neutral,0.49,0.3,4.23823
neutral,0.49,0.325,4.16336
neutral,0.49,0.35,4.08848
neutral,0.49,0.375,4.01361
neutral,0.49,0.4,3.93874
neutral,0.49,0.425,3.86387
neutral,0.49,0.45,3.789
neutral,0.49,0.475,3.71412
neutral,0.49,0.5,3.63925
neutral,0.49,0.525,3.56438
neutral,0.49,0.55,3.48951
neutral,0.49,0.575,3.41464
neutral,0.49,0.6,3.33976
neutral,0.49,0.625,3.26489
neutral,0.49,0.65,3.19002
neutral,0.49,0.675,3.11515
neutral,0.49,0.7,3.04028
neutral,0.49,0.725,2.9654
neutral,0.49,0.75,2.89053
neutral,0.49,0.775,2.81566
neutral,0.49,0.8,2.74079
neutral,0.49,0.825,2.66592
neutral,0.49,0.85,2.59104
neutral,0.49,0.875,2.51617
neutral,0.49,0.9,2.4413
neutral,0.49,0.925,2.36643
neutral,0.49,0.95,2.29156
neutral,0.49,0.975,2.21668
neutral,0.49,1,2.14181
neutral,0.5,0,5.0947
neutral,0.5,0.025,5.02035
neutral,0.5,0.05,4.94601
neutral,0.5,0.075,4.87166
neutral,0.5,0.1,4.79732
neutral,0.5,0.125,4.72297
neutral,0.5,0.15,4.64862
neutral,0.5,0.175,4.57428
neutral,0.5,0.2,4.49993
neutral,0.5,0.225,4.42559
neutral,0.5,0.25,4.35124
neutral,0.5,0.275,4.2769
neutral,0.5,0.3,4.20255
neutral,0.5,0.325,4.12821
neutral,0.5,0.35,4.05386
neutral,0.5,0.375,3.97952
neutral,0.5,0.4,3.90517
neutral,0.5,0.425,3.83083
neutral,0.5,0.45,3.75648
neutral,0.5,0.475,3.68214
neutral,0.5,0.5,3.60779
neutral,0.5,0.525,3.53345
neutral,0.5,0.55,3.4591
neutral,0.5,0.575,3.38475
neutral,0.5,0.6,3.31041
neutral,0.5,0.625,3.23606
neutral,0.5,0.65,3.16172
neutral,0.5,0.675,3.08737
neutral,0.5,0.7,3.01303
neutral,0.5,0.725,2.93868
neutral,0.5,0.75,2.86434
neutral,0.5,0.775,2.78999
neutral,0.5,0.8,2.71565
neutral,0.5,0.825,2.6413
neutral,0.5,0.85,2.56696
neutral,0.5,0.875,2.49261
neutral,0.5,0.9,2.41827
neutral,0.5,0.925,2.34392
neutral,0.5,0.95,2.26958
neutral,0.5,0.975,2.19523
neutral,0.5,1,2.12088
acid,0,0,9.0001
acid,0,0.025,8.79756
acid,0,0.05,8.59501
acid,0,0.075,8.39246
acid,0,0.1,8.18991
acid,0,0.125,7.98736
acid,0,0.15,7.78481
acid,0,0.175,7.58226
acid,0,0.2,7.37971
acid,0,0.225,7.17716
acid,0,0.25,6.97461
acid,0,0.275,6.77206
acid,0,0.3,6.56952
acid,0,0.325,6.36697
acid,0,0.35,6.16442
acid,0,0.375,5.96187
acid,0,0.4,5.75932
acid,0,0.425,5.55677
acid,0,0.45,5.35422
acid,0,0.475,5.15167
acid,0,0.5,4.94912
acid,0,0.525,4.74657
acid,0,0.55,4.54403
acid,0,0.575,4.34148
acid,0,0.6,4.13893
acid,0,0.625,3.93638
acid,0,0.65,3.73383
acid,0,0.675,3.53128
acid,0,0.7,3.32873
acid,0,0.725,3.12618
acid,0,0.75,2.92363
acid,0,0.775,2.72108
acid,0,0.8,2.51854
acid,0,0.825,2.31599
acid,0,0.85,2.11344
acid,0,0.875,1.91089
acid,0,0.9,1.70834
acid,0,0.925,1.50579
acid,0,0.95,1.30324
acid,0,0.975,1.10069
acid,0,1,0.898143
acid,0.01,0,8.61592
acid,0.01,0.025,8.42347
acid,0.01,0.05,8.23102
acid,0.01,0.075,8.03857
acid,0.01,0.1,7.84612
acid,0.01,0.125,7.65367
acid,0.01,0.15,7.46122
acid,0.01,0.175,7.26877
acid,0.01,0.2,7.07632
acid,0.01,0.225,6.88387
acid,0.01,0.25,6.69142
acid,0.01,0.275,6.49897
acid,0.01,0.3,6.30652
acid,0.01,0.325,6.11407
acid,0.01,0.35,5.92162
acid,0.01,0.375,5.72917
acid,0.01,0.4,5.53672
acid,0.01,0.425,5.34427
acid,0.01,0.45,5.15182
acid,0.01,0.475,4.95937
acid,0.01,0.5,4.76692
acid,0.01,0.525,4.57447
acid,0.01,0.55,4.38202
acid,0.01,0.575,4.18957
acid,0.01,0.6,3.99712
acid,0.01,0.625,3.80467
acid,0.01,0.65,3.61222
acid,0.01,0.675,3.41977
acid,0.01,0.7,3.22732
acid,0.01,0.725,3.03487
acid,0.01,0.75,2.84242
acid,0.01,0.775,2.64997
acid,0.01,0.8,2.45752
acid,0.01,0.825,2.26507
acid,0.01,0.85,2.07262
acid,0.01,0.875,1.88017
acid,0.01,0.9,1.68772
acid,0.01,0.925,1.49527
acid,0.01,0.95,1.30282
acid,0.01,0.975,1.11037
acid,0.01,1,0.917924
acid,0.02,0,8.29645
acid,0.02,0.025,8.11241
acid,0.02,0.05,7.92837
acid,0.02,0.075,7.74433
acid,0.02,0.1,7.5603
acid,0.02,0.125,7.37626
acid,0.02,0.15,7.19222
acid,0.02,0.175,7.00818
acid,0.02,0.2,6.82414
acid,0.02,0.225,6.6401
acid,0.02,0.25,6.45606
acid,0.02,0.275,6.27203
acid,0.02,0.3,6.08799
acid,0.02,0.325,5.90395
acid,0.02,0.35,5.71991
acid,0.02,0.375,5.53587
acid,0.02,0.4,5.35183
acid,0.02,0.425,5.16779
acid,0.02,0.45,4.98376
acid,0.02,0.475,4.79972
acid,0.02,0.5,4.61568
acid,0.02,0.525,4.43164
acid,0.02,0.55,4.2476
acid,0.02,0.575,4.06356
acid,0.02,0.6,3.87952
acid,0.02,0.625,3.69549
acid,0.02,0.65,3.51145
acid,0.02,0.675,3.32741
acid,0.02,0.7,3.14337
acid,0.02,0.725,2.95933
acid,0.02,0.75,2.77529
acid,0.02,0.775,2.59125
acid,0.02,0.8,2.40721
acid,0.02,0.825,2.22318
acid,0.02,0.85,2.03914
acid,0.02,0.875,1.8551
acid,0.02,0.9,1.67106
acid,0.02,0.925,1.48702
acid,0.02,0.95,1.30298
acid,0.02,0.975,1.11894
acid,0.02,1,0.934906
acid,0.03,0,8.02947
acid,0.03,0.025,7.85248
acid,0.03,0.05,7.67549
acid,0.03,0.075,7.4985
acid,0.03,0.1,7.3215
acid,0.03,0.125,7.14451
acid,0.03,0.15,6.96752
acid,0.03,0.175,6.79052
acid,0.03,0.2,6.61353
acid,0.03,0.225,6.43654
acid,0.03,0.25,6.25955
acid,0.03,0.275,6.08255
acid,0.03,0.3,5.90556
acid,0.03,0.325,5.72857
acid,0.03,0.35,5.55158
acid,0.03,0.375,5.37458
acid,0.03,0.4,5.19759
acid,0.03,0.425,5.0206
acid,0.03,0.45,4.8436
acid,0.03,0.475,4.66661
acid,0.03,0.5,4.48962
acid,0.03,0.525,4.31263
acid,0.03,0.55,4.13563
acid,0.03,0.575,3.95864
acid,0.03,0.6,3.78165
acid,0.03,0.625,3.60466
acid,0.03,0.65,3.42766
acid,0.03,0.675,3.25067
acid,0.03,0.7,3.07368
acid,0.03,0.725,2.89669
acid,0.03,0.75,2.71969
acid,0.03,0.775,2.5427
acid,0.03,0.8,2.36571
acid,0.03,0.825,2.18871
acid,0.03,0.85,2.01172
acid,0.03,0.875,1.83473
acid,0.03,0.9,1.65774
acid,0.03,0.925,1.48074
acid,0.03,0.95,1.30375
acid,0.03,0.975,1.12676
acid,0.03,1,0.949766
acid,0.04,0,7.80508
acid,0.04,0.025,7.63402
acid,0.04,0.05,7.46297
acid,0.04,0.075,7.29192
acid,0.04,0.1,7.12086
acid,0.04,0.125,6.94981
acid,0.04,0.15,6.77876
acid,0.04,0.175,6.6077
acid,0.04,0.2,6.43665
acid,0.04,0.225,6.26559
acid,0.04,0.25,6.09454
acid,0.04,0.275,5.92349
acid,0.04,0.3,5.75243
acid,0.04,0.325,5.58138
acid,0.04,0.35,5.41033
acid,0.04,0.375,5.23927
acid,0.04,0.4,5.06822
acid,0.04,0.425,4.89717
acid,0.04,0.45,4.72611
acid,0.04,0.475,4.55506
acid,0.04,0.5,4.38401
acid,0.04,0.525,4.21295
acid,0.04,0.55,4.0419
acid,0.04,0.575,3.87084
acid,0.04,0.6,3.69979
acid,0.04,0.625,3.52874
acid,0.04,0.65,3.35768
acid,0.04,0.675,3.18663
acid,0.04,0.7,3.01558
acid,0.04,0.725,2.84452
acid,0.04,0.75,2.67347
acid,0.04,0.775,2.50242
acid,0.04,0.8,2.33136
acid,0.04,0.825,2.16031
acid,0.04,0.85,1.98926
acid,0.04,0.875,1.8182
acid,0.04,0.9,1.64715
acid,0.04,0.925,1.47609
acid,0.04,0.95,1.30504
acid,0.04,0.975,1.13399
acid,0.04,1,0.962934
acid,0.05,0,7.61522
acid,0.05,0.025,7.4492
acid,0.05,0.05,7.28319
acid,0.05,0.075,7.11718
acid,0.05,0.1,6.95116
acid,0.05,0.125,6.78515
acid,0.05,0.15,6.61914
acid,0.05,0.175,6.45312
acid,0.05,0.2,6.28711
acid,0.05,0.225,6.1211
acid,0.05,0.25,5.95508
acid,0.05,0.275,5.78907
acid,0.05,0.3,5.62305
acid,0.05,0.325,5.45704
acid,0.05,0.35,5.29103
acid,0.05,0.375,5.12501
acid,0.05,0.4,4.959
acid,0.05,0.425,4.79299
acid,0.05,0.45,4.62697
acid,0.05,0.475,4.46096
acid,0.05,0.5,4.29495
acid,0.05,0.525,4.12893
acid,0.05,0.55,3.96292
acid,0.05,0.575,3.79691
acid,0.05,0.6,3.63089
acid,0.05,0.625,3.46488
acid,0.05,0.65,3.29886
acid,0.05,0.675,3.13285
acid,0.05,0.7,2.96684
acid,0.05,0.725,2.80082
acid,0.05,0.75,2.63481
acid,0.05,0.775,2.4688
acid,0.05,0.8,2.30278
acid,0.05,0.825,2.13677
acid,0.05,0.85,1.97076
acid,0.05,0.875,1.80474
acid,0.05,0.9,1.63873
acid,0.05,0.925,1.47272
acid,0.05,0.95,1.3067
acid,0.05,0.975,1.14069
acid,0.05,1,0.974674
acid,0.06,0,7.45337
acid,0.06,0.025,7.29166
acid,0.06,0.05,7.12996
acid,0.06,0.075,6.96825
acid,0.06,0.1,6.80655
acid,0.06,0.125,6.64484
acid,0.06,0.15,6.48313
acid,0.06,0.175,6.32143
acid,0.06,0.2,6.15972
acid,0.06,0.225,5.99802
acid,0.06,0.25,5.83631
acid,0.06,0.275,5.67461
acid,0.06,0.3,5.5129
acid,0.06,0.325,5.3512
acid,0.06,0.35,5.18949
acid,0.06,0.375,5.02778
acid,0.06,0.4,4.86608
acid,0.06,0.425,4.70437
acid,0.06,0.45,4.54267
acid,0.06,0.475,4.38096
acid,0.06,0.5,4.21926
acid,0.06,0.525,4.05755
acid,0.06,0.55,3.89585
acid,0.06,0.575,3.73414
acid,0.06,0.6,3.57244
acid,0.06,0.625,3.41073
acid,0.06,0.65,3.24902
acid,0.06,0.675,3.08732
acid,0.06,0.7,2.92561
acid,0.06,0.725,2.76391
acid,0.06,0.75,2.6022
acid,0.06,0.775,2.4405
acid,0.06,0.8,2.27879
acid,0.06,0.825,2.11709
acid,0.06,0.85,1.95538
acid,0.06,0.875,1.79367
acid,0.06,0.9,1.63197
acid,0.06,0.925,1.47026
acid,0.06,0.95,1.30856
acid,0.06,0.975,1.14685
acid,0.06,1,0.985147
acid,0.07,0,7.31423
acid,0.07,0.025,7.15624
acid,0.07,0.05,6.99824
acid,0.07,0.075,6.84025
acid,0.07,0.1,6.68225
acid,0.07,0.125,6.52426
acid,0.07,0.15,6.36626
acid,0.07,0.175,6.20827
acid,0.07,0.2,6.05027
acid,0.07,0.225,5.89228
acid,0.07,0.25,5.73429
acid,0.07,0.275,5.57629
acid,0.07,0.3,5.4183
acid,0.07,0.325,5.2603
acid,0.07,0.35,5.10231
acid,0.07,0.375,4.94431
acid,0.07,0.4,4.78632
acid,0.07,0.425,4.62832
acid,0.07,0.45,4.47033
acid,0.07,0.475,4.31233
acid,0.07,0.5,4.15434
acid,0.07,0.525,3.99634
acid,0.07,0.55,3.83835
acid,0.07,0.575,3.68035
acid,0.07,0.6,3.52236
acid,0.07,0.625,3.36437
acid,0.07,0.65,3.20637
acid,0.07,0.675,3.04838
acid,0.07,0.7,2.89038
acid,0.07,0.725,2.73239
acid,0.07,0.75,2.57439
acid,0.07,0.775,2.4164
acid,0.07,0.8,2.2584
acid,0.07,0.825,2.10041
acid,0.07,0.85,1.94241
acid,0.07,0.875,1.78442
acid,0.07,0.9,1.62642
acid,0.07,0.925,1.46843
acid,0.07,0.95,1.31043
acid,0.07,0.975,1.15244
acid,0.07,1,0.994445
acid,0.08,0,7.19351
acid,0.08,0.025,7.03874
acid,0.08,0.05,6.88397
acid,0.08,0.075,6.7292
acid,0.08,0.1,6.57442
acid,0.08,0.125,6.41965
acid,0.08,0.15,6.26488
acid,0.08,0.175,6.11011
acid,0.08,0.2,5.95534
acid,0.08,0.225,5.80056
acid,0.08,0.25,5.64579
acid,0.08,0.275,5.49102
acid,0.08,0.3,5.33625
acid,0.08,0.325,5.18147
acid,0.08,0.35,5.0267
acid,0.08,0.375,4.87193
acid,0.08,0.4,4.71716
acid,0.08,0.425,4.56238
acid,0.08,0.45,4.40761
acid,0.08,0.475,4.25284
acid,0.08,0.5,4.09807
acid,0.08,0.525,3.9433
acid,0.08,0.55,3.78852
acid,0.08,0.575,3.63375
acid,0.08,0.6,3.47898
acid,0.08,0.625,3.32421
acid,0.08,0.65,3.16943
acid,0.08,0.675,3.01466
acid,0.08,0.7,2.85989
acid,0.08,0.725,2.70512
acid,0.08,0.75,2.55035
acid,0.08,0.775,2.39557
acid,0.08,0.8,2.2408
acid,0.08,0.825,2.08603
acid,0.08,0.85,1.93126
acid,0.08,0.875,1.77648
acid,0.08,0.9,1.62171
acid,0.08,0.925,1.46694
acid,0.08,0.95,1.31217
acid,0.08,0.975,1.15739
acid,0.08,1,1.00262
acid,0.09,0,7.08773
acid,0.09,0.025,6.93578
acid,0.09,0.05,6.78383
acid,0.09,0.075,6.63188
acid,0.09,0.1,6.47993
acid,0.09,0.125,6.32798
acid,0.09,0.15,6.17603
acid,0.09,0.175,6.02408
acid,0.09,0.2,5.87213
acid,0.09,0.225,5.72017
acid,0.09,0.25,5.56822
acid,0.09,0.275,5.41627
acid,0.09,0.3,5.26432
acid,0.09,0.325,5.11237
acid,0.09,0.35,4.96042
acid,0.09,0.375,4.80847
acid,0.09,0.4,4.65652
acid,0.09,0.425,4.50457
acid,0.09,0.45,4.35262
acid,0.09,0.475,4.20067
acid,0.09,0.5,4.04872
acid,0.09,0.525,3.89677
acid,0.09,0.55,3.74482
acid,0.09,0.575,3.59287
acid,0.09,0.6,3.44092
acid,0.09,0.625,3.28897
acid,0.09,0.65,3.13702
acid,0.09,0.675,2.98507
acid,0.09,0.7,2.83312
acid,0.09,0.725,2.68117
acid,0.09,0.75,2.52922
acid,0.09,0.775,2.37727
acid,0.09,0.8,2.22532
acid,0.09,0.825,2.07336
acid,0.09,0.85,1.92141
acid,0.09,0.875,1.76946
acid,0.09,0.9,1.61751
acid,0.09,0.925,1.46556
acid,0.09,0.95,1.31361
acid,0.09,0.975,1.16166
acid,0.09,1,1.00971
acid,0.1,0,6.99405
acid,0.1,0.025,6.84459
acid,0.1,0.05,6.69513
acid,0.1,0.075,6.54568
acid,0.1,0.1,6.39622
acid,0.1,0.125,6.24676
acid,0.1,0.15,6.0973
acid,0.1,0.175,5.94784
acid,0.1,0.2,5.79839
acid,0.1,0.225,5.64893
acid,0.1,0.25,5.49947
acid,0.1,0.275,5.35001
acid,0.1,0.3,5.20056
acid,0.1,0.325,5.0511
acid,0.1,0.35,4.90164
acid,0.1,0.375,4.75218
acid,0.1,0.4,4.60272
acid,0.1,0.425,4.45327
acid,0.1,0.45,4.30381
acid,0.1,0.475,4.15435
acid,0.1,0.5,4.00489
acid,0.1,0.525,3.85544
acid,0.1,0.55,3.70598
acid,0.1,0.575,3.55652
acid,0.1,0.6,3.40706
acid,0.1,0.625,3.2576
acid,0.1,0.65,3.10815
acid,0.1,0.675,2.95869
acid,0.1,0.7,2.80923
acid,0.1,0.725,2.65977
acid,0.1,0.75,2.51032
acid,0.1,0.775,2.36086
acid,0.1,0.8,2.2114
acid,0.1,0.825,2.06194
acid,0.1,0.85,1.91248
acid,0.1,0.875,1.76303
acid,0.1,0.9,1.61357
acid,0.1,0.925,1.46411
acid,0.1,0.95,1.31465
acid,0.1,0.975,1.16519
acid,0.1,1,1.01574
acid,0.11,0,6.91018
acid,0.11,0.025,6.76295
acid,0.11,0.05,6.61571
acid,0.11,0.075,6.46847
acid,0.11,0.1,6.32124
acid,0.11,0.125,6.174
acid,0.11,0.15,6.02676
acid,0.11,0.175,5.87953
acid,0.11,0.2,5.73229
acid,0.11,0.225,5.58505
acid,0.11,0.25,5.43782
acid,0.11,0.275,5.29058
acid,0.11,0.3,5.14334
acid,0.11,0.325,4.99611
acid,0.11,0.35,4.84887
acid,0.11,0.375,4.70163
acid,0.11,0.4,4.5544
acid,0.11,0.425,4.40716
acid,0.11,0.45,4.25992
acid,0.11,0.475,4.11269
acid,0.11,0.5,3.96545
acid,0.11,0.525,3.81821
acid,0.11,0.55,3.67098
acid,0.11,0.575,3.52374
acid,0.11,0.6,3.3765
acid,0.11,0.625,3.22927
acid,0.11,0.65,3.08203
acid,0.11,0.675,2.93479
acid,0.11,0.7,2.78756
acid,0.11,0.725,2.64032
acid,0.11,0.75,2.49308
acid,0.11,0.775,2.34585
acid,0.11,0.8,2.19861
acid,0.11,0.825,2.05137
acid,0.11,0.85,1.90414
acid,0.11,0.875,1.7569
acid,0.11,0.9,1.60966
acid,0.11,0.925,1.46243
acid,0.11,0.95,1.31519
acid,0.11,0.975,1.16795
acid,0.11,1,1.02072
acid,0.12,0,6.83427
acid,0.12,0.025,6.68903
acid,0.12,0.05,6.54379
acid,0.12,0.075,6.39855
acid,0.12,0.1,6.25331
acid,0.12,0.125,6.10807
acid,0.12,0.15,5.96283
acid,0.12,0.175,5.81759
acid,0.12,0.2,5.67235
acid,0.12,0.225,5.52711
acid,0.12,0.25,5.38187
acid,0.12,0.275,5.23663
acid,0.12,0.3,5.09139
acid,0.12,0.325,4.94615
acid,0.12,0.35,4.80091
acid,0.12,0.375,4.65567
acid,0.12,0.4,4.51043
acid,0.12,0.425,4.36519
acid,0.12,0.45,4.21995
acid,0.12,0.475,4.07471
acid,0.12,0.5,3.92947
acid,0.12,0.525,3.78423
acid,0.12,0.55,3.63899
acid,0.12,0.575,3.49375
acid,0.12,0.6,3.34851
acid,0.12,0.625,3.20327
acid,0.12,0.65,3.05803
acid,0.12,0.675,2.91279
acid,0.12,0.7,2.76755
acid,0.12,0.725,2.62231
acid,0.12,0.75,2.47707
acid,0.12,0.775,2.33183
acid,0.12,0.8,2.18659
acid,0.12,0.825,2.04135
acid,0.12,0.85,1.89611
acid,0.12,0.875,1.75087
acid,0.12,0.9,1.60563
acid,0.12,0.925,1.46039
acid,0.12,0.95,1.31515
acid,0.12,0.975,1.16991
acid,0.12,1,1.02467
acid,0.13,0,6.76481
acid,0.13,0.025,6.62138
acid,0.13,0.05,6.47795
acid,0.13,0.075,6.33452
acid,0.13,0.1,6.19109
acid,0.13,0.125,6.04766
acid,0.13,0.15,5.90423
acid,0.13,0.175,5.7608
acid,0.13,0.2,5.61737
acid,0.13,0.225,5.47394
acid,0.13,0.25,5.33051
acid,0.13,0.275,5.18709
acid,0.13,0.3,5.04366
acid,0.13,0.325,4.90023
acid,0.13,0.35,4.7568
acid,0.13,0.375,4.61337
acid,0.13,0.4,4.46994
acid,0.13,0.425,4.32651
acid,0.13,0.45,4.18308
acid,0.13,0.475,4.03965
acid,0.13,0.5,3.89622
acid,0.13,0.525,3.75279
acid,0.13,0.55,3.60936
acid,0.13,0.575,3.46593
acid,0.13,0.6,3.3225
acid,0.13,0.625,3.17907
acid,0.13,0.65,3.03564
acid,0.13,0.675,2.89221
acid,0.13,0.7,2.74878
acid,0.13,0.725,2.60536
acid,0.13,0.75,2.46193
acid,0.13,0.775,2.3185
acid,0.13,0.8,2.17507
acid,0.13,0.825,2.03164
acid,0.13,0.85,1.88821
acid,0.13,0.875,1.74478
acid,0.13,0.9,1.60135
acid,0.13,0.925,1.45792
acid,0.13,0.95,1.31449
acid,0.13,0.975,1.17106
acid,0.13,1,1.02763
acid,0.14,0,6.70057
acid,0.14,0.025,6.5588
acid,0.14,0.05,6.41702
acid,0.14,0.075,6.27525
acid,0.14,0.1,6.13347
acid,0.14,0.125,5.9917
acid,0.14,0.15,5.84993
acid,0.14,0.175,5.70815
acid,0.14,0.2,5.56638
acid,0.14,0.225,5.42461
acid,0.14,0.25,5.28283
acid,0.14,0.275,5.14106
acid,0.14,0.3,4.99928
acid,0.14,0.325,4.85751
acid,0.14,0.35,4.71574
acid,0.14,0.375,4.57396
acid,0.14,0.4,4.43219
acid,0.14,0.425,4.29041
acid,0.14,0.45,4.14864
acid,0.14,0.475,4.00687
acid,0.14,0.5,3.86509
acid,0.14,0.525,3.72332
acid,0.14,0.55,3.58155
acid,0.14,0.575,3.43977
acid,0.14,0.6,3.298
acid,0.14,0.625,3.15622
acid,0.14,0.65,3.01445
acid,0.14,0.675,2.87268
acid,0.14,0.7,2.7309
acid,0.14,0.725,2.58913
acid,0.14,0.75,2.44736
acid,0.14,0.775,2.30558
acid,0.14,0.8,2.16381
acid,0.14,0.825,2.02203
acid,0.14,0.85,1.88026
acid,0.14,0.875,1.73849
acid,0.14,0.9,1.59671
acid,0.14,0.925,1.45494
acid,0.14,0.95,1.31316
acid,0.14,0.975,1.17139
acid,0.14,1,1.02962
acid,0.15,0,6.64056
acid,0.15,0.025,6.50032
acid,0.15,0.05,6.36007
acid,0.15,0.075,6.21982
acid,0.15,0.1,6.07957
acid,0.15,0.125,5.93933
acid,0.15,0.15,5.79908
acid,0.15,0.175,5.65883
acid,0.15,0.2,5.51858
acid,0.15,0.225,5.37834
acid,0.15,0.25,5.23809
acid,0.15,0.275,5.09784
acid,0.15,0.3,4.95759
acid,0.15,0.325,4.81735
acid,0.15,0.35,4.6771
acid,0.15,0.375,4.53685
acid,0.15,0.4,4.3966
acid,0.15,0.425,4.25636
acid,0.15,0.45,4.11611
acid,0.15,0.475,3.97586
acid,0.15,0.5,3.83561
acid,0.15,0.525,3.69537
acid,0.15,0.55,3.55512
acid,0.15,0.575,3.41487
acid,0.15,0.6,3.27462
acid,0.15,0.625,3.13438
acid,0.15,0.65,2.99413
acid,0.15,0.675,2.85388
acid,0.15,0.7,2.71363
acid,0.15,0.725,2.57339
acid,0.15,0.75,2.43314
acid,0.15,0.775,2.29289
acid,0.15,0.8,2.15264
acid,0.15,0.825,2.0124
acid,0.15,0.85,1.87215
acid,0.15,0.875,1.7319
acid,0.15,0.9,1.59165
acid,0.15,0.925,1.45141
acid,0.15,0.95,1.31116
acid,0.15,0.975,1.17091
acid,0.15,1,1.03066
acid,0.16,0,6.58399
acid,0.16,0.025,6.44516
acid,0.16,0.05,6.30633
acid,0.16,0.075,6.1675
acid,0.16,0.1,6.02867
acid,0.16,0.125,5.88984
acid,0.16,0.15,5.75101
acid,0.16,0.175,5.61218
acid,0.16,0.2,5.47335
acid,0.16,0.225,5.33452
acid,0.16,0.25,5.19569
acid,0.16,0.275,5.05686
acid,0.16,0.3,4.91803
acid,0.16,0.325,4.7792
acid,0.16,0.35,4.64037
acid,0.16,0.375,4.50154
acid,0.16,0.4,4.36272
acid,0.16,0.425,4.22389
acid,0.16,0.45,4.08506
acid,0.16,0.475,3.94623
acid,0.16,0.5,3.8074
acid,0.16,0.525,3.66857
acid,0.16,0.55,3.52974
acid,0.16,0.575,3.39091
acid,0.16,0.6,3.25208
acid,0.16,0.625,3.11325
acid,0.16,0.65,2.97442
acid,0.16,0.675,2.83559
acid,0.16,0.7,2.69676
acid,0.16,0.725,2.55793
acid,0.16,0.75,2.4191
acid,0.16,0.775,2.28027
acid,0.16,0.8,2.14144
acid,0.16,0.825,2.00261
acid,0.16,0.85,1.86379
acid,0.16,0.875,1.72496
acid,0.16,0.9,1.58613
acid,0.16,0.925,1.4473
acid,0.16,0.95,1.30847
acid,0.16,0.975,1.16964
acid,0.16,1,1.03081
acid,0.17,0,6.53019
acid,0.17,0.025,6.39269
acid,0.17,0.05,6.25518
acid,0.17,0.075,6.11768
acid,0.17,0.1,5.98018
acid,0.17,0.125,5.84268
acid,0.17,0.15,5.70517
acid,0.17,0.175,5.56767
acid,0.17,0.2,5.43017
acid,0.17,0.225,5.29267
acid,0.17,0.25,5.15516
acid,0.17,0.275,5.01766
acid,0.17,0.3,4.88016
acid,0.17,0.325,4.74266
acid,0.17,0.35,4.60515
acid,0.17,0.375,4.46765
acid,0.17,0.4,4.33015
acid,0.17,0.425,4.19265
acid,0.17,0.45,4.05514
acid,0.17,0.475,3.91764
acid,0.17,0.5,3.78014
acid,0.17,0.525,3.64264
acid,0.17,0.55,3.50513
acid,0.17,0.575,3.36763
acid,0.17,0.6,3.23013
acid,0.17,0.625,3.09263
acid,0.17,0.65,2.95512
acid,0.17,0.675,2.81762
acid,0.17,0.7,2.68012
acid,0.17,0.725,2.54262
acid,0.17,0.75,2.40511
acid,0.17,0.775,2.26761
acid,0.17,0.8,2.13011
acid,0.17,0.825,1.99261
acid,0.17,0.85,1.8551
acid,0.17,0.875,1.7176
acid,0.17,0.9,1.5801
acid,0.17,0.925,1.4426
acid,0.17,0.95,1.30509
acid,0.17,0.975,1.16759
acid,0.17,1,1.03009
acid,0.18,0,6.47864
acid,0.18,0.025,6.34239
acid,0.18,0.05,6.20614
acid,0.18,0.075,6.06988
acid,0.18,0.1,5.93363
acid,0.18,0.125,5.79738
acid,0.18,0.15,5.66113
acid,0.18,0.175,5.52487
acid,0.18,0.2,5.38862
acid,0.18,0.225,5.25237
acid,0.18,0.25,5.11612
acid,0.18,0.275,4.97986
acid,0.18,0.3,4.84361
acid,0.18,0.325,4.70736
acid,0.18,0.35,4.57111
acid,0.18,0.375,4.43485
acid,0.18,0.4,4.2986
acid,0.18,0.425,4.16235
acid,0.18,0.45,4.0261
acid,0.18,0.475,3.88985
acid,0.18,0.5,3.75359
acid,0.18,0.525,3.61734
acid,0.18,0.55,3.48109
acid,0.18,0.575,3.34484
acid,0.18,0.6,3.20858
acid,0.18,0.625,3.07233
acid,0.18,0.65,2.93608
acid,0.18,0.675,2.79983
acid,0.18,0.7,2.66357
acid,0.18,0.725,2.52732
acid,0.18,0.75,2.39107
acid,0.18,0.775,2.25482
acid,0.18,0.8,2.11856
acid,0.18,0.825,1.98231
acid,0.18,0.85,1.84606
acid,0.18,0.875,1.70981
acid,0.18,0.9,1.57355
acid,0.18,0.925,1.4373
acid,0.18,0.95,1.30105
acid,0.18,0.975,1.1648
acid,0.18,1,1.02854
acid,0.19,0,6.42892
acid,0.19,0.025,6.29385
acid,0.19,0.05,6.15878
acid,0.19,0.075,6.02371
acid,0.19,0.1,5.88865
acid,0.19,0.125,5.75358
acid,0.19,0.15,5.61851
acid,0.19,0.175,5.48344
acid,0.19,0.2,5.34838
acid,0.19,0.225,5.21331
acid,0.19,0.25,5.07824
acid,0.19,0.275,4.94317
acid,0.19,0.3,4.80811
acid,0.19,0.325,4.67304
acid,0.19,0.35,4.53797
acid,0.19,0.375,4.40291
acid,0.19,0.4,4.26784
acid,0.19,0.425,4.13277
acid,0.19,0.45,3.9977
acid,0.19,0.475,3.86264
acid,0.19,0.5,3.72757
acid,0.19,0.525,3.5925
acid,0.19,0.55,3.45743
acid,0.19,0.575,3.32237
acid,0.19,0.6,3.1873
acid,0.19,0.625,3.05223
acid,0.19,0.65,2.91716
acid,0.19,0.675,2.7821
acid,0.19,0.7,2.64703
acid,0.19,0.725,2.51196
acid,0.19,0.75,2.37689
acid,0.19,0.775,2.24183
acid,0.19,0.8,2.10676
acid,0.19,0.825,1.97169
acid,0.19,0.85,1.83662
acid,0.19,0.875,1.70156
acid,0.19,0.9,1.56649
acid,0.19,0.925,1.43142
acid,0.19,0.95,1.29636
acid,0.19,0.975,1.16129
acid,0.19,1,1.02622
acid,0.2,0,6.38067
acid,0.2,0.025,6.24673
acid,0.2,0.05,6.11279
acid,0.2,0.075,5.97885
acid,0.2,0.1,5.84492
acid,0.2,0.125,5.71098
acid,0.2,0.15,5.57704
acid,0.2,0.175,5.4431
acid,0.2,0.2,5.30917
acid,0.2,0.225,5.17523
acid,0.2,0.25,5.04129
acid,0.2,0.275,4.90735
acid,0.2,0.3,4.77341
acid,0.2,0.325,4.63948
acid,0.2,0.35,4.50554
acid,0.2,0.375,4.3716
acid,0.2,0.4,4.23766
acid,0.2,0.425,4.10373
acid,0.2,0.45,3.96979
acid,0.2,0.475,3.83585
acid,0.2,0.5,3.70191
acid,0.2,0.525,3.56797
acid,0.2,0.55,3.43404
acid,0.2,0.575,3.3001
acid,0.2,0.6,3.16616
acid,0.2,0.625,3.03222
acid,0.2,0.65,2.89829
acid,0.2,0.675,2.76435
acid,0.2,0.7,2.63041
acid,0.2,0.725,2.49647
acid,0.2,0.75,2.36254
acid,0.2,0.775,2.2286
acid,0.2,0.8,2.09466
acid,0.2,0.825,1.96072
acid,0.2,0.85,1.82678
acid,0.2,0.875,1.69285
acid,0.2,0.9,1.55891
acid,0.2,0.925,1.42497
acid,0.2,0.95,1.29103
acid,0.2,0.975,1.1571
acid,0.2,1,1.02316
acid,0.21,0,6.33361
acid,0.21,0.025,6.20076
acid,0.21,0.05,6.0679
acid,0.21,0.075,5.93505
acid,0.21,0.1,5.80219
acid,0.21,0.125,5.66934
acid,0.21,0.15,5.53648
acid,0.21,0.175,5.40363
acid,0.21,0.2,5.27077
acid,0.21,0.225,5.13792
acid,0.21,0.25,5.00506
acid,0.21,0.275,4.87221
acid,0.21,0.3,4.73935
acid,0.21,0.325,4.60649
acid,0.21,0.35,4.47364
acid,0.21,0.375,4.34078
acid,0.21,0.4,4.20793
acid,0.21,0.425,4.07507
acid,0.21,0.45,3.94222
acid,0.21,0.475,3.80936
acid,0.21,0.5,3.67651
acid,0.21,0.525,3.54365
acid,0.21,0.55,3.4108
acid,0.21,0.575,3.27794
acid,0.21,0.6,3.14509
acid,0.21,0.625,3.01223
acid,0.21,0.65,2.87938
acid,0.21,0.675,2.74652
acid,0.21,0.7,2.61366
acid,0.21,0.725,2.48081
acid,0.21,0.75,2.34795
acid,0.21,0.775,2.2151
acid,0.21,0.8,2.08224
acid,0.21,0.825,1.94939
acid,0.21,0.85,1.81653
acid,0.21,0.875,1.68368
acid,0.21,0.9,1.55082
acid,0.21,0.925,1.41797
acid,0.21,0.95,1.28511
acid,0.21,0.975,1.15226
acid,0.21,1,1.0194
acid,0.22,0,6.28753
acid,0.22,0.025,6.15572
acid,0.22,0.05,6.0239
acid,0.22,0.075,5.89209
acid,0.22,0.1,5.76028
acid,0.22,0.125,5.62846
acid,0.22,0.15,5.49665
acid,0.22,0.175,5.36484
acid,0.22,0.2,5.23302
acid,0.22,0.225,5.10121
acid,0.22,0.25,4.96939
acid,0.22,0.275,4.83758
acid,0.22,0.3,4.70577
acid,0.22,0.325,4.57395
acid,0.22,0.35,4.44214
acid,0.22,0.375,4.31033
acid,0.22,0.4,4.17851
acid,0.22,0.425,4.0467
acid,0.22,0.45,3.91489
acid,0.22,0.475,3.78307
acid,0.22,0.5,3.65126
acid,0.22,0.525,3.51945
acid,0.22,0.55,3.38763
acid,0.22,0.575,3.25582
acid,0.22,0.6,3.12401
acid,0.22,0.625,2.99219
acid,0.22,0.65,2.86038
acid,0.22,0.675,2.72857
acid,0.22,0.7,2.59675
acid,0.22,0.725,2.46494
acid,0.22,0.75,2.33313
acid,0.22,0.775,2.20131
acid,0.22,0.8,2.0695
acid,0.22,0.825,1.93769
acid,0.22,0.85,1.80587
acid,0.22,0.875,1.67406
acid,0.22,0.9,1.54225
acid,0.22,0.925,1.41043
acid,0.22,0.95,1.27862
acid,0.22,0.975,1.14681
acid,0.22,1,1.01499
acid,0.23,0,6.24223
acid,0.23,0.025,6.11142
acid,0.23,0.05,5.98061
acid,0.23,0.075,5.84981
acid,0.23,0.1,5.719
acid,0.23,0.125,5.5882
acid,0.23,0.15,5.45739
acid,0.23,0.175,5.32658
acid,0.23,0.2,5.19578
acid,0.23,0.225,5.06497
acid,0.23,0.25,4.93416
acid,0.23,0.275,4.80336
acid,0.23,0.3,4.67255
acid,0.23,0.325,4.54174
acid,0.23,0.35,4.41094
acid,0.23,0.375,4.28013
acid,0.23,0.4,4.14933
acid,0.23,0.425,4.01852
acid,0.23,0.45,3.88771
acid,0.23,0.475,3.75691
acid,0.23,0.5,3.6261
acid,0.23,0.525,3.49529
acid,0.23,0.55,3.36449
acid,0.23,0.575,3.23368
acid,0.23,0.6,3.10287
acid,0.23,0.625,2.97207
acid,0.23,0.65,2.84126
acid,0.23,0.675,2.71046
acid,0.23,0.7,2.57965
acid,0.23,0.725,2.44884
acid,0.23,0.75,2.31804
acid,0.23,0.775,2.18723
acid,0.23,0.8,2.05642
acid,0.23,0.825,1.92562
acid,0.23,0.85,1.79481
acid,0.23,0.875,1.66401
acid,0.23,0.9,1.5332
acid,0.23,0.925,1.40239
acid,0.23,0.95,1.27159
acid,0.23,0.975,1.14078
acid,0.23,1,1.00997
acid,0.24,0,6.19756
acid,0.24,0.025,6.06773
acid,0.24,0.05,5.9379
acid,0.24,0.075,5.80807
acid,0.24,0.1,5.67824
acid,0.24,0.125,5.54841
acid,0.24,0.15,5.41858
acid,0.24,0.175,5.28875
acid,0.24,0.2,5.15892
acid,0.24,0.225,5.0291
acid,0.24,0.25,4.89927
acid,0.24,0.275,4.76944
acid,0.24,0.3,4.63961
acid,0.24,0.325,4.50978
acid,0.24,0.35,4.37995
acid,0.24,0.375,4.25012
acid,0.24,0.4,4.12029
acid,0.24,0.425,3.99046
acid,0.24,0.45,3.86063
acid,0.24,0.475,3.7308
acid,0.24,0.5,3.60097
acid,0.24,0.525,3.47114
acid,0.24,0.55,3.34131
acid,0.24,0.575,3.21148
acid,0.24,0.6,3.08166
acid,0.24,0.625,2.95183
acid,0.24,0.65,2.822
acid,0.24,0.675,2.69217
acid,0.24,0.7,2.56234
acid,0.24,0.725,2.43251
acid,0.24,0.75,2.30268
acid,0.24,0.775,2.17285
acid,0.24,0.8,2.04302
acid,0.24,0.825,1.91319
acid,0.24,0.85,1.78336
acid,0.24,0.875,1.65353
acid,0.24,0.9,1.5237
acid,0.24,0.925,1.39387
acid,0.24,0.95,1.26404
acid,0.24,0.975,1.13421
acid,0.24,1,1.00439
acid,0.25,0,6.15341
acid,0.25,0.025,6.02453
acid,0.25,0.05,5.89565
acid,0.25,0.075,5.76677
acid,0.25,0.1,5.63789
acid,0.25,0.125,5.50901
acid,0.25,0.15,5.38013
acid,0.25,0.175,5.25126
acid,0.25,0.2,5.12238
acid,0.25,0.225,4.9935
acid,0.25,0.25,4.86462
acid,0.25,0.275,4.73574
acid,0.25,0.3,4.60686
acid,0.25,0.325,4.47799
acid,0.25,0.35,4.34911
acid,0.25,0.375,4.22023
acid,0.25,0.4,4.09135
acid,0.25,0.425,3.96247
acid,0.25,0.45,3.83359
acid,0.25,0.475,3.70471
acid,0.25,0.5,3.57584
acid,0.25,0.525,3.44696
acid,0.25,0.55,3.31808
acid,0.25,0.575,3.1892
acid,0.25,0.6,3.06032
acid,0.25,0.625,2.93144
acid,0.25,0.65,2.80257
acid,0.25,0.675,2.67369
acid,0.25,0.7,2.54481
acid,0.25,0.725,2.41593
acid,0.25,0.75,2.28705
acid,0.25,0.775,2.15817
acid,0.25,0.8,2.0293
acid,0.25,0.825,1.90042
acid,0.25,0.85,1.77154
acid,0.25,0.875,1.64266
acid,0.25,0.9,1.51378
acid,0.25,0.925,1.3849
acid,0.25,0.95,1.25602
acid,0.25,0.975,1.12715
acid,0.25,1,0.998268
acid,0.26,0,6.10967
acid,0.26,0.025,5.98172
acid,0.26,0.05,5.85377
acid,0.26,0.075,5.72582
acid,0.26,0.1,5.59787
acid,0.26,0.125,5.46992
acid,0.26,0.15,5.34196
acid,0.26,0.175,5.21401
acid,0.26,0.2,5.08606
acid,0.26,0.225,4.95811
acid,0.26,0.25,4.83016
acid,0.26,0.275,4.70221
acid,0.26,0.3,4.57426
acid,0.26,0.325,4.44631
acid,0.26,0.35,4.31836
acid,0.26,0.375,4.19041
acid,0.26,0.4,4.06246
acid,0.26,0.425,3.93451
acid,0.26,0.45,3.80656
acid,0.26,0.475,3.67861
acid,0.26,0.5,3.55066
acid,0.26,0.525,3.42271
acid,0.26,0.55,3.29476
acid,0.26,0.575,3.16681
acid,0.26,0.6,3.03886
acid,0.26,0.625,2.91091
acid,0.26,0.65,2.78296
acid,0.26,0.675,2.65501
acid,0.26,0.7,2.52706
acid,0.26,0.725,2.39911
acid,0.26,0.75,2.27116
acid,0.26,0.775,2.14321
acid,0.26,0.8,2.01526
acid,0.26,0.825,1.88731
acid,0.26,0.85,1.75936
acid,0.26,0.875,1.63141
acid,0.26,0.9,1.50346
acid,0.26,0.925,1.37551
acid,0.26,0.95,1.24756
acid,0.26,0.975,1.11961
acid,0.26,1,0.991658
acid,0.27,0,6.06626
acid,0.27,0.025,5.93922
acid,0.27,0.05,5.81218
acid,0.27,0.075,5.68514
acid,0.27,0.1,5.5581
acid,0.27,0.125,5.43105
acid,0.27,0.15,5.30401
acid,0.27,0.175,5.17697
acid,0.27,0.2,5.04993
acid,0.27,0.225,4.92289
acid,0.27,0.25,4.79585
acid,0.27,0.275,4.6688
acid,0.27,0.3,4.54176
acid,0.27,0.325,4.41472
acid,0.27,0.35,4.28768
acid,0.27,0.375,4.16064
acid,0.27,0.4,4.03359
acid,0.27,0.425,3.90655
acid,0.27,0.45,3.77951
acid,0.27,0.475,3.65247
acid,0.27,0.5,3.52543
acid,0.27,0.525,3.39839
acid,0.27,0.55,3.27134
acid,0.27,0.575,3.1443
acid,0.27,0.6,3.01726
acid,0.27,0.625,2.89022
acid,0.27,0.65,2.76318
acid,0.27,0.675,2.63613
acid,0.27,0.7,2.50909
acid,0.27,0.725,2.38205
acid,0.27,0.75,2.25501
acid,0.27,0.775,2.12797
acid,0.27,0.8,2.00093
acid,0.27,0.825,1.87388
acid,0.27,0.85,1.74684
acid,0.27,0.875,1.6198
acid,0.27,0.9,1.49276
acid,0.27,0.925,1.36572
acid,0.27,0.95,1.23868
acid,0.27,0.975,1.11163
acid,0.27,1,0.984592
acid,0.28,0,6.02313
acid,0.28,0.025,5.89698
acid,0.28,0.05,5.77083
acid,0.28,0.075,5.64468
acid,0.28,0.1,5.51853
acid,0.28,0.125,5.39238
acid,0.28,0.15,5.26623
acid,0.28,0.175,5.14008
acid,0.28,0.2,5.01393
acid,0.28,0.225,4.88778
acid,0.28,0.25,4.76162
acid,0.28,0.275,4.63547
acid,0.28,0.3,4.50932
acid,0.28,0.325,4.38317
acid,0.28,0.35,4.25702
acid,0.28,0.375,4.13087
acid,0.28,0.4,4.00472
acid,0.28,0.425,3.87857
acid,0.28,0.45,3.75242
acid,0.28,0.475,3.62627
acid,0.28,0.5,3.50012
acid,0.28,0.525,3.37397
acid,0.28,0.55,3.24782
acid,0.28,0.575,3.12167
acid,0.28,0.6,2.99551
acid,0.28,0.625,2.86936
acid,0.28,0.65,2.74321
acid,0.28,0.675,2.61706
acid,0.28,0.7,2.49091
acid,0.28,0.725,2.36476
acid,0.28,0.75,2.23861
acid,0.28,0.775,2.11246
acid,0.28,0.8,1.98631
acid,0.28,0.825,1.86016
acid,0.28,0.85,1.73401
acid,0.28,0.875,1.60786
acid,0.28,0.9,1.48171
acid,0.28,0.925,1.35556
acid,0.28,0.95,1.2294
acid,0.28,0.975,1.10325
acid,0.28,1,0.977103
acid,0.29,0,5.98022
acid,0.29,0.025,5.85495
acid,0.29,0.05,5.72967
acid,0.29,0.075,5.6044
acid,0.29,0.1,5.47912
acid,0.29,0.125,5.35385
acid,0.29,0.15,5.22857
acid,0.29,0.175,5.1033
acid,0.29,0.2,4.97802
acid,0.29,0.225,4.85275
acid,0.29,0.25,4.72747
acid,0.29,0.275,4.6022
acid,0.29,0.3,4.47692
acid,0.29,0.325,4.35165
acid,0.29,0.35,4.22637
acid,0.29,0.375,4.1011
acid,0.29,0.4,3.97582
acid,0.29,0.425,3.85055
acid,0.29,0.45,3.72527
acid,0.29,0.475,3.6
acid,0.29,0.5,3.47472
acid,0.29,0.525,3.34945
acid,0.29,0.55,3.22417
acid,0.29,0.575,3.0989
acid,0.29,0.6,2.97362
acid,0.29,0.625,2.84835
acid,0.29,0.65,2.72307
acid,0.29,0.675,2.5978
acid,0.29,0.7,2.47252
acid,0.29,0.725,2.34725
acid,0.29,0.75,2.22197
acid,0.29,0.775,2.0967
acid,0.29,0.8,1.97142
acid,0.29,0.825,1.84615
acid,0.29,0.85,1.72087
acid,0.29,0.875,1.5956
acid,0.29,0.9,1.47032
acid,0.29,0.925,1.34505
acid,0.29,0.95,1.21977
acid,0.29,0.975,1.0945
acid,0.29,1,0.969224
acid,0.3,0,5.93749
acid,0.3,0.025,5.81307
acid,0.3,0.05,5.68866
acid,0.3,0.075,5.56425
acid,0.3,0.1,5.43984
acid,0.3,0.125,5.31542
acid,0.3,0.15,5.19101
acid,0.3,0.175,5.0666
acid,0.3,0.2,4.94219
acid,0.3,0.225,4.81777
acid,0.3,0.25,4.69336
acid,0.3,0.275,4.56895
acid,0.3,0.3,4.44454
acid,0.3,0.325,4.32012
acid,0.3,0.35,4.19571
acid,0.3,0.375,4.0713
acid,0.3,0.4,3.94689
acid,0.3,0.425,3.82247
acid,0.3,0.45,3.69806
acid,0.3,0.475,3.57365
acid,0.3,0.5,3.44924
acid,0.3,0.525,3.32482
acid,0.3,0.55,3.20041
acid,0.3,0.575,3.076
acid,0.3,0.6,2.95159
acid,0.3,0.625,2.82717
acid,0.3,0.65,2.70276
acid,0.3,0.675,2.57835
acid,0.3,0.7,2.45394
acid,0.3,0.725,2.32952
acid,0.3,0.75,2.20511
acid,0.3,0.775,2.0807
acid,0.3,0.8,1.95628
acid,0.3,0.825,1.83187
acid,0.3,0.85,1.70746
acid,0.3,0.875,1.58305
acid,0.3,0.9,1.45863
acid,0.3,0.925,1.33422
acid,0.3,0.95,1.20981
acid,0.3,0.975,1.0854
acid,0.3,1,0.960984
acid,0.31,0,5.8949
acid,0.31,0.025,5.77134
acid,0.31,0.05,5.64777
acid,0.31,0.075,5.52421
acid,0.31,0.1,5.40065
acid,0.31,0.125,5.27709
acid,0.31,0.15,5.15352
acid,0.31,0.175,5.02996
acid,0.31,0.2,4.9064
acid,0.31,0.225,4.78284
acid,0.31,0.25,4.65928
acid,0.31,0.275,4.53571
acid,0.31,0.3,4.41215
acid,0.31,0.325,4.28859
acid,0.31,0.35,4.16503
acid,0.31,0.375,4.04147
acid,0.31,0.4,3.9179
acid,0.31,0.425,3.79434
acid,0.31,0.45,3.67078
acid,0.31,0.475,3.54722
acid,0.31,0.5,3.42366
acid,0.31,0.525,3.30009
acid,0.31,0.55,3.17653
acid,0.31,0.575,3.05297
acid,0.31,0.6,2.92941
acid,0.31,0.625,2.80584
acid,0.31,0.65,2.68228
acid,0.31,0.675,2.55872
acid,0.31,0.7,2.43516
acid,0.31,0.725,2.3116
acid,0.31,0.75,2.18803
acid,0.31,0.775,2.06447
acid,0.31,0.8,1.94091
acid,0.31,0.825,1.81735
acid,0.31,0.85,1.69379
acid,0.31,0.875,1.57022
acid,0.31,0.9,1.44666
acid,0.31,0.925,1.3231
acid,0.31,0.95,1.19954
acid,0.31,0.975,1.07597
acid,0.31,1,0.952413
acid,0.32,0,5.85242
acid,0.32,0.025,5.7297
acid,0.32,0.05,5.60698
acid,0.32,0.075,5.48426
acid,0.32,0.1,5.36154
acid,0.32,0.125,5.23881
acid,0.32,0.15,5.11609
acid,0.32,0.175,4.99337
acid,0.32,0.2,4.87065
acid,0.32,0.225,4.74792
acid,0.32,0.25,4.6252
acid,0.32,0.275,4.50248
acid,0.32,0.3,4.37976
acid,0.32,0.325,4.25704
acid,0.32,0.35,4.13431
acid,0.32,0.375,4.01159
acid,0.32,0.4,3.88887
acid,0.32,0.425,3.76615
acid,0.32,0.45,3.64342
acid,0.32,0.475,3.5207
acid,0.32,0.5,3.39798
acid,0.32,0.525,3.27526
acid,0.32,0.55,3.15254
acid,0.32,0.575,3.02981
acid,0.32,0.6,2.90709
acid,0.32,0.625,2.78437
acid,0.32,0.65,2.66165
acid,0.32,0.675,2.53892
acid,0.32,0.7,2.4162
acid,0.32,0.725,2.29348
acid,0.32,0.75,2.17076
acid,0.32,0.775,2.04804
acid,0.32,0.8,1.92531
acid,0.32,0.825,1.80259
acid,0.32,0.85,1.67987
acid,0.32,0.875,1.55715
acid,0.32,0.9,1.43442
acid,0.32,0.925,1.3117
acid,0.32,0.95,1.18898
acid,0.32,0.975,1.06626
acid,0.32,1,0.943535
acid,0.33,0,5.81004
acid,0.33,0.025,5.68815
acid,0.33,0.05,5.56626
acid,0.33,0.075,5.44437
acid,0.33,0.1,5.32248
acid,0.33,0.125,5.20059
acid,0.33,0.15,5.07869
acid,0.33,0.175,4.9568
acid,0.33,0.2,4.83491
acid,0.33,0.225,4.71302
acid,0.33,0.25,4.59113
acid,0.33,0.275,4.46924
acid,0.33,0.3,4.34734
acid,0.33,0.325,4.22545
acid,0.33,0.35,4.10356
acid,0.33,0.375,3.98167
acid,0.33,0.4,3.85978
acid,0.33,0.425,3.73789
acid,0.33,0.45,3.61599
acid,0.33,0.475,3.4941
acid,0.33,0.5,3.37221
acid,0.33,0.525,3.25032
acid,0.33,0.55,3.12843
acid,0.33,0.575,3.00654
acid,0.33,0.6,2.88464
acid,0.33,0.625,2.76275
acid,0.33,0.65,2.64086
acid,0.33,0.675,2.51897
acid,0.33,0.7,2.39708
acid,0.33,0.725,2.27519
acid,0.33,0.75,2.15329
acid,0.33,0.775,2.0314
acid,0.33,0.8,1.90951
acid,0.33,0.825,1.78762
acid,0.33,0.85,1.66573
acid,0.33,0.875,1.54384
acid,0.33,0.9,1.42194
acid,0.33,0.925,1.30005
acid,0.33,0.95,1.17816
acid,0.33,0.975,1.05627
acid,0.33,1,0.934377
acid,0.34,0,5.76774
acid,0.34,0.025,5.64667
acid,0.34,0.05,5.5256
acid,0.34,0.075,5.40453
acid,0.34,0.1,5.28346
acid,0.34,0.125,5.16239
acid,0.34,0.15,5.04132
acid,0.34,0.175,4.92025
acid,0.34,0.2,4.79918
acid,0.34,0.225,4.67812
acid,0.34,0.25,4.55705
acid,0.34,0.275,4.43598
acid,0.34,0.3,4.31491
acid,0.34,0.325,4.19384
acid,0.34,0.35,4.07277
acid,0.34,0.375,3.9517
acid,0.34,0.4,3.83063
acid,0.34,0.425,3.70956
acid,0.34,0.45,3.58849
acid,0.34,0.475,3.46742
acid,0.34,0.5,3.34635
acid,0.34,0.525,3.22528
acid,0.34,0.55,3.10421
acid,0.34,0.575,2.98314
acid,0.34,0.6,2.86207
acid,0.34,0.625,2.741
acid,0.34,0.65,2.61993
acid,0.34,0.675,2.49886
acid,0.34,0.7,2.37779
acid,0.34,0.725,2.25672
acid,0.34,0.75,2.13565
acid,0.34,0.775,2.01459
acid,0.34,0.8,1.89352
acid,0.34,0.825,1.77245
acid,0.34,0.85,1.65138
acid,0.34,0.875,1.53031
acid,0.34,0.9,1.40924
acid,0.34,0.925,1.28817
acid,0.34,0.95,1.1671
acid,0.34,0.975,1.04603
acid,0.34,1,0.92496
acid,0.35,0,5.7255
acid,0.35,0.025,5.60524
acid,0.35,0.05,5.48499
acid,0.35,0.075,5.36473
acid,0.35,0.1,5.24448
acid,0.35,0.125,5.12422
acid,0.35,0.15,5.00397
acid,0.35,0.175,4.88372
acid,0.35,0.2,4.76346
acid,0.35,0.225,4.64321
acid,0.35,0.25,4.52295
acid,0.35,0.275,4.4027
acid,0.35,0.3,4.28244
acid,0.35,0.325,4.16219
acid,0.35,0.35,4.04193
acid,0.35,0.375,3.92168
acid,0.35,0.4,3.80142
acid,0.35,0.425,3.68117
acid,0.35,0.45,3.56091
acid,0.35,0.475,3.44066
acid,0.35,0.5,3.3204
acid,0.35,0.525,3.20015
acid,0.35,0.55,3.07989
acid,0.35,0.575,2.95964
acid,0.35,0.6,2.83938
acid,0.35,0.625,2.71913
acid,0.35,0.65,2.59887
acid,0.35,0.675,2.47862
acid,0.35,0.7,2.35836
acid,0.35,0.725,2.23811
acid,0.35,0.75,2.11785
acid,0.35,0.775,1.9976
acid,0.35,0.8,1.87734
acid,0.35,0.825,1.75709
acid,0.35,0.85,1.63683
acid,0.35,0.875,1.51658
acid,0.35,0.9,1.39632
acid,0.35,0.925,1.27607
acid,0.35,0.95,1.15581
acid,0.35,0.975,1.03556
acid,0.35,1,0.915305
acid,0.36,0,5.68331
acid,0.36,0.025,5.56386
acid,0.36,0.05,5.44441
acid,0.36,0.075,5.32497
acid,0.36,0.1,5.20552
acid,0.36,0.125,5.08607
acid,0.36,0.15,4.96663
acid,0.36,0.175,4.84718
acid,0.36,0.2,4.72773
acid,0.36,0.225,4.60829
acid,0.36,0.25,4.48884
acid,0.36,0.275,4.36939
acid,0.36,0.3,4.24994
acid,0.36,0.325,4.1305
acid,0.36,0.35,4.01105
acid,0.36,0.375,3.8916
acid,0.36,0.4,3.77216
acid,0.36,0.425,3.65271
acid,0.36,0.45,3.53326
acid,0.36,0.475,3.41382
acid,0.36,0.5,3.29437
acid,0.36,0.525,3.17492
acid,0.36,0.55,3.05548
acid,0.36,0.575,2.93603
acid,0.36,0.6,2.81658
acid,0.36,0.625,2.69714
acid,0.36,0.65,2.57769
acid,0.36,0.675,2.45824
acid,0.36,0.7,2.33879
acid,0.36,0.725,2.21935
acid,0.36,0.75,2.0999
acid,0.36,0.775,1.98045
acid,0.36,0.8,1.86101
acid,0.36,0.825,1.74156
acid,0.36,0.85,1.62211
acid,0.36,0.875,1.50267
acid,0.36,0.9,1.38322
acid,0.36,0.925,1.26377
acid,0.36,0.95,1.14433
acid,0.36,0.975,1.02488
acid,0.36,1,0.905433
acid,0.37,0,5.64115
acid,0.37,0.025,5.52251
acid,0.37,0.05,5.40386
acid,0.37,0.075,5.28522
acid,0.37,0.1,5.16658
acid,0.37,0.125,5.04793
acid,0.37,0.15,4.92929
acid,0.37,0.175,4.81064
acid,0.37,0.2,4.692
acid,0.37,0.225,4.57335
acid,0.37,0.25,4.45471
acid,0.37,0.275,4.33606
acid,0.37,0.3,4.21742
acid,0.37,0.325,4.09877
acid,0.37,0.35,3.98013
acid,0.37,0.375,3.86148
acid,0.37,0.4,3.74284
acid,0.37,0.425,3.62419
acid,0.37,0.45,3.50555
acid,0.37,0.475,3.3869
acid,0.37,0.5,3.26826
acid,0.37,0.525,3.14961
acid,0.37,0.55,3.03097
acid,0.37,0.575,2.91232
acid,0.37,0.6,2.79368
acid,0.37,0.625,2.67503
acid,0.37,0.65,2.55639
acid,0.37,0.675,2.43774
acid,0.37,0.7,2.3191
acid,0.37,0.725,2.20045
acid,0.37,0.75,2.08181
acid,0.37,0.775,1.96316
acid,0.37,0.8,1.84452
acid,0.37,0.825,1.72587
acid,0.37,0.85,1.60723
acid,0.37,0.875,1.48859
acid,0.37,0.9,1.36994
acid,0.37,0.925,1.2513
acid,0.37,0.95,1.13265
acid,0.37,0.975,1.01401
acid,0.37,1,0.895361
acid,0.38,0,5.59903
acid,0.38,0.025,5.48119
acid,0.38,0.05,5.36334
acid,0.38,0.075,5.24549
acid,0.38,0.1,5.12764
acid,0.38,0.125,5.00979
acid,0.38,0.15,4.89195
acid,0.38,0.175,4.7741
acid,0.38,0.2,4.65625
acid,0.38,0.225,4.5384
acid,0.38,0.25,4.42055
acid,0.38,0.275,4.3027
acid,0.38,0.3,4.18486
acid,0.38,0.325,4.06701
acid,0.38,0.35,3.94916
acid,0.38,0.375,3.83131
acid,0.38,0.4,3.71346
acid,0.38,0.425,3.59561
acid,0.38,0.45,3.47777
acid,0.38,0.475,3.35992
acid,0.38,0.5,3.24207
acid,0.38,0.525,3.12422
acid,0.38,0.55,3.00637
acid,0.38,0.575,2.88853
acid,0.38,0.6,2.77068
acid,0.38,0.625,2.65283
acid,0.38,0.65,2.53498
acid,0.38,0.675,2.41713
acid,0.38,0.7,2.29928
acid,0.38,0.725,2.18144
acid,0.38,0.75,2.06359
acid,0.38,0.775,1.94574
acid,0.38,0.8,1.82789
acid,0.38,0.825,1.71004
acid,0.38,0.85,1.5922
acid,0.38,0.875,1.47435
acid,0.38,0.9,1.3565
acid,0.38,0.925,1.23865
acid,0.38,0.95,1.1208
acid,0.38,0.975,1.00295
acid,0.38,1,0.885106
acid,0.39,0,5.55694
acid,0.39,0.025,5.43988
acid,0.39,0.05,5.32283
acid,0.39,0.075,5.20577
acid,0.39,0.1,5.08871
acid,0.39,0.125,4.97166
acid,0.39,0.15,4.8546
acid,0.39,0.175,4.73755
acid,0.39,0.2,4.62049
acid,0.39,0.225,4.50343
acid,0.39,0.25,4.38638
acid,0.39,0.275,4.26932
acid,0.39,0.3,4.15226
acid,0.39,0.325,4.03521
acid,0.39,0.35,3.91815
acid,0.39,0.375,3.80109
acid,0.39,0.4,3.68404
acid,0.39,0.425,3.56698
acid,0.39,0.45,3.44992
acid,0.39,0.475,3.33287
acid,0.39,0.5,3.21581
acid,0.39,0.525,3.09876
acid,0.39,0.55,2.9817
acid,0.39,0.575,2.86464
acid,0.39,0.6,2.74759
acid,0.39,0.625,2.63053
acid,0.39,0.65,2.51347
acid,0.39,0.675,2.39642
acid,0.39,0.7,2.27936
acid,0.39,0.725,2.1623
acid,0.39,0.75,2.04525
acid,0.39,0.775,1.92819
acid,0.39,0.8,1.81114
acid,0.39,0.825,1.69408
acid,0.39,0.85,1.57702
acid,0.39,0.875,1.45997
acid,0.39,0.9,1.34291
acid,0.39,0.925,1.22585
acid,0.39,0.95,1.1088
acid,0.39,0.975,0.99174
acid,0.39,1,0.874684
acid,0.4,0,5.51487
acid,0.4,0.025,5.3986
acid,0.4,0.05,5.28233
acid,0.4,0.075,5.16606
acid,0.4,0.1,5.04979
acid,0.4,0.125,4.93352
acid,0.4,0.15,4.81725
acid,0.4,0.175,4.70098
acid,0.4,0.2,4.58472
acid,0.4,0.225,4.46845
acid,0.4,0.25,4.35218
acid,0.4,0.275,4.23591
acid,0.4,0.3,4.11964
acid,0.4,0.325,4.00337
acid,0.4,0.35,3.8871
acid,0.4,0.375,3.77083
acid,0.4,0.4,3.65456
acid,0.4,0.425,3.53829
acid,0.4,0.45,3.42203
acid,0.4,0.475,3.30576
acid,0.4,0.5,3.18949
acid,0.4,0.525,3.07322
acid,0.4,0.55,2.95695
acid,0.4,0.575,2.84068
acid,0.4,0.6,2.72441
acid,0.4,0.625,2.60814
acid,0.4,0.65,2.49187
acid,0.4,0.675,2.37561
acid,0.4,0.7,2.25934
acid,0.4,0.725,2.14307
acid,0.4,0.75,2.0268
acid,0.4,0.775,1.91053
acid,0.4,0.8,1.79426
acid,0.4,0.825,1.67799
acid,0.4,0.85,1.56172
acid,0.4,0.875,1.44545
acid,0.4,0.9,1.32918
acid,0.4,0.925,1.21292
acid,0.4,0.95,1.09665
acid,0.4,0.975,0.980377
acid,0.4,1,0.864108
acid,0.41,0,5.47281
acid,0.41,0.025,5.35733
acid,0.41,0.05,5.24184
acid,0.41,0.075,5.12636
acid,0.41,0.1,5.01087
acid,0.41,0.125,4.89538
acid,0.41,0.15,4.7799
acid,0.41,0.175,4.66441
acid,0.41,0.2,4.54893
acid,0.41,0.225,4.43344
acid,0.41,0.25,4.31796
acid,0.41,0.275,4.20247
acid,0.41,0.3,4.08699
acid,0.41,0.325,3.9715
acid,0.41,0.35,3.85602
acid,0.41,0.375,3.74053
acid,0.41,0.4,3.62504
acid,0.41,0.425,3.50956
acid,0.41,0.45,3.39407
acid,0.41,0.475,3.27859
acid,0.41,0.5,3.1631
acid,0.41,0.525,3.04762
acid,0.41,0.55,2.93213
acid,0.41,0.575,2.81665
acid,0.41,0.6,2.70116
acid,0.41,0.625,2.58567
acid,0.41,0.65,2.47019
acid,0.41,0.675,2.3547
acid,0.41,0.7,2.23922
acid,0.41,0.725,2.12373
acid,0.41,0.75,2.00825
acid,0.41,0.775,1.89276
acid,0.41,0.8,1.77728
acid,0.41,0.825,1.66179
acid,0.41,0.85,1.54631
acid,0.41,0.875,1.43082
acid,0.41,0.9,1.31533
acid,0.41,0.925,1.19985
acid,0.41,0.95,1.08436
acid,0.41,0.975,0.968878
acid,0.41,1,0.853392
acid,0.42,0,5.43077
acid,0.42,0.025,5.31606
acid,0.42,0.05,5.20136
acid,0.42,0.075,5.08665
acid,0.42,0.1,4.97195
acid,0.42,0.125,4.85724
acid,0.42,0.15,4.74254
acid,0.42,0.175,4.62783
acid,0.42,0.2,4.51313
acid,0.42,0.225,4.39842
acid,0.42,0.25,4.28371
acid,0.42,0.275,4.16901
acid,0.42,0.3,4.0543
acid,0.42,0.325,3.9396
acid,0.42,0.35,3.82489
acid,0.42,0.375,3.71019
acid,0.42,0.4,3.59548
acid,0.42,0.425,3.48078
acid,0.42,0.45,3.36607
acid,0.42,0.475,3.25136
acid,0.42,0.5,3.13666
acid,0.42,0.525,3.02195
acid,0.42,0.55,2.90725
acid,0.42,0.575,2.79254
acid,0.42,0.6,2.67784
acid,0.42,0.625,2.56313
acid,0.42,0.65,2.44843
acid,0.42,0.675,2.33372
acid,0.42,0.7,2.21901
acid,0.42,0.725,2.10431
acid,0.42,0.75,1.9896
acid,0.42,0.775,1.8749
acid,0.42,0.8,1.76019
acid,0.42,0.825,1.64549
acid,0.42,0.85,1.53078
acid,0.42,0.875,1.41608
acid,0.42,0.9,1.30137
acid,0.42,0.925,1.18666
acid,0.42,0.95,1.07196
acid,0.42,0.975,0.957254
acid,0.42,1,0.842548
acid,0.43,0,5.38874
acid,0.43,0.025,5.27481
acid,0.43,0.05,5.16088
acid,0.43,0.075,5.04695
acid,0.43,0.1,4.93302
acid,0.43,0.125,4.8191
acid,0.43,0.15,4.70517
acid,0.43,0.175,4.59124
acid,0.43,0.2,4.47731
acid,0.43,0.225,4.36338
acid,0.43,0.25,4.24945
acid,0.43,0.275,4.13552
acid,0.43,0.3,4.02159
acid,0.43,0.325,3.90766
acid,0.43,0.35,3.79374
acid,0.43,0.375,3.67981
acid,0.43,0.4,3.56588
acid,0.43,0.425,3.45195
acid,0.43,0.45,3.33802
acid,0.43,0.475,3.22409
acid,0.43,0.5,3.11016
acid,0.43,0.525,2.99623
acid,0.43,0.55,2.88231
acid,0.43,0.575,2.76838
acid,0.43,0.6,2.65445
acid,0.43,0.625,2.54052
acid,0.43,0.65,2.42659
acid,0.43,0.675,2.31266
acid,0.43,0.7,2.19873
acid,0.43,0.725,2.0848
acid,0.43,0.75,1.97088
acid,0.43,0.775,1.85695
acid,0.43,0.8,1.74302
acid,0.43,0.825,1.62909
acid,0.43,0.85,1.51516
acid,0.43,0.875,1.40123
acid,0.43,0.9,1.2873
acid,0.43,0.925,1.17337
acid,0.43,0.95,1.05944
acid,0.43,0.975,0.945516
acid,0.43,1,0.831587
acid,0.44,0,5.34672
acid,0.44,0.025,5.23356
acid,0.44,0.05,5.12041
acid,0.44,0.075,5.00725
acid,0.44,0.1,4.8941
acid,0.44,0.125,4.78094
acid,0.44,0.15,4.66779
acid,0.44,0.175,4.55463
acid,0.44,0.2,4.44148
acid,0.44,0.225,4.32832
acid,0.44,0.25,4.21517
acid,0.44,0.275,4.10201
acid,0.44,0.3,3.98886
acid,0.44,0.325,3.8757
acid,0.44,0.35,3.76255
acid,0.44,0.375,3.64939
acid,0.44,0.4,3.53624
acid,0.44,0.425,3.42308
acid,0.44,0.45,3.30993
acid,0.44,0.475,3.19677
acid,0.44,0.5,3.08362
acid,0.44,0.525,2.97046
acid,0.44,0.55,2.85731
acid,0.44,0.575,2.74415
acid,0.44,0.6,2.631
acid,0.44,0.625,2.51784
acid,0.44,0.65,2.40469
acid,0.44,0.675,2.29153
acid,0.44,0.7,2.17838
acid,0.44,0.725,2.06522
acid,0.44,0.75,1.95207
acid,0.44,0.775,1.83891
acid,0.44,0.8,1.72576
acid,0.44,0.825,1.6126
acid,0.44,0.85,1.49945
acid,0.44,0.875,1.38629
acid,0.44,0.9,1.27314
acid,0.44,0.925,1.15998
acid,0.44,0.95,1.04683
acid,0.44,0.975,0.933674
acid,0.44,1,0.820519
acid,0.45,0,5.3047
acid,0.45,0.025,5.19232
acid,0.45,0.05,5.07993
acid,0.45,0.075,4.96755
acid,0.45,0.1,4.85517
acid,0.45,0.125,4.74278
acid,0.45,0.15,4.6304
acid,0.45,0.175,4.51802
acid,0.45,0.2,4.40563
acid,0.45,0.225,4.29325
acid,0.45,0.25,4.18086
acid,0.45,0.275,4.06848
acid,0.45,0.3,3.9561
acid,0.45,0.325,3.84371
acid,0.45,0.35,3.73133
acid,0.45,0.375,3.61895
acid,0.45,0.4,3.50656
acid,0.45,0.425,3.39418
acid,0.45,0.45,3.28179
acid,0.45,0.475,3.16941
acid,0.45,0.5,3.05703
acid,0.45,0.525,2.94464
acid,0.45,0.55,2.83226
acid,0.45,0.575,2.71988
acid,0.45,0.6,2.60749
acid,0.45,0.625,2.49511
acid,0.45,0.65,2.38272
acid,0.45,0.675,2.27034
acid,0.45,0.7,2.15796
acid,0.45,0.725,2.04557
acid,0.45,0.75,1.93319
acid,0.45,0.775,1.82081
acid,0.45,0.8,1.70842
acid,0.45,0.825,1.59604
acid,0.45,0.85,1.48365
acid,0.45,0.875,1.37127
acid,0.45,0.9,1.25889
acid,0.45,0.925,1.1465
acid,0.45,0.95,1.03412
acid,0.45,0.975,0.921736
acid,0.45,1,0.809353
acid,0.46,0,5.26269
acid,0.46,0.025,5.15108
acid,0.46,0.05,5.03946
acid,0.46,0.075,4.92785
acid,0.46,0.1,4.81623
acid,0.46,0.125,4.70462
acid,0.46,0.15,4.593
acid,0.46,0.175,4.48139
acid,0.46,0.2,4.36977
acid,0.46,0.225,4.25816
acid,0.46,0.25,4.14654
acid,0.46,0.275,4.03493
acid,0.46,0.3,3.92331
acid,0.46,0.325,3.8117
acid,0.46,0.35,3.70008
acid,0.46,0.375,3.58847
acid,0.46,0.4,3.47685
acid,0.46,0.425,3.36524
acid,0.46,0.45,3.25363
acid,0.46,0.475,3.14201
acid,0.46,0.5,3.0304
acid,0.46,0.525,2.91878
acid,0.46,0.55,2.80717
acid,0.46,0.575,2.69555
acid,0.46,0.6,2.58394
acid,0.46,0.625,2.47232
acid,0.46,0.65,2.36071
acid,0.46,0.675,2.24909
acid,0.46,0.7,2.13748
acid,0.46,0.725,2.02586
acid,0.46,0.75,1.91425
acid,0.46,0.775,1.80263
acid,0.46,0.8,1.69102
acid,0.46,0.825,1.5794
acid,0.46,0.85,1.46779
acid,0.46,0.875,1.35617
acid,0.46,0.9,1.24456
acid,0.46,0.925,1.13294
acid,0.46,0.95,1.02133
acid,0.46,0.975,0.909712
acid,0.46,1,0.798097
acid,0.47,0,5.22069
acid,0.47,0.025,5.10984
acid,0.47,0.05,4.99899
acid,0.47,0.075,4.88814
acid,0.47,0.1,4.7773
acid,0.47,0.125,4.66645
acid,0.47,0.15,4.5556
acid,0.47,0.175,4.44475
acid,0.47,0.2,4.3339
acid,0.47,0.225,4.22306
acid,0.47,0.25,4.11221
acid,0.47,0.275,4.00136
acid,0.47,0.3,3.89051
acid,0.47,0.325,3.77966
acid,0.47,0.35,3.66881
acid,0.47,0.375,3.55797
acid,0.47,0.4,3.44712
acid,0.47,0.425,3.33627
acid,0.47,0.45,3.22542
acid,0.47,0.475,3.11457
acid,0.47,0.5,3.00372
acid,0.47,0.525,2.89288
acid,0.47,0.55,2.78203
acid,0.47,0.575,2.67118
acid,0.47,0.6,2.56033
acid,0.47,0.625,2.44948
acid,0.47,0.65,2.33864
acid,0.47,0.675,2.22779
acid,0.47,0.7,2.11694
acid,0.47,0.725,2.00609
acid,0.47,0.75,1.89524
acid,0.47,0.775,1.78439
acid,0.47,0.8,1.67355
acid,0.47,0.825,1.5627
acid,0.47,0.85,1.45185
acid,0.47,0.875,1.341
acid,0.47,0.9,1.23015
acid,0.47,0.925,1.1193
acid,0.47,0.95,1.00846
acid,0.47,0.975,0.897608
acid,0.47,1,0.78676
acid,0.48,0,5.17869
acid,0.48,0.025,5.06861
acid,0.48,0.05,4.95852
acid,0.48,0.075,4.84844
acid,0.48,0.1,4.73835
acid,0.48,0.125,4.62827
acid,0.48,0.15,4.51819
acid,0.48,0.175,4.4081
acid,0.48,0.2,4.29802
acid,0.48,0.225,4.18794
acid,0.48,0.25,4.07785
acid,0.48,0.275,3.96777
acid,0.48,0.3,3.85769
acid,0.48,0.325,3.7476
acid,0.48,0.35,3.63752
acid,0.48,0.375,3.52744
acid,0.48,0.4,3.41735
acid,0.48,0.425,3.30727
acid,0.48,0.45,3.19719
acid,0.48,0.475,3.0871
acid,0.48,0.5,2.97702
acid,0.48,0.525,2.86694
acid,0.48,0.55,2.75685
acid,0.48,0.575,2.64677
acid,0.48,0.6,2.53668
acid,0.48,0.625,2.4266
acid,0.48,0.65,2.31652
acid,0.48,0.675,2.20643
acid,0.48,0.7,2.09635
acid,0.48,0.725,1.98627
acid,0.48,0.75,1.87618
acid,0.48,0.775,1.7661
acid,0.48,0.8,1.65602
acid,0.48,0.825,1.54593
acid,0.48,0.85,1.43585
acid,0.48,0.875,1.32577
acid,0.48,0.9,1.21568
acid,0.48,0.925,1.1056
acid,0.48,0.95,0.995516
acid,0.48,0.975,0.885432
acid,0.48,1,0.775349
acid,0.49,0,5.13669
acid,0.49,0.025,5.02737
acid,0.49,0.05,4.91805
acid,0.49,0.075,4.80873
acid,0.49,0.1,4.69941
acid,0.49,0.125,4.59009
acid,0.49,0.15,4.48077
acid,0.49,0.175,4.37145
acid,0.49,0.2,4.26213
acid,0.49,0.225,4.15281
acid,0.49,0.25,4.04349
acid,0.49,0.275,3.93417
acid,0.49,0.3,3.82484
acid,0.49,0.325,3.71552
acid,0.49,0.35,3.6062
acid,0.49,0.375,3.49688
acid,0.49,0.4,3.38756
acid,0.49,0.425,3.27824
acid,0.49,0.45,3.16892
acid,0.49,0.475,3.0596
acid,0.49,0.5,2.95028
acid,0.49,0.525,2.84096
acid,0.49,0.55,2.73164
acid,0.49,0.575,2.62232
acid,0.49,0.6,2.513
acid,0.49,0.625,2.40368
acid,0.49,0.65,2.29436
acid,0.49,0.675,2.18504
acid,0.49,0.7,2.07572
acid,0.49,0.725,1.9664
acid,0.49,0.75,1.85708
acid,0.49,0.775,1.74775
acid,0.49,0.8,1.63843
acid,0.49,0.825,1.52911
acid,0.49,0.85,1.41979
acid,0.49,0.875,1.31047
acid,0.49,0.9,1.20115
acid,0.49,0.925,1.09183
acid,0.49,0.95,0.982511
acid,0.49,0.975,0.87319
acid,0.49,1,0.76387
acid,0.5,0,5.0947
acid,0.5,0.025,4.98614
acid,0.5,0.05,4.87758
acid,0.5,0.075,4.76902
acid,0.5,0.1,4.66046
acid,0.5,0.125,4.5519
acid,0.5,0.15,4.44334
acid,0.5,0.175,4.33478
acid,0.5,0.2,4.22622
acid,0.5,0.225,4.11766
acid,0.5,0.25,4.0091
acid,0.5,0.275,3.90055
acid,0.5,0.3,3.79199
acid,0.5,0.325,3.68343
acid,0.5,0.35,3.57487
acid,0.5,0.375,3.46631
acid,0.5,0.4,3.35775
acid,0.5,0.425,3.24919
acid,0.5,0.45,3.14063
acid,0.5,0.475,3.03207
acid,0.5,0.5,2.92351
acid,0.5,0.525,2.81495
acid,0.5,0.55,2.70639
acid,0.5,0.575,2.59784
acid,0.5,0.6,2.48928
acid,0.5,0.625,2.38072
acid,0.5,0.65,2.27216
acid,0.5,0.675,2.1636
acid,0.5,0.7,2.05504
acid,0.5,0.725,1.94648
acid,0.5,0.75,1.83792
acid,0.5,0.775,1.72936
acid,0.5,0.8,1.6208
acid,0.5,0.825,1.51224
acid,0.5,0.85,1.40368
acid,0.5,0.875,1.29512
acid,0.5,0.9,1.18657
acid,0.5,0.925,1.07801
acid,0.5,0.95,0.969447
acid,0.5,0.975,0.860888
acid,0.5,1,0.752329
